service,total_logs,error_count,fatal_count,warn_count,error_rate,avg_severity,logs_per_second
auth,17,1,0,2,0.02764105410936747,0.283028209875085,0.05654674676351408
auth,16,1,0,2,0.04396172300088649,0.06083076281065174,0.19883086746250564
payments,39,1,0,2,0.04728251060659291,0.2703246542970932,0.596243934279083
auth,19,1,0,1,0.0047612378427488115,0.12116613519708141,0.263683900507262
database,13,1,0,0,0.00644967617406266,0.2856884490356454,0.3035325563743707
auth,12,1,0,1,0.09558117431743746,0.1975071276555888,0.2508116451053428
payments,34,3,0,3,0.019552751957218766,0.33798015090904165,0.4789792113138286
payments,29,2,0,5,0.12088367537952813,0.32428826917806997,0.4497041599943384
database,26,0,0,2,0.05547057953555819,0.10509444254813077,0.22869445868740587
auth,23,0,0,2,0.06973257703179157,0.17499614347313125,0.39928636382912774
payments,10,3,0,5,0.11239730327136516,0.3792213127411561,0.2202631437310273
auth,22,0,0,3,0.07501548237949218,0.013299675240684428,0.12104743264242653
auth,13,1,0,0,0.07444883899492663,0.21747394285570296,0.25059268528732215
database,24,0,0,4,0.0770766929630358,0.0217073046570936,0.39173819076387206
database,6,1,0,3,0.0037782911732374027,0.17502493773582997,0.15458271305008836
database,8,0,0,1,0.034136392064410215,0.010913302447166994,0.16614541867160398
api_gateway,38,1,0,0,0.05266736751127201,0.2412441249122067,0.28892877442189724
database,15,1,0,1,0.030923380013824053,0.1332367698345139,0.21842124292417528
auth,21,0,0,3,0.06468602240172217,0.11652235016158556,0.32649844326583355
auth,11,0,0,2,0.05118277606625546,0.23424775002327844,0.24303189697500552
auth,17,0,0,2,0.09326170171703338,0.06607408212941154,0.07560112073260752
database,28,1,0,2,0.013347063331329947,0.03804910874694388,0.41735004986272123
api_gateway,38,1,0,0,0.038792069830642116,0.1690870953801625,0.5659349168791702
api_gateway,46,2,0,3,0.07040940112520787,0.1581468941197397,0.4262346041129461
payments,22,2,0,5,0.07127562990339424,0.257420849194967,0.15562309645745223
auth,12,0,0,2,0.018297338341486946,0.2272025342017654,0.20419578352624895
api_gateway,24,0,0,0,0.02200182649172076,0.050854510667158515,0.4150708580591278
auth,5,0,0,2,0.024068490922334086,0.10141272479911193,0.33397560916945723
payments,13,2,0,2,0.039376543572474845,0.2426878319128928,0.3848170788212541
auth,16,1,0,0,0.022941867651571336,0.036821795863292685,0.38766185839126466
payments,12,0,0,3,0.06701582382594103,0.0021296762284257033,0.17287689971129377
api_gateway,25,1,0,2,0.008995678672067449,0.16815279321098286,0.1663204272812593
api_gateway,13,0,0,3,0.004526572718020097,0.09560221462169458,0.3877361238318964
payments,39,1,0,1,0.029466197283417876,0.2302080867864496,0.3300848877765813
api_gateway,8,0,0,2,0.0012200304404500794,0.010561527396953319,0.45014840740450435
payments,38,3,0,0,0.11568372229356054,0.27045671544058286,0.37110829994398237
database,6,0,0,6,0.0018581370768894169,0.11640380167267649,0.14134302985240607
database,15,1,0,1,0.05263796602121695,0.2016868875424157,0.2844245050136471
payments,5,2,0,1,0.0833806221298439,0.11338445970563167,0.16457982077302183
payments,29,0,0,4,0.04716511587171081,0.2637960232498337,0.41449733285249774
auth,9,0,0,0,0.07957277149698383,0.17143456972442359,0.15916852271634496
auth,19,0,0,1,0.03858553767217361,0.05121962283391489,0.27229659685222773
database,5,0,0,2,0.07262896697387984,0.31684972991267357,0.28017947504900137
auth,19,0,0,3,0.05469348524482109,0.112589422611936,0.18167333533989682
auth,7,0,0,1,0.007880669804540741,0.17430487087448085,0.10936273352407153
database,27,1,0,3,0.04305588626574606,0.3370404190099508,0.0962642026785228
payments,25,0,0,3,0.08486209598267189,0.21474728718824088,0.2877248915200732
api_gateway,25,0,0,3,0.020982774092249194,0.0029396497881991335,0.7657439667789756
database,13,0,0,1,0.07443932975011475,0.06412905341687403,0.06321265948728523
api_gateway,30,0,0,0,0.018143190430565507,0.09295108997252913,0.7895115175565813
auth,19,1,0,1,0.03507532147493549,0.16185107713500183,0.09852981571570758
database,19,0,0,5,0.07728930579942038,0.10701081800549023,0.12640699272589068
database,7,1,0,0,0.014889779562300483,0.04084561894827283,0.052993254856635065
api_gateway,25,0,0,2,0.046346464533625176,0.05666591048305064,0.45696157626655487
payments,21,3,0,2,0.05524432014835643,0.1948064162064958,0.23500279153604037
api_gateway,37,2,0,1,0.06041012445287401,0.14047574958873726,0.4011454848552217
auth,10,1,0,2,0.09414256718178798,0.23646153332148936,0.08904357613108402
api_gateway,33,2,0,0,0.0511376111451737,0.24120529494751525,0.3971508260459483
api_gateway,30,1,0,1,0.023321083637531492,0.23903654578277295,0.11916839688232084
payments,26,3,0,1,3.61507027701824e-05,0.2312919144678055,0.5323054125289658
database,24,1,0,4,0.014351228207169503,0.28110107415514063,0.4001657729623378
auth,20,1,0,3,0.0525631914599504,0.24289569962113555,0.31334751257142845
payments,33,1,0,5,0.019359768724359443,0.27498592161989127,0.4068108154801598
auth,19,0,0,1,0.07294439883265498,0.11183311373678602,0.20860271710848247
database,5,1,0,0,0.0711021620402358,0.3180465834688776,0.09392147056950759
api_gateway,45,2,0,3,0.06750600016802784,0.2441560906334061,0.3635075357583918
api_gateway,24,0,0,3,0.021954380558546482,0.12048118748694023,0.17913297975621612
database,12,0,0,3,0.00785012772695123,0.08992370276795363,0.4010253109919494
payments,27,1,0,0,0.039403996482000776,0.052864711010009474,0.4500108624817626
auth,11,0,0,2,0.027402469403848585,0.1304807701090227,0.07816052973473743
auth,11,0,0,2,0.0327726956682071,0.29467782236121076,0.22707411529064936
payments,37,2,0,5,0.008964341126757662,0.18179309318214268,0.5851375592311677
auth,16,1,0,2,0.08786215968075725,0.037957702894673394,0.33767523462718374
database,22,1,0,1,0.06846717003959356,0.25306270320074836,0.29876393687593567
api_gateway,21,0,0,1,0.005801177348797469,0.20332173912292423,0.6310084583097749
payments,7,2,0,0,0.09045207950468823,0.15485220358845933,0.07711059946309244
payments,24,3,0,5,0.07561051196226365,0.2929203082432724,0.15985068551732273
database,27,1,0,3,0.01633010277305577,0.05012964523356286,0.45614388199147465
auth,10,0,0,0,0.0363128442846072,0.12981193477461112,0.21488552306786451
auth,19,1,0,2,0.09412216350952907,0.20472184858659528,0.20843388326743004
api_gateway,28,0,0,3,0.04484581633742522,0.16778781309771906,0.3040605531483217
auth,17,0,0,3,0.009137144056141478,0.03149711253754053,0.3749482530730718
payments,29,0,0,4,0.14486556658264307,0.02893935353442294,0.12071749343828315
auth,22,1,0,2,0.026943849074809168,0.17955102421550398,0.22052731144730464
payments,6,3,0,1,0.03972244826674782,0.20458701601704699,0.4743166811493091
api_gateway,9,0,0,0,0.02243402516876311,0.03753400330410414,0.2814888086648837
database,17,1,0,2,0.05924134396459637,0.33165558992184757,0.07783209153555495
database,24,1,0,2,0.03760958128531751,0.10715374674623526,0.09738181594305975
auth,3,1,0,0,0.0016058822680113717,0.048996722914292565,0.14661611734087893
payments,32,2,0,5,0.1227540962092825,0.008160644275282536,0.5792603479199228
auth,13,1,0,3,0.09804488986363928,0.11155479081118766,0.2975008215981896
database,23,0,0,1,0.07609789965116842,0.11528653213604409,0.2289666193303997
payments,32,1,0,4,0.044426514833849774,0.35216876114944196,0.36065007267810834
api_gateway,12,0,0,1,0.0073566502179645,0.08781334530071042,0.69373721178605
payments,21,1,0,3,0.0631344793138839,0.0022525250992214917,0.2388868234107212
payments,22,3,0,5,0.09286821000700443,0.23368991553268725,0.5394620807395538
payments,38,0,0,4,0.11549604273099014,0.21738794799254527,0.06226593769425397
api_gateway,40,2,0,2,0.07471425435642394,0.11290884941607399,0.18441251506211465
api_gateway,42,1,0,1,0.06300770601465967,0.08808917095604787,0.682895848703432
auth,13,0,0,2,0.005799757247270843,0.04338850143703423,0.20034092390761168
payments,35,1,0,2,0.09174835134690211,0.13176666294977718,0.18680879646015025
payments,22,2,0,0,0.051444977955011725,0.04489642879663545,0.38187966815975577
auth,9,1,0,0,0.0895866939157868,0.04107473774306717,0.03481935371578202
api_gateway,29,2,0,0,0.03222105214508396,0.1712569499692206,0.6272464882340184
api_gateway,23,0,0,1,0.040613273544388095,0.13407832739035863,0.7382837617403675
database,9,0,0,4,0.028735943651456645,0.321373010318071,0.27694458899736113
auth,20,0,0,2,0.009949941425661569,0.08320197538168182,0.13586144859430932
payments,34,3,0,0,0.07701517456887301,0.15457734037232695,0.11355618435998632
database,21,1,0,1,0.061316419679815895,0.2417857571895594,0.19227865609142186
payments,39,1,0,1,0.037493847185924335,0.10965446687677534,0.5314309954508494
payments,6,2,0,5,0.07140850532265926,0.07994918985977746,0.35498190563003074
database,15,1,0,0,0.02360875743052839,0.28936690369427825,0.21685205505674318
auth,4,1,0,3,0.005337549417726084,0.17555494244952402,0.37036084690301685
payments,34,0,0,1,0.0905689135929177,0.32412131964933305,0.18556285026720493
database,26,1,0,3,0.06950472573051596,0.13572258682753097,0.3365728052292016
database,24,1,0,6,0.06244309541116002,0.2535410501112618,0.12772954585897006
api_gateway,16,1,0,3,0.014094557973987253,0.247440487798017,0.6165566153547596
payments,39,1,0,0,0.07775994399495977,0.23971742652419148,0.38355177654895006
payments,30,1,0,4,0.08260358170421919,0.10902309952616021,0.4365305824412861
database,8,1,0,2,0.05555809835333308,0.2264999377655382,0.38716613017604035
auth,15,0,0,1,0.09085240305005124,0.1402076053856757,0.13533370374579448
api_gateway,48,1,0,1,0.019317396311471332,0.138620489941395,0.7901590232231177
api_gateway,35,2,0,2,0.017868720792360876,0.13162298665344008,0.7569432396576323
payments,35,1,0,1,0.03426387784626302,0.13005317136010577,0.1355746784117543
database,8,1,0,2,0.03434311602407616,0.24128323391777512,0.14063464739339518
payments,17,1,0,2,0.13589159518893967,0.14576394639816131,0.4661425334494698
payments,25,3,0,1,0.1382590004177492,0.19413795885376725,0.2961482295064508
api_gateway,8,1,0,3,0.05389104905376695,0.18753235172954605,0.5626269484490103
database,11,1,0,0,0.019666501463197684,0.3189590537614691,0.4591681596599741
database,19,0,0,6,0.0040781410774940775,0.08578325255671222,0.274838715955754
database,4,1,0,3,0.004542459140504551,0.0447100946281557,0.09269853996218215
payments,14,0,0,3,0.13811346765821006,0.2082082134566058,0.10008640014519954
database,6,1,0,5,0.04082458113689806,0.044663213967572106,0.3392848800250101
api_gateway,43,0,0,0,0.009362261665857706,0.043961921131904974,0.6594320842687504
auth,22,1,0,3,0.07596949977999118,0.21020170345384795,0.2661619791854535
database,17,1,0,4,0.036201261107316265,0.34086698570295126,0.47094897429086835
payments,17,1,0,1,0.1425909557369809,0.28646955078257225,0.395091454225183
api_gateway,37,2,0,0,0.05367834357156406,0.031321114644497994,0.5120130875309912
auth,24,1,0,2,0.037596110216135396,0.20570299090010824,0.1129919719252406
api_gateway,11,2,0,3,0.046050947009931696,0.09989031580724625,0.11210547292036094
api_gateway,32,1,0,1,0.03732803821696062,0.08754609579785136,0.48993701241659693
api_gateway,23,2,0,2,0.024317043984794378,0.14238002448751275,0.18548433555626134
auth,19,1,0,2,0.01056428488702419,0.04806863280660151,0.37868110495165597
api_gateway,44,1,0,2,0.00942515714507314,0.16313525496617523,0.637533103243867
payments,12,0,0,1,0.13216577225348486,0.17546215254014982,0.3639090579533259
auth,19,0,0,1,0.04568163262063199,0.221567112190067,0.38651355112033026
payments,16,3,0,4,0.013455137852226866,0.08589780096334297,0.3006546977046666
auth,17,0,0,2,0.03934805505886262,0.26127619825496956,0.3109497203740087
api_gateway,12,2,0,1,0.07504890533185311,0.033933826895817004,0.7056648496837007
auth,15,0,0,0,0.02914806725790985,0.0036294065095356597,0.1026732121214394
auth,21,0,0,1,0.05373564047728871,0.16819287754379583,0.3281996088242367
auth,11,1,0,3,0.03125222713243064,0.1611222647709978,0.03416969509007737
auth,20,0,0,1,0.05407682328273364,0.1536235361813037,0.22432624569912274
auth,17,0,0,3,0.022123534791790214,0.04584845331776769,0.18212795604346346
auth,22,1,0,2,0.0015945686453310848,0.20969442078322634,0.05569569564012834
auth,10,1,0,1,0.054424971449563854,0.15185102569656075,0.20628492242871657
api_gateway,14,1,0,3,0.017493145150646913,0.21665281432139258,0.3700356203343186
api_gateway,21,0,0,2,0.014964777645024397,0.05188954219562217,0.3451292204343541
payments,10,3,0,1,0.12758702959598991,0.03510916564937623,0.4438702022622056
payments,6,3,1,3,0.07047064821730223,0.18134824224166293,0.5272380028716783
api_gateway,18,0,0,0,0.0099242897873056,0.026810618400129688,0.1869865492042988
api_gateway,16,1,0,0,0.03079088338695037,0.0745047690819956,0.1747847183308004
payments,20,1,0,4,0.038199564883494276,0.15052472678199905,0.5535122846700823
payments,8,1,0,1,0.10612842284670641,0.09285356512006247,0.2678133904662904
database,13,0,0,3,0.05933579011037425,0.12924408803443954,0.24173455548462386
payments,33,1,0,5,0.10171837523049697,0.2208072689182605,0.2341713230494396
database,8,0,0,6,0.02548835450771942,0.2918259159545247,0.2970414803810492
database,7,0,0,4,0.06710540577654701,0.17984741023207573,0.3950189620510829
api_gateway,49,1,0,2,0.05472533617719798,0.11767614554497532,0.16415540582178834
database,7,1,0,4,0.06488638349885388,0.1263435351618507,0.2665630097316463
database,22,0,0,1,0.07933276365983699,0.09988248115038882,0.4729429883006627
payments,30,0,0,2,0.12444657080293925,0.18809963413150174,0.3515120750356833
payments,19,1,0,3,0.03878358954603688,0.050813430389292695,0.48370351310454107
api_gateway,39,0,0,2,0.050873128843392394,0.11405281327234179,0.37692930006147374
payments,26,0,0,2,0.138333497723229,0.28835728762083906,0.5946054840884194
api_gateway,16,1,0,2,0.014573164334444569,0.20717435472334897,0.5656334278278433
api_gateway,9,1,0,0,0.044118283241088914,0.07763686432315137,0.7552126844121355
database,22,0,0,2,0.01342576752983394,0.013690452581389767,0.04735868763874089
auth,24,1,0,0,0.07026394640066841,0.16916763384877984,0.1368662786114988
database,27,0,0,6,0.004800865508487018,0.34784682199938455,0.3671183839115943
database,19,0,0,5,0.05184883271010332,0.05560893465138247,0.4398588965803263
database,28,1,0,6,0.05022514373500358,0.15555450196194856,0.4776376604642198
payments,37,3,0,2,0.11113248100829783,0.24230379574358885,0.4952102652884889
api_gateway,11,2,0,2,0.05144639923969283,0.12769802083055767,0.7564645887903099
database,22,0,0,4,0.055543542251435686,0.2950623076234715,0.0999048553249267
database,4,1,0,4,0.07833880740289387,0.20107853483370175,0.23755428022045352
auth,20,0,0,3,0.05273935140878472,0.009820302181265594,0.11670276302742294
payments,31,2,0,4,0.08524787266168883,0.34359455641284675,0.056759863635618996
api_gateway,30,0,0,1,0.0032692673166839106,0.1963110131164048,0.5929867935400702
payments,13,1,0,3,0.019661979255705463,0.2955112115674391,0.5093850512559013
payments,6,1,0,2,0.03788790100270863,0.01337519422443907,0.569777804367032
auth,15,1,0,0,0.015509360627100233,0.11950838588002201,0.10839061970095189
payments,34,0,0,1,0.08552808236997067,0.1727374769248119,0.1759429519151714
payments,26,2,0,1,0.053226858514598734,0.029898361454526203,0.36371235476692465
auth,16,0,0,2,0.09576564743886976,0.14847969730177085,0.23650012325011388
auth,19,1,0,3,0.02110558892668506,0.12520244197989772,0.3918034223113811
database,16,1,0,2,0.017576837017204135,0.16304352362173608,0.26663996749043684
payments,32,0,0,2,0.1039754040380769,0.16393906924734003,0.4663471177193105
auth,20,1,0,3,0.049242268939859474,0.14835073643877664,0.21444138400273327
api_gateway,11,1,0,3,0.0788802930647262,0.13946325504736115,0.37360809631889935
database,16,0,0,6,0.02478657796312863,0.2245755739819271,0.13855401051335375
payments,7,2,1,2,0.06858456294293165,0.22630062568983297,0.16917765403796597
database,15,1,0,1,0.007247552459805329,0.1681795451671075,0.3519165746878284
payments,34,1,0,2,0.02322640224303411,0.012198619141101786,0.33010894487395936
database,6,1,0,0,0.044589724617441776,0.24978526545332047,0.38466488341083666
auth,18,1,0,0,0.08982726644925536,0.24063493414887002,0.26030719356142773
database,5,1,0,2,0.003194100088892045,0.2313973014214224,0.06323776919752748
api_gateway,36,1,0,1,0.011488785968452984,0.2462315724727266,0.5143708944716859
api_gateway,49,2,0,0,0.03131753537110269,0.1607735060167646,0.36168080804248515
payments,34,2,0,1,0.09008021523096223,0.20597100354426884,0.483719970809659
auth,21,1,0,0,0.015554009150048731,0.15190987606853673,0.046600961333161925
auth,22,1,0,2,0.041008968326115294,0.2949841807725522,0.10850602839029591
api_gateway,19,1,0,2,0.010478303714913659,0.16232328251197153,0.6214016725002404
auth,13,0,0,1,0.014341861223627496,0.20757942590192763,0.3755426193824686
payments,18,3,0,1,0.08161890029446513,0.00977075317625329,0.3115395868944063
payments,20,2,0,3,0.052093271145854665,0.13198995811611058,0.3381962421055669
database,18,1,0,0,0.040198389811504434,0.09056651542174497,0.09287802233788642
auth,5,0,0,3,0.07253912461589444,0.17152119334809665,0.07275823469513432
payments,17,2,0,1,0.019756430280953263,0.02402926734199298,0.05768994213425061
payments,30,0,0,1,0.11531462710817406,0.14942651441563223,0.10512753299695735
payments,36,1,0,2,0.04881274210239117,0.3506392475340075,0.314789440276683
payments,34,2,0,0,0.09338240943196706,0.0352506278002231,0.05452993287557807
database,22,1,0,3,0.059686501346506105,0.18690311840917642,0.2045403621886577
api_gateway,18,2,0,1,0.05645327414463325,0.12509050984376335,0.1784699630442898
api_gateway,18,0,0,0,0.0594787340850655,0.22720958618247633,0.26035465143670755
payments,10,0,0,0,0.050121453357579324,0.14405684565557522,0.5216732216693208
api_gateway,14,1,0,3,0.05843995282222968,0.2101803214988527,0.5778216533442273
api_gateway,12,1,0,1,0.04126499453642107,0.19458408729493618,0.3516266424984983
payments,25,0,0,5,0.08559968684711836,0.3576218420815547,0.22767397154023128
database,16,0,0,6,0.07908881939095704,0.1599595742571505,0.25427060099453047
payments,20,2,0,2,0.08810548028633654,0.1828095808770502,0.4653016820139805
api_gateway,28,1,0,1,0.0664101450535188,0.04371350192135384,0.11667272259384802
auth,20,1,0,0,0.05835295488659133,0.1511691594877748,0.33580476405137294
payments,29,1,0,2,0.005451112247436368,0.042436819979180834,0.24155103844975528
database,17,1,0,0,0.037062995925314784,0.24412081980928507,0.4935119396240077
database,13,0,0,3,0.005674485469680741,0.1621888263121,0.2500662283219362
auth,9,1,0,2,0.09207379356930562,0.1894497320020493,0.3358727200903332
payments,5,2,0,2,0.0024186969558322334,0.23419437532601425,0.21381604159801199
database,9,1,0,2,0.033127674619410706,0.13818971307946928,0.475835358373586
payments,27,0,0,1,0.08417253186527615,0.15037535016131734,0.42874610944529873
api_gateway,30,0,0,2,0.0750298386973551,0.23066972090879462,0.24137891789269508
database,29,1,0,1,0.0482309911203738,0.2485552234435308,0.3651887337090688
payments,29,2,0,1,0.13869879143733702,0.28196445309253443,0.2894898708961195
api_gateway,38,1,0,0,0.04505032523079432,0.06698095725720993,0.3114228456370428
payments,6,1,0,2,0.09116441531151367,0.15207799919007103,0.28303123359980326
payments,31,3,0,0,0.09476622654791331,0.10326326706339134,0.5737657615306087
auth,22,0,0,3,0.0371119691218732,0.2125118988068179,0.35553339138101736
auth,3,0,0,1,0.051258396693423317,0.15653543001446582,0.0634799279843345
api_gateway,33,0,0,1,0.06275018801030796,0.03256481901326874,0.6134429706237352
database,11,1,0,2,0.05632664287205038,0.09673774043095068,0.44084574405603494
payments,17,1,0,4,0.08241177480914468,0.23557440902501914,0.09874813611226942
auth,15,1,0,3,0.07925911401965442,0.1831426534061036,0.2920624254931773
api_gateway,9,1,0,1,0.06422258640340556,0.22705498182327113,0.7512641799294064
auth,7,0,0,3,0.029908021165541133,0.05509846163456572,0.13031135191610896
payments,14,1,0,5,0.03497813316324245,0.3232628196096851,0.5748902733928154
api_gateway,16,1,0,0,0.04065925669499202,0.09750741039194313,0.44249891845380884
auth,20,0,0,0,0.030886520101215776,0.11084361709011997,0.0939194957765674
payments,32,0,0,3,0.02965354546717313,0.01613009588838028,0.394654025821467
api_gateway,43,1,0,0,0.04000607203970228,0.15795743287937947,0.6664415068823344
api_gateway,49,1,0,2,0.03490963412114679,0.0712739057683214,0.17787461800187718
auth,17,1,0,3,0.026459103476872914,0.005619087618125962,0.3993531623689147
auth,8,1,0,2,0.07075384896146737,0.23897887242237245,0.28422273467837056
auth,6,0,0,1,0.07441861072315932,0.21258105730220062,0.1175581127163035
payments,17,2,0,4,0.07649776189702456,0.03986556883071035,0.09394152828524846
api_gateway,44,1,0,2,0.06913810873906549,0.010934424859480929,0.55385778113021
auth,24,1,0,3,0.0035469585341666556,0.13467801278066832,0.292469834214659
api_gateway,36,0,0,2,0.004547568183403535,0.18550012645502745,0.5542865090387301
auth,14,1,0,0,0.003913225448385938,0.22647805099130838,0.1295868471593032
payments,39,0,0,0,0.09663195239844267,0.28109531971583473,0.47519957788941153
api_gateway,19,2,0,3,0.024737367400293787,0.12926305431323992,0.20500919444420496
api_gateway,19,1,0,2,0.01729193914553436,0.02819957313695204,0.5661140014482285
database,29,0,0,1,0.0657809842090969,0.0037759736918722806,0.4300685362838334
auth,5,0,0,3,0.029868398381413433,0.23545117493479056,0.2834012858099335
auth,10,1,0,3,0.08514263944150062,0.05361603876176926,0.04680175775097037
database,21,1,0,3,0.05916887099206144,0.31604287716972207,0.12046943886536304
auth,13,1,0,3,0.031708878727412564,0.20314348119874895,0.33274807043101406
auth,21,1,0,1,0.06998286910824209,0.2912394447818016,0.31980775355221713
payments,15,2,0,1,0.11234985261074353,0.29612521233758055,0.5228508309262279
api_gateway,13,2,0,3,0.0631321642938914,0.145432561774566,0.3588842509578891
auth,5,0,0,2,0.004550423779029611,0.24809306316628416,0.34037508617781964
auth,7,1,0,2,0.02450969175286362,0.1792196673561459,0.2501933384051034
payments,8,3,0,3,0.11252412494319014,0.38369417412952883,0.4055209551661898
api_gateway,32,2,0,2,0.02116311503106175,0.07185168285468446,0.5092305728263601
payments,31,0,0,2,0.10489693817329555,0.14742498761108555,0.4689928902252238
api_gateway,18,2,0,1,0.010161885815770964,0.017040014911722662,0.4692263995376441
payments,27,0,0,4,0.015593906386858435,0.1988615263531487,0.385227817347187
database,17,0,0,3,0.03390988048725574,0.1317961160468462,0.32195586304306467
api_gateway,15,1,0,2,0.019174953283671553,0.06742719518948437,0.2265740072738457
payments,34,1,0,0,0.06472621797714635,0.31092085925756735,0.13891978455454135
payments,27,0,1,3,0.1462630754561522,0.3167844057866863,0.373158974682389
api_gateway,39,2,0,1,0.0015367201310848167,0.2061664751294035,0.6841267635458453
auth,17,0,0,1,0.08523501166838342,0.037445300712552795,0.2691933525596733
payments,32,1,0,0,0.028185538319762476,0.3255316526371373,0.2432929204088759
api_gateway,9,2,0,0,0.01889628216245379,0.02122975897591281,0.5181712440147955
database,20,1,0,0,0.02492875322393103,0.03599309523927423,0.3165386271591396
database,12,1,0,4,0.06222639833121631,0.011266552447488892,0.21178252022023497
auth,10,1,0,1,0.03416160624673348,0.28410941907702825,0.07621444496995508
api_gateway,10,1,0,1,0.03606400257774084,0.08434836733796586,0.5765767823358013
payments,29,2,0,2,0.12091451219411212,0.26889365992024206,0.2200978833357043
payments,5,0,0,1,0.09935577898691302,0.3731116498750938,0.1128602072102711
payments,10,1,0,3,0.1233971890790834,0.2693565916119341,0.11110346486529477
payments,30,1,0,1,0.10868368637382274,0.011334980153353859,0.07501759780975104
auth,17,0,0,0,0.05053353209771434,0.26608017891276103,0.17260694589205838
auth,24,1,0,2,0.043648734930770705,0.08543759672001426,0.24402566966549766
auth,14,1,0,3,0.0930480819579867,0.05292800898072042,0.1308432761728088
api_gateway,9,1,0,1,0.07006583001032234,0.15719857580610835,0.30983969336462747
payments,18,3,0,1,0.04015026557914463,0.21447691171288166,0.16795202612828886
api_gateway,21,0,0,1,0.019043654148825216,0.2425765484114119,0.7347603003519628
payments,36,2,0,5,0.092314337254939,0.2571333563262952,0.18848364934078637
payments,8,3,0,0,0.1397235580378389,0.18811848907662992,0.25623050199099107
auth,14,1,0,3,0.09212864116801073,0.27947329590557296,0.19290329321109054
database,20,0,0,1,0.07427365687551411,0.3403160874618019,0.08035823742639442
auth,12,1,0,2,0.008985791800004684,0.07781441202251715,0.3253758594924383
api_gateway,23,0,0,1,0.024453254974412666,0.15005237953269268,0.3670330110323732
payments,37,3,0,2,0.13673653308945788,0.3910851251302,0.434261339044682
auth,8,0,0,1,0.08976140083423853,0.1540170220584543,0.19043943156572338
database,6,1,0,0,0.023700195988213563,0.1981742157187112,0.3291746997699523
auth,6,0,0,1,0.030277359235669245,0.006198555478029477,0.3769628638613062
payments,17,0,0,3,0.03978427837540119,0.3848743637967201,0.3277817901487247
payments,23,0,0,5,0.08431663239348443,0.15726817382570568,0.3965039244955877
payments,16,2,0,2,0.08714528799473886,0.16071746813334553,0.41965778685757055
payments,20,2,0,0,0.008273488590267818,0.35639814985770596,0.3225025560966194
api_gateway,13,1,0,1,0.042953913593538263,0.007757201572625577,0.4335165412721399
auth,4,0,0,2,0.0547111319738281,0.21963594012318904,0.12508395512036852
api_gateway,29,1,0,0,0.003740014825695113,0.008270960944885525,0.5928434904990245
auth,17,0,0,0,0.008319367685150725,0.10794960962776759,0.18138380609339377
api_gateway,40,2,0,1,0.02659612265553073,0.1814433251195595,0.4788110467427038
api_gateway,48,1,0,1,0.033468642677335056,0.013673918193793794,0.40197033238581803
api_gateway,43,1,0,0,0.01345005553993377,0.16671507999161553,0.5851272627950057
api_gateway,27,2,0,3,0.02343861293598759,0.11671209203826124,0.7534889752894415
api_gateway,33,2,0,3,0.0022877176323857283,0.009604473548946363,0.6377826244877829
payments,8,0,0,5,0.05284633263137674,0.15459748914556548,0.14056864437901778
api_gateway,12,1,0,2,0.05078793643246751,0.12184923639142767,0.1918044503890221
database,5,0,0,0,0.07228064842856469,0.10890305239463302,0.2744528614230324
database,19,1,0,5,0.06493082559717653,0.16582553372033654,0.41744981593058905
payments,39,3,0,3,0.031651003756128906,0.24133022625783937,0.05205980209120665
auth,12,0,0,0,0.08301169113081226,0.2615741966275909,0.2874565506839962
payments,38,2,0,4,0.13838586073587,0.2429066680405952,0.47552364056358787
database,25,0,0,3,0.02243238397003094,0.13385227974317865,0.13896166907838053
api_gateway,45,2,0,1,0.05346203735792254,0.14049714683471556,0.42213528954204305
api_gateway,22,2,0,1,0.057361049101688634,0.07792680499848995,0.11440171501145559
auth,16,0,0,0,0.06061243888829777,0.0911584391966166,0.28330053854304094
auth,21,1,0,3,0.03260234522779849,0.20657985620264857,0.3382637624290974
database,10,1,0,5,0.020181890351596836,0.16246855332573154,0.4497916381852241
api_gateway,35,2,0,3,0.07538357842069192,0.05109754097488553,0.5995197240814494
database,8,0,0,0,0.05066782801513298,0.2769153405320273,0.49724415290851226
payments,26,0,0,3,0.05855646690704308,0.23319939188732627,0.568047735061081
api_gateway,14,2,0,0,0.02112094143575818,0.16520897240650706,0.7989769368304079
api_gateway,23,1,0,2,0.021414480501665195,0.15006295516539203,0.1668676210395339
database,12,0,0,6,0.0766033364311312,0.06351269864101144,0.3681677093070228
database,6,1,0,0,0.04208348999127644,0.0039580403380351905,0.0979062899198801
database,8,0,0,0,0.05037005746113347,0.11979894943321279,0.41414996370400575
api_gateway,49,0,0,0,0.07415126772513973,0.09401323780196666,0.771011758574668
payments,16,2,0,3,0.1414793774540176,0.3241731654292682,0.3325089695017312
database,22,1,0,4,0.022675379156299975,0.33271977444444656,0.13746947162831832
auth,10,0,0,0,0.01922917232310798,0.06896087736067631,0.32806617218314216
database,18,1,0,2,0.03474268145761213,0.18509518097656577,0.31804282151727126
api_gateway,12,1,0,0,0.05226643033948314,0.00830567082137662,0.1776764572480362
api_gateway,25,2,0,0,0.01095467297132088,0.18200440627522776,0.5535682108287195
api_gateway,27,1,0,1,0.05716021973601775,0.2389089598550907,0.16835896469204015
database,12,1,0,6,0.06939114175839098,0.024610807451213912,0.2452606565478061
auth,21,1,0,1,0.0723967873773517,0.10109493673237518,0.24978469933599107
database,10,0,0,2,0.0509338294401107,0.28962578428058044,0.26908011032536283
api_gateway,18,1,0,1,0.04602326357931312,0.2212774272609586,0.15008442977938125
auth,20,1,0,2,0.04637874557553531,0.14267102302609608,0.11393342533539087
payments,28,1,0,5,0.010086095107805492,0.11761588401599964,0.5377039155702474
payments,27,0,0,1,0.09393889119936401,0.1291604274311604,0.5449908022832597
database,5,1,0,6,0.0526168535324274,0.10273841855797929,0.15225864556743193
database,4,0,0,2,0.02105848040522213,0.13120155987811888,0.4580544598841045
api_gateway,13,2,0,1,0.004779463346035566,0.12769178023404884,0.6300352561124145
database,18,1,0,6,0.0034690640134581586,0.3403952870664218,0.32666416224413475
database,29,0,0,2,0.060410143146730495,0.23182848331533823,0.3253756968921907
auth,17,1,0,0,0.07476446125967731,0.12315987793676303,0.14685765320663113
api_gateway,12,0,0,0,0.0765030068267392,0.09468221627343007,0.26759747951121227
database,8,1,0,5,0.048189363147862374,0.242650405395051,0.15588817015385953
database,23,0,0,1,0.02717926145899207,0.11767916757968545,0.09722823469331299
payments,16,1,0,5,0.14580802119352324,0.37094656378462143,0.28297220478349333
auth,21,1,0,2,0.015794637242176814,0.18405440481525376,0.053903719791938746
payments,25,2,0,3,0.025463774731070376,0.09198456616041369,0.40574311319200324
api_gateway,21,0,0,3,0.04397252163832501,0.07838350114445927,0.3718588458292764
payments,37,1,0,4,0.05698864364430217,2.1130772918720454e-05,0.4169846557482817
payments,33,3,0,4,0.144212636676986,0.07452671060741341,0.27049649741851933
database,22,0,0,4,0.027027249525987812,0.3378592931747127,0.13641091164545233
payments,10,3,0,4,0.09823606847217885,0.14795545025924994,0.300228174566156
api_gateway,19,2,0,3,0.04682371839657178,0.07200607651266214,0.19385587298952148
api_gateway,27,0,0,1,0.020856634508498235,0.04918848829718456,0.18378237304009487
api_gateway,42,2,0,3,0.04955589636186426,0.0018677963859047575,0.7211058340884733
database,8,0,0,5,0.028020551584276215,0.07148648022058318,0.0972112781409104
database,25,0,0,6,0.05575549006717628,0.054912068740870734,0.1687720828593477
payments,32,1,0,2,0.01700806433288588,0.2762804157996664,0.5283727124076592
api_gateway,37,0,0,2,0.0023115233885053587,0.17718035985807362,0.4803499143302641
database,23,0,0,0,0.05340496814289373,0.09228226457441699,0.431932944320546
database,11,1,0,1,0.030024744850855302,0.158745170400508,0.07879162052602232
payments,11,1,0,1,0.07306238164853669,0.20669441797602578,0.14176102893145906
auth,8,1,0,1,0.08864360553553906,0.03909723406803632,0.13718752762154557
api_gateway,38,1,0,2,0.026752695886697177,0.036207116173582604,0.6397642053185953
payments,27,1,0,2,0.09950439164347392,0.19684666283434465,0.5010326511604395
api_gateway,31,2,0,0,0.043951286637864,0.1263695638854682,0.7847044868594444
api_gateway,43,2,0,0,0.0364196885596108,0.09259821207721838,0.38003700510872207
auth,9,0,0,1,0.0401451007612372,0.29884523715904093,0.15761477414781785
payments,27,2,0,2,0.01131182639891824,0.2165341530805069,0.37827127343147
payments,32,2,1,3,0.03229035686787514,0.35141229968286236,0.4336036969746997
payments,24,1,0,5,0.05075517988878237,0.17481349017990833,0.5474606600047082
api_gateway,21,2,0,0,0.06481410846515227,0.18016721802184324,0.2043329397291801
payments,30,0,0,3,0.08134499634316186,0.04095778511727062,0.2940051056319133
payments,11,0,0,3,0.1398755929646074,0.1428967872680545,0.43516849463609386
api_gateway,21,0,0,1,0.01722115021907042,0.2124448923569075,0.4419763160713366
auth,6,1,0,0,0.0922120435961218,0.22253499926691098,0.12954889037977968
api_gateway,38,1,0,3,0.03962152624052981,0.19972322621448335,0.6310400108770888
payments,13,1,0,3,0.07679079460228917,0.25523709031858094,0.1513822419435052
auth,4,0,0,0,0.01725857940492721,0.13732481021465978,0.3489423947393776
payments,28,3,0,0,0.035494969720501326,0.3746262446632025,0.4522398023518993
api_gateway,25,2,0,3,0.06366301063857813,0.09435930328969375,0.749710111688289
api_gateway,44,0,0,0,0.07414070277606281,0.09850672587056217,0.506764752225348
payments,10,0,0,4,0.04866573429525993,0.16855077648554198,0.17167183280026455
api_gateway,23,1,0,3,0.013502201445749007,0.07679267429087569,0.14913120207037855
database,18,0,0,1,0.03014074746609202,0.34979370574982294,0.3235346181231936
auth,17,0,0,2,0.023468353288525024,0.0801740925213157,0.21184694673482515
auth,17,0,0,1,0.08272769548719391,0.1235767883682488,0.3727731350759681
api_gateway,25,2,0,2,0.07760857276213226,0.2434530118636203,0.6462704674022235
payments,28,0,0,0,0.13800600788188552,0.3747797015634782,0.21798743097566775
database,18,1,0,4,0.008855647655655323,0.2506566596123522,0.2491047110910777
payments,31,3,0,4,0.13978690988961837,0.2045745625206349,0.3520356299346315
payments,8,1,0,1,0.012886558230423072,0.21104978273548314,0.466821967139655
api_gateway,49,1,0,3,0.07276298503933645,0.021128667214457747,0.4901504079694561
auth,11,1,0,1,0.084961118651108,0.048332971555749935,0.05163732753788721
payments,38,3,0,3,0.14534165957614367,0.06844099136536075,0.12271633755116482
api_gateway,31,0,0,1,0.03380348853183935,0.012808353420631663,0.29420729479768937
auth,6,0,0,3,0.07913415240196364,0.002728254090725779,0.10181497953715392
api_gateway,42,2,0,0,0.013192543694424722,0.05395540947488442,0.37963024661572464
payments,39,2,0,4,0.08586115889516477,0.22395724061437977,0.5346585367556025
database,10,1,0,1,0.015780222218457558,0.2456712627128433,0.1475183446319313
database,25,1,0,1,0.04628771757436371,0.0358872434506936,0.42885464512698696
database,29,1,0,3,0.003134702560900067,0.2820791410462743,0.16694082984655617
payments,10,2,0,0,0.028665843403671742,0.1332030532208977,0.3490693507552606
api_gateway,20,0,0,3,0.07302339560234201,0.061862712330905845,0.6024387782262864
api_gateway,33,0,0,2,0.022791881404359903,0.11582000574404522,0.15414359628918928
auth,15,0,0,0,0.0431767538198558,0.22487588702304465,0.20896530971797067
auth,3,0,0,2,0.059140741289891385,0.2670021824082173,0.3560049266618749
database,12,0,0,1,0.07449103273540984,0.005692775941105143,0.283795141390304
auth,14,0,0,2,0.052100217294835695,0.266500388033628,0.035037234484757325
api_gateway,40,2,0,2,0.0607478161778507,0.1604255302300083,0.6755380957661821
api_gateway,20,2,0,1,0.006914994875356868,0.06413069493104623,0.7217651101399875
api_gateway,41,0,0,2,0.035123200886709026,0.20325282681174137,0.27433437408504513
auth,16,1,0,2,0.042730604323448995,0.214981882669515,0.04488895599592912
auth,18,1,0,0,0.002446470275893342,0.13285749287382573,0.2775126386592024
auth,3,1,0,1,0.08544229603276182,0.2823869851182831,0.2853863333633736
payments,34,3,0,0,0.12308646590007745,0.07560691309859889,0.3952352274804069
api_gateway,31,0,0,2,0.0706656916124396,0.09277266010393215,0.3578561584510169
api_gateway,37,0,0,2,0.06064406202933038,0.23641577502142833,0.40434734954168317
api_gateway,42,2,0,3,0.014411305926861333,0.16375274852081573,0.6710843527450728
auth,22,1,0,2,0.014083342765301233,0.0858263334614907,0.2139263501606266
auth,7,0,0,3,0.09688424070983916,0.08644708483852345,0.1410097700220114
auth,10,0,0,3,0.06456853251742407,0.2741766597198912,0.04496491940551027
auth,19,0,0,0,0.006742386620368169,0.18327828683640865,0.24278171118017794
api_gateway,38,1,0,0,0.04757847058105167,0.2351547007326121,0.2539118354403721
api_gateway,33,0,0,3,0.050983694103960676,0.03946435662464709,0.44622467576164937
api_gateway,12,2,0,2,0.01718895539567149,0.15875946247328804,0.47202460748164043
payments,20,3,0,5,0.13683818416517335,0.05099989066879429,0.29270829153996886
auth,4,1,0,2,0.0726526193609923,0.10623919090430857,0.2755501261164942
payments,15,2,0,3,0.006087856820204262,0.2992138957366355,0.06270876903311415
api_gateway,34,2,0,2,0.06626791575681147,0.17315805916076718,0.39505372593953225
auth,17,0,0,2,0.05350292127687839,0.05542949652640707,0.07521280187681806
database,18,1,0,2,0.03618088080601924,0.26306569185130824,0.30774004610106365
payments,37,1,0,1,0.11976802575767857,0.3485107952484629,0.4234199833543684
auth,10,1,0,3,0.06533399244188108,0.27742186955983905,0.056649866320224444
api_gateway,34,1,0,0,0.04416806755281842,0.01420120012696871,0.18401947586501866
api_gateway,19,2,0,0,0.01998128744716671,0.10805175121929234,0.18285461175482842
database,21,0,0,5,0.034271627914052694,0.09239775458917827,0.18708827609643117
api_gateway,37,0,0,1,0.06867303907486508,0.1821344824548666,0.6317928605936964
database,29,1,0,6,0.0707625151702402,0.16763841908770122,0.4512116913491018
database,16,0,0,2,0.07985040927390602,0.006638234655864411,0.26672966181737134
payments,25,3,0,5,0.115387583886238,0.041216677372393075,0.3610603790623748
payments,9,3,0,0,0.12952371756942274,0.39980207588340666,0.061563643970781214
payments,12,0,0,3,0.005013979963983245,0.07521643703551431,0.5209472094382447
payments,30,2,0,3,0.09708334250967832,0.28826578180314494,0.3992028294216352
auth,24,0,0,0,0.049547156306533335,0.12877676237875108,0.1734938028282042
database,26,0,0,2,0.0781942695265976,0.1287728039353979,0.24412075858367843
payments,31,0,0,1,0.12896217085276004,0.3415793852058175,0.08392416293920249
payments,32,2,0,2,0.13579827425641347,0.15312968318540154,0.15258105687723286
auth,23,0,0,0,0.009793836538285595,0.16256428613180432,0.2973806238247755
payments,34,1,0,4,0.05329344648289781,0.3200217631805486,0.2400694803417836
database,24,0,0,2,0.035972657955419395,0.07581455051316435,0.041892054330984786
api_gateway,45,0,0,1,0.05830223514313979,0.1898698255449302,0.14045643621772852
api_gateway,36,0,0,1,0.03598905884933054,0.022346792552864092,0.28260306623370046
payments,9,2,0,1,0.00575457920335517,0.2759584013253443,0.16851509053206604
api_gateway,48,2,0,0,0.00787751638578162,0.2089169516792807,0.5659321700569927
api_gateway,21,1,0,0,0.035196001716973825,0.004969015561746809,0.6287695511159657
database,13,1,0,0,0.02483463935826441,0.06243231370027525,0.11505701447072583
auth,24,0,0,1,0.07839169288465485,0.022452846441421526,0.3616548879700058
payments,6,0,0,2,0.021417845500182702,0.3877757502703514,0.3373052951817405
database,9,1,0,4,0.0481478104037784,0.2082607986695296,0.40886477789930037
database,22,0,0,1,0.004540094573841911,0.017560960223075187,0.26823058207072914
api_gateway,27,0,0,3,0.06737643746887391,0.04178267784434436,0.7142286931592101
payments,7,1,0,1,0.1338111526640431,0.08394587091164847,0.3934337099514158
payments,27,1,1,5,0.13774275530699365,0.21110888362755081,0.16521742249577984
auth,10,0,0,1,0.0014628539205070014,0.11030685676090593,0.05336520470553948
payments,23,0,0,0,0.054541717378509574,0.06685372594772288,0.5117616885614821
payments,15,3,0,1,0.05426524678838488,0.19070155020333127,0.5870272723112309
database,18,1,0,5,0.04659800540432851,0.30910491103171894,0.238978170789349
payments,9,0,0,1,0.10744880152140421,0.37797896832860184,0.572656227593767
auth,13,0,0,3,0.09377922867867816,0.04294689349922158,0.28036357266314427
payments,37,0,0,4,0.12915500999583604,0.1768624552451247,0.35347860604913245
payments,29,0,0,0,0.03930525067603118,0.09708599471943327,0.4956132172268345
auth,5,1,0,2,0.0542041984553949,0.2012573109992086,0.2570169427802601
database,29,1,0,5,0.025216719401577707,0.19509408017641316,0.11903278810713747
database,6,0,0,2,0.03348919887798843,0.17480705176397499,0.1967043781074588
auth,19,1,0,0,0.08342384296406401,0.13189845971117717,0.13073411297225246
database,7,1,0,3,0.00978024290321831,0.009006243043901168,0.3102179319675057
auth,13,0,0,0,0.07893230103611637,0.10374784913570376,0.34310447955270207
payments,7,2,0,3,0.03140225990761481,0.23229485591894075,0.5986325601140428
payments,30,0,0,4,0.14490321886953128,0.07433282222613702,0.38669142139773005
auth,11,0,0,3,0.06796758674906396,0.03692635602098116,0.14710579176680758
database,16,0,0,0,0.010102071022010035,0.12560545613900417,0.2924694154438643
database,12,1,0,2,0.022046597132620686,0.12176287930843532,0.19605895035785204
auth,6,1,0,3,0.06973580668337706,0.04061461299283681,0.053476337524343324
database,9,0,0,1,0.011780356953491156,0.2257647042842774,0.3774584350760433
auth,21,1,0,0,0.025991647385772365,0.22968398520664957,0.342793170609211
auth,10,0,0,2,0.0446057225664441,0.08242350973200686,0.13290116154701187
auth,5,1,0,2,0.01626004084036986,0.15292512348413015,0.30113478628572665
database,7,1,0,5,0.051288942117574364,0.053408158375282296,0.42052748948990554
payments,17,1,0,4,0.08109164914870935,0.16769969972758633,0.46715066102001956
database,8,0,0,2,0.03897534202307546,0.22600473553017925,0.4219359988173523
payments,27,2,0,5,0.0133159900434349,0.07878145208348855,0.5651783596669322
payments,36,3,0,5,0.10035802729754219,0.19250958073104202,0.4284959401972448
database,22,0,0,1,0.06651534238670787,0.27257319228197296,0.08242049881227309
database,26,1,0,0,0.04234927899982089,0.2868133630230476,0.23258959806489723
api_gateway,39,2,0,2,0.0728595435809012,0.0330104429573152,0.47131095503168696
api_gateway,10,1,0,3,0.04860161750854984,0.18896354871306484,0.22358037232213054
database,22,0,0,5,0.042855293651434846,0.23896684419158987,0.3987215728442003
api_gateway,27,0,0,0,0.05991927021988033,0.17952669218885423,0.682823999442857
api_gateway,24,0,0,3,0.03293974202039263,0.07973029797061912,0.1367090131798473
database,10,0,0,6,0.061935892762334924,0.20887983784961434,0.21225896159450555
payments,29,0,0,3,0.07913694336380256,0.05753378839612436,0.20690289831748382
api_gateway,14,0,0,3,0.05863819771971774,0.08755043801765866,0.5274217699266058
auth,7,0,0,3,0.09466317459653378,0.023670981775374654,0.07946999238057789
database,13,1,0,4,0.04796078635375155,0.14667748551588447,0.06207064415736134
auth,18,0,0,3,0.04681777628802003,0.10321223658441836,0.09515569769895985
api_gateway,37,2,0,3,0.01043987066182857,0.15897554080782664,0.5924124713698449
payments,6,3,0,1,0.03005097316446635,0.1415622668847268,0.12800585577822118
payments,14,3,0,1,0.12311037612235953,0.04615994331233129,0.5901220481750401
api_gateway,33,1,0,1,0.04475812760882437,0.021856900889495906,0.4390482911260337
database,18,0,0,3,0.01685132338838355,0.14130927877552027,0.299435760383142
api_gateway,29,2,0,1,0.02939295540682525,0.22578598484921103,0.2107758581705922
api_gateway,49,2,0,0,0.034764143374336996,0.07134989436146688,0.12995938316460948
auth,5,1,0,1,0.07344472777986881,0.09447286425801489,0.1392273303249941
database,24,1,0,1,0.05821385458462668,0.10641381166169746,0.04406044229229131
auth,16,0,0,1,0.09328120149702568,0.04060873852807734,0.0459411599780398
auth,23,1,0,2,0.06397477120376796,0.03335079982615236,0.1794369197478525
database,7,1,0,5,0.07653080107820903,0.15487893118086013,0.1889800932357534
api_gateway,8,1,0,3,0.010039273449865728,0.13467058930796594,0.2143286357759988
auth,11,1,0,0,0.06809779292117638,0.1265044940558683,0.2850823321192897
api_gateway,44,1,0,0,0.027382639422371326,0.07153192291872626,0.6318124950137627
database,8,0,0,6,0.019382492809436717,0.1420652867657499,0.30194444087771727
payments,26,0,0,3,0.11307205694675534,0.14205270561028654,0.3081052529661327
api_gateway,48,1,0,1,0.025126796025922077,0.057876953792434654,0.5954378118372361
payments,31,0,0,2,0.05509165519210638,0.007873286152565485,0.09465328287773714
database,25,0,0,5,0.06236969087483115,0.03045230546962112,0.47471643813846415
database,11,0,0,6,0.04775609737285886,0.21007240015743495,0.1669919869335367
auth,11,1,0,3,0.07317720250869873,0.14045516880863013,0.13424845398644403
api_gateway,41,1,0,0,0.06355602969119384,0.027333370754434594,0.3666426329092629
payments,14,1,0,0,0.06630993196771125,0.03827604642320046,0.13760567054220216
payments,7,1,0,1,0.09813536699179769,0.12424038855813185,0.5225502096761095
api_gateway,26,1,0,2,0.0470796783365956,0.12907167491974772,0.29495919724712893
api_gateway,39,2,0,1,0.05462054578412889,0.009641826530779496,0.5574008384834915
api_gateway,36,0,0,2,0.07362956775513425,0.1908478352781906,0.3636936187494909
payments,32,0,0,4,0.05601668867181532,0.32527285891378455,0.41964641483333465
payments,13,1,0,0,0.11492356523741669,0.3839666758568364,0.22990032830090124
database,25,1,0,4,0.07059945019353173,0.24811661281499145,0.06152425135325297
auth,12,0,0,2,0.07719062434000892,0.2648210516946734,0.17370246651929402
auth,4,1,0,1,0.06413668192253023,0.20974164891023972,0.38732146945740487
payments,30,0,0,2,0.0084773536195136,0.33130942592639534,0.5674749513420836
payments,32,3,0,1,0.11476598874496963,0.18793817399347,0.23124817343813514
auth,4,1,0,3,0.052282752731092876,0.13899778173500799,0.2785162534273672
api_gateway,30,1,0,3,0.03661505656399698,0.008605524978410328,0.6503801206181579
database,21,1,0,1,0.018232040603335973,0.06157302526559873,0.40402683211682566
auth,17,0,0,1,0.08575531270999133,0.10770678500702581,0.1497779654651561
payments,8,2,1,1,0.06566722159494298,0.2766022183254378,0.15748242265109194
auth,21,0,0,3,0.08938897627221916,0.2280141617882932,0.10088976812410819
payments,13,1,0,1,0.08244334516590524,0.14618059386130944,0.14334789186133012
payments,8,2,0,2,0.03346350276680337,0.045242302600687935,0.5810171113543636
database,25,0,0,5,0.03269807426210118,0.007476375847905081,0.24948430229540094
auth,7,1,0,0,0.021489643357423184,0.026470297585690337,0.10627139973784688
database,18,0,0,0,0.048968752752506964,0.3496268079865887,0.3305544873655061
payments,24,3,0,0,0.0971580081630918,0.3431062193489769,0.4380776843770705
api_gateway,43,2,0,0,0.03387031352324417,0.12437462487094442,0.3905325925380113
payments,39,0,0,4,0.022546593372595312,0.26676215467368414,0.33105261994952273
api_gateway,33,1,0,3,0.07874948672690513,0.10677902117454491,0.4882944344212663
payments,39,0,0,0,0.001267724409369081,0.06983359387054411,0.39631995852293794
database,12,0,0,1,0.03143613086871135,0.29157257146083415,0.37593009138281464
database,7,0,0,1,0.003456229148173922,0.2646521541784763,0.39482655820512785
auth,24,0,0,0,0.05612056530988694,0.26854372104737034,0.04167703315269344
payments,13,0,0,1,0.11495269208360853,0.006105935858411904,0.3382207184271728
auth,15,1,0,0,0.045185866513424044,0.10246536955653152,0.3277374404647381
auth,6,1,0,3,0.007810430402091284,0.04215711725402575,0.15161803327038753
database,10,0,0,1,0.01340659866592156,0.09783725857735945,0.21905973677228155
api_gateway,35,2,0,0,0.07358160011976475,0.14228995431282532,0.43255311768744953
api_gateway,12,1,0,3,0.024002171327420163,0.06404034605095235,0.6240911119024615
auth,23,1,0,2,0.042437676701387816,0.18231682435113788,0.10421609113079892
api_gateway,44,0,0,1,0.02666241496401451,0.04490180405572747,0.46637676308093934
database,19,0,0,2,0.05158201871582799,0.1843094505583846,0.274536579084547
auth,14,0,0,1,0.07449651984608933,0.1691004135279896,0.3989177044578631
database,22,0,0,0,0.022029657929733677,0.26769996718676436,0.08409459125079992
database,8,1,0,6,0.06612005335845825,0.2959974022782162,0.41517574096515625
api_gateway,41,1,0,3,0.07083596681563399,0.21954743424781595,0.7712131170677078
payments,10,0,0,5,0.04194021489676977,0.00036233409843609013,0.5394812278106748
database,26,1,0,5,0.07665205982079053,0.0926098089524009,0.2758625817616345
database,10,1,0,4,0.07695322411290302,0.31193813460185815,0.26125707413363813
database,23,0,0,4,0.03252683279726473,0.08224755718901326,0.23054534717869382
api_gateway,32,1,0,3,0.03988477204139098,0.2479159909695942,0.5446401258390797
api_gateway,32,1,0,2,0.03237441314855025,0.1587824761291326,0.2675275711208052
api_gateway,36,0,0,1,0.01618124803039165,0.1528638612632216,0.28268077783567813
payments,23,2,0,1,0.08186245196691534,0.0824295119748701,0.5755917588797458
database,20,1,0,0,0.04420558015215656,0.2719969185730195,0.1627979234671086
database,6,0,0,2,0.06411533557356051,0.14400496833814377,0.3145448875181332
api_gateway,39,0,0,1,0.06251677168842085,0.08893537067748408,0.7568322819441491
payments,15,3,0,0,0.03160599976123593,0.2902272990239793,0.3227120171072132
database,15,0,0,5,0.0587496630618875,0.013710797478766705,0.4574417231981422
database,10,1,0,0,0.04651249254852531,0.2512453549440569,0.36908158344325226
payments,24,1,0,3,0.0698230458659549,0.12786082490212025,0.3801114009009193
auth,19,0,0,2,0.01571824716083735,0.27288413906487363,0.2545380903330906
api_gateway,15,1,0,3,0.007216150446788472,0.150204158084696,0.15010099071107275
payments,39,0,0,5,0.010201534792863075,0.07293407343128781,0.5698537188677494
api_gateway,23,1,0,0,0.06080782377241059,0.1521332461952976,0.7350618455937923
auth,22,1,0,1,0.09541380793838093,0.036957566412849065,0.08219920096216853
auth,23,0,0,2,0.04812434553768366,0.13826438300788843,0.36319073221136056
payments,18,0,0,4,0.017449759069989183,0.027596003484183784,0.2633441909234514
api_gateway,15,0,0,1,0.03151744367849148,0.0324453979304562,0.1762264225983295
database,5,0,0,1,0.05431430157283007,0.0980770537637463,0.3566483849145338
auth,12,1,0,0,0.0479925689004394,0.2672273901026974,0.1268449737077479
api_gateway,35,2,0,2,0.04415123124091359,0.19138691240699246,0.2822023264061602
payments,39,0,0,4,0.1417525641372741,0.02067427196445273,0.10520212230227965
payments,37,2,0,4,0.14261170698190076,0.05037625641900023,0.277737304172299
auth,16,0,0,1,0.0814423567079152,0.08635030209045354,0.35279782090645484
database,27,1,0,6,0.009536712913116538,0.1720387354928189,0.07480019691111511
auth,15,1,0,3,0.06112086528155425,0.08071006463277326,0.282010514498376
api_gateway,35,1,0,1,0.02840589364835342,0.20507231510924434,0.4488043666865673
database,17,1,0,5,0.07163133280640842,0.11234351575736744,0.1479233401856072
payments,15,3,0,1,0.11719359711085382,0.2759284285315048,0.48647515846127787
payments,10,3,0,3,0.0674398359011606,0.33069105935851284,0.3606470295974002
auth,13,0,0,0,0.03451574641359802,0.22087127901453538,0.3704058374885225
payments,37,3,1,5,0.11710231120317935,0.23573265797909124,0.15655641316364582
database,28,1,0,1,0.06422792855906251,0.19168940219287015,0.046336861538116225
api_gateway,21,2,0,3,0.0791924650899207,0.04967359495674786,0.5307945871457935
api_gateway,38,1,0,2,0.004602699580490306,0.14787271332386223,0.14489040132719608
api_gateway,47,1,0,2,0.044099997525844196,0.16312029949543003,0.37819595642430415
payments,16,3,1,3,0.03936241225443216,0.10838528314848782,0.31720130737321944
auth,8,0,0,1,0.04315542899531073,0.262281607977455,0.12315075555183884
auth,20,1,0,1,0.062188316145493305,0.1925239327503172,0.12442478588577123
payments,10,1,0,3,0.06609046710887621,0.343349351904425,0.32645189273654435
api_gateway,30,0,0,3,0.03131210356582391,0.14534853295120992,0.39458570660839143
auth,20,0,0,0,0.05733767880015585,0.08318725688052703,0.3964385734978685
api_gateway,25,1,0,1,0.022995430383580144,0.040434368068997556,0.2724581073744722
database,29,0,0,0,0.07002092861263984,0.02094651640441098,0.0703202774838036
auth,10,0,0,3,0.06510511169779468,0.23211952108133777,0.2795506748744182
payments,26,2,0,5,0.06732770484780044,0.2628790646560249,0.539000819036928
auth,20,0,0,2,0.03905621024270317,0.19867426425644408,0.04674557613210404
payments,38,3,0,0,0.02467880585892186,0.25813824930024315,0.3122373731452107
database,14,1,0,0,0.022148874523725184,0.0617765431813547,0.2294047833451825
database,16,1,0,2,0.023877042939638146,0.1173367653259288,0.04003104891742424
auth,20,0,0,2,0.06736624198934342,0.25295508799720534,0.20405298613657966
payments,37,0,0,3,0.10411974809643552,0.13476876523069822,0.29169652281110614
auth,7,0,0,1,0.017264064078029117,0.13985731089868153,0.3304786793797132
auth,5,0,0,3,0.059986797315504714,0.06540494955958158,0.14119593339534436
database,6,1,0,3,0.07822102307710994,0.14631806103705786,0.28290398322033566
database,23,1,0,5,0.009340322880931104,0.13627629444830885,0.36236422841826
api_gateway,44,1,0,0,0.030585955299580123,0.008713914330486267,0.7688519473938363
auth,24,0,0,1,0.0534904784189795,0.08380689697222796,0.19058000614032655
payments,30,0,0,3,0.1219099356457019,0.33488765718347946,0.12052647101707577
database,15,0,0,0,0.07422017368179624,0.30004682261445137,0.15626581533215428
api_gateway,37,1,0,1,0.019926734858662584,0.1420291364416418,0.5552105519054504
payments,37,3,0,0,0.1188809651432005,0.06270517903971787,0.5304577812499369
payments,18,3,0,0,0.1263290596309672,0.11583308186829085,0.4694594194513163
payments,13,3,0,1,0.07447731333459072,0.06960417920644968,0.5867907156658475
auth,7,1,0,2,0.07058620608962562,0.2903361575800347,0.14662375826210916
auth,8,1,0,3,0.03499285337714077,0.06242616445503308,0.04248013975935602
payments,26,2,0,3,0.0550754438542534,0.160862552737587,0.20184132483817568
payments,35,2,0,3,0.11208369676328803,0.11421002868613583,0.08233780909955038
payments,20,0,0,0,0.07272881095741554,0.058406762236843296,0.5629750462982762
auth,12,1,0,3,0.036300144998256144,0.24619445401481463,0.320316768353505
api_gateway,37,0,0,1,0.05215485290548468,0.1666775789785512,0.39477272649006
auth,23,1,0,0,0.08755566543496063,0.26060816846965557,0.2856395941181822
api_gateway,27,1,0,3,0.06991542462196321,0.10177174926812238,0.5956171508896558
auth,3,0,0,1,0.04367225581556666,0.23809949431074034,0.2821762878128763
payments,27,0,0,0,0.07060514992365924,0.3494301223038937,0.09126214889110498
api_gateway,37,0,0,1,0.06303187353919439,0.21205150587637872,0.22367101662108207
api_gateway,20,2,0,3,0.03755716950585233,0.011749268128046969,0.6201074084733585
database,7,1,0,3,0.012188902749231857,0.009111427438261975,0.4242607145739069
payments,19,1,0,4,0.13007282265016828,0.1560264262990513,0.4139212833946416
auth,16,0,0,1,0.08492687504381813,0.0377827249057568,0.2532970362763593
auth,22,0,0,2,0.0969235997267109,0.2209169370150134,0.257852992922252
api_gateway,30,2,0,2,0.00491055563734915,0.15325556541956326,0.27139484100370026
api_gateway,24,2,0,3,0.031288317490626605,0.1247143962307185,0.5072420953422834
auth,11,1,0,0,0.03268787897653196,0.1551467911466874,0.3090546903775797
api_gateway,19,0,0,2,0.014964574476535191,0.0332406573738038,0.47541791570236813
api_gateway,35,1,0,2,0.06193134166911011,0.18131233988598278,0.37241068934049726
payments,26,3,0,0,0.023217905226916795,0.3851139231922929,0.3544419869464508
api_gateway,26,1,0,1,0.020612876640435564,0.05278753281429027,0.17853638429113894
database,11,0,0,6,0.02475208803424283,0.18099105662230316,0.18105518092966544
api_gateway,23,1,0,1,0.04456300485153112,0.038822015618721534,0.6936951987572484
payments,14,0,0,0,0.010986840616108518,0.09971814000184454,0.09067975299902578
payments,17,3,0,2,0.07062246290488472,0.02670010194030277,0.15704058987851083
api_gateway,40,0,0,3,0.03629598339173059,0.13921137813389936,0.37748807831008413
api_gateway,48,1,0,2,0.06269685082326458,0.1651953850478276,0.16501803104753868
database,25,0,0,6,0.07955820621660982,0.12971049111334393,0.4465019653148666
api_gateway,43,0,0,1,0.03792587685715009,0.010369110984398772,0.7353381218217931
payments,23,3,0,1,0.05569063807580907,0.0390829101547034,0.5308631081221958
database,14,1,0,3,0.01611639621432235,0.21349185260730605,0.22296125417303114
api_gateway,23,0,0,1,0.003281705331308782,0.111340957860742,0.15262013674347463
auth,9,1,0,1,0.09234760378183837,0.024067287540308988,0.2232363496757359
payments,5,1,0,2,0.04625281825142981,0.3509956966925952,0.5278164767951229
api_gateway,10,0,0,1,0.019931824456795325,0.21673317614238055,0.6144543356339924
payments,10,0,0,1,0.08275319517096925,0.3142666407777825,0.5965752065223624
api_gateway,27,1,0,2,0.03793051133701165,0.12107839962912131,0.41423822755773887
auth,7,0,0,2,0.044031297575190566,0.13859424769992298,0.27316888387733285
payments,19,1,0,1,0.03289806018170731,0.20696051592998646,0.053108657662651604
database,17,1,0,6,0.04128140347341039,0.1961885058181124,0.4277306300155725
database,6,0,0,3,0.05309646558366171,0.2744116326640953,0.15397444670517002
database,18,0,0,2,0.07996787057600159,0.3408172075044508,0.39168473373443885
payments,36,1,0,1,0.07422426849321302,0.2047608485078496,0.21339430243289909
database,21,0,0,2,0.014414905546522671,0.07722429391486718,0.2981759027550425
database,28,0,0,5,0.060880210220801895,0.1689016643023526,0.25916949468364825
api_gateway,33,2,0,2,0.014821900826201074,0.06099043376788821,0.5962884304680794
api_gateway,49,2,0,1,0.06929685717832172,0.18535190015276234,0.2958670410139438
database,20,1,0,0,0.02062472387737543,0.2503369491020205,0.27951744027026354
payments,9,3,0,2,0.10608424925031348,0.07703265298341117,0.4488028103937079
auth,19,1,0,1,0.036169081130025295,0.07287290154649494,0.36901205721457486
payments,25,0,0,5,0.07547003321224796,0.12354435969458528,0.5543383119601765
auth,7,1,0,3,0.03724236961750071,0.11905544110255918,0.3427395784211078
auth,20,1,0,1,0.011044312694115111,0.21456878693288944,0.15080290123540308
auth,4,0,0,2,0.0021851377207778746,0.02240382984501289,0.21750039266879456
auth,18,1,0,1,0.04266253734763945,0.09590084137037692,0.07705556333099461
payments,14,2,0,4,0.010834402240871677,0.11493213329105978,0.24755637131404984
api_gateway,27,2,0,2,0.07308864373482137,0.12137582720530674,0.13135787726080253
payments,8,0,0,5,0.004682034050812134,0.14054237386197072,0.08735941232255443
database,7,1,0,6,0.06280435472203999,0.02058328576943865,0.2857846331012821
payments,26,3,0,0,0.11692975227358994,0.05825149541018058,0.3300663718853234
database,29,1,0,1,0.07155932358998332,0.048574054937355456,0.43834003689463946
auth,7,1,0,3,0.08210785774468501,0.21209908908912545,0.036700491796543555
auth,23,0,0,3,0.06274456098169422,0.2802990024650833,0.07919234018340776
api_gateway,45,1,0,0,0.04022219216903726,0.02503109771271797,0.17774071183190576
database,23,1,0,2,0.01250066541261165,0.13315253101219368,0.12322817478136117
api_gateway,41,0,0,2,0.06258358116606362,0.14560591610753001,0.3524149953054845
database,14,0,0,6,0.05169521356265897,0.21476221831727912,0.45748034129472076
payments,26,2,0,0,0.0323194360913595,0.3174149608915324,0.0962009429863441
auth,3,0,0,0,0.005258686021437709,0.2585900268471324,0.21686064541318975
auth,4,0,0,2,0.05258929685789998,0.062319024660533434,0.21524665688240593
database,6,1,0,4,0.007451240723590127,0.15405237097108548,0.23674665403564246
database,19,0,0,4,0.008886157164062443,0.09594646558467836,0.21625109706422327
database,10,0,0,6,0.05817441183567833,0.31905628568545563,0.4341015419073387
database,14,1,0,1,0.036502408821890334,0.04220517564138223,0.11427118363456709
database,13,1,0,2,0.0437917718107115,0.046600420696691514,0.166708367233378
database,7,1,0,4,0.0770113330357505,0.24142396289901555,0.4575043282441043
database,28,1,0,6,0.034741452885093685,0.1321778327937179,0.40498425961840234
auth,15,0,0,2,0.020381949371651133,0.011716385523766826,0.22563417426971832
api_gateway,8,1,0,0,0.012938754355992978,0.16313352834178363,0.7645752900192191
api_gateway,28,1,0,2,0.03851895423395681,0.18926991581626423,0.6472672323660957
payments,11,1,0,0,0.12588119295591885,0.11442402066371421,0.5928025428200168
auth,8,0,0,0,0.033874449424367216,0.051656558266728825,0.33846797028778974
auth,19,1,0,3,0.07614475821271212,0.17735543613482196,0.065524074482051
auth,16,0,0,3,0.034247255623582884,0.15523966609611792,0.1721652990745591
auth,23,1,0,3,0.08505221096049746,0.13779134369738666,0.27893256250243115
api_gateway,24,0,0,0,0.07956097177490762,0.05264538047854583,0.5852076692527505
api_gateway,11,0,0,2,0.06286639278968101,0.23581023689946465,0.36712931374620117
auth,3,0,0,0,0.025270785970912493,0.09473561503196368,0.12196635159619394
api_gateway,27,1,0,0,0.03635592316707435,0.07129498848344928,0.5735930658688937
payments,21,2,0,4,0.13986659675660262,0.2714189365672643,0.31843308594831454
auth,20,0,0,3,0.08653743120928244,0.2364432041903733,0.045934947733255946
database,25,0,0,3,0.006301561113192102,0.22393625085948432,0.37353491883501483
database,18,0,0,5,0.06082142210591696,0.1460570716638349,0.0493901873151595
api_gateway,41,0,0,0,0.029016952069462684,0.24071002166933309,0.22992388204293546
api_gateway,21,0,0,1,0.07644697063956095,0.21020674489664254,0.5853814329466946
database,9,1,0,1,0.02855612556112691,0.24858449222632284,0.25646629968393064
auth,6,1,0,2,0.09353822607327862,0.034128516513262985,0.11215328535707032
auth,6,1,0,3,0.09967264010577331,0.12765949344026498,0.08314952507668426
database,16,0,0,1,0.06860513123193002,0.28747662743420516,0.4160356917075617
database,9,1,0,2,0.06780942281830982,0.25017207790211804,0.04887725268473256
auth,5,0,0,3,0.09899349514629996,0.29338738408635134,0.03710789723720049
api_gateway,25,2,0,0,0.07773921012823735,0.14639254337031918,0.2843483098674554
api_gateway,40,1,0,0,0.011933767848852802,0.2393615623036709,0.42204298739737833
api_gateway,8,2,0,1,0.052899336887640376,0.044709506057946574,0.7335189447027448
payments,13,1,0,4,0.043780076555459964,0.033521663638024314,0.5224754813386608
api_gateway,26,1,0,2,0.07526504842783376,0.08338718866927666,0.746028373700783
api_gateway,13,2,0,1,0.05972857457702183,0.06861119201648994,0.25608717213452775
api_gateway,33,2,0,1,0.06474340114852375,0.17277467127839605,0.4085321401764984
auth,22,0,0,0,0.05261427596891464,0.05363288626514614,0.04952659556173426
payments,38,1,0,2,0.09642098866292605,0.157996108219613,0.21567416143425366
database,28,1,0,5,0.01956476407450315,0.10306186240410267,0.4214882993980944
payments,12,3,0,1,0.12838877843869467,0.36986044216207237,0.5506219357756716
payments,34,3,0,1,0.0835877749977616,0.39021093160836073,0.12175060010326665
database,16,0,0,4,0.062327300301089,0.22824972156398515,0.4294542306153058
payments,30,3,0,2,0.09271544483425452,0.05237250085071099,0.3540629877916225
api_gateway,30,2,0,1,0.031213275558032594,0.24246824260825067,0.11390265910991233
payments,37,1,1,5,0.02040843516474644,0.16091787123052748,0.5457699676760782
auth,11,0,0,1,0.0550765726372153,0.12030294593189003,0.311926250389037
database,9,1,0,1,0.04457385332439524,0.1344086036917015,0.2937256510848895
auth,9,0,0,1,0.05452110788174002,0.17692585635963168,0.16773569750105832
api_gateway,18,0,0,1,0.037479595502853805,0.03886110990129815,0.3796997005004852
api_gateway,23,0,0,2,0.0026677490443634522,0.018244296721520725,0.429682707620645
database,5,1,0,0,0.02064643690863366,0.05602665687267615,0.4766776719771903
api_gateway,37,1,0,2,0.031700928857188934,0.18156774887380694,0.3703486356822402
database,27,1,0,5,0.057832008035625534,0.10666663042934502,0.19711662317435377
auth,17,1,0,3,0.06319329628514446,0.27073606176165615,0.07621445951205191
database,7,1,0,0,0.0055763746165387665,0.1709293204341978,0.340957051952189
auth,10,0,0,2,0.05058106835197151,0.298396266887433,0.21460191639293627
payments,22,3,0,1,0.0914201645049933,0.24950887626034116,0.4570197697412973
payments,30,2,0,2,0.14211419970896896,0.15357955770518905,0.1968835171316481
payments,23,3,0,4,0.14231857465378772,0.10815329412426254,0.585717173734635
auth,13,1,0,0,0.08548341512373361,0.1609048883698668,0.031252075032371644
database,27,0,0,5,0.04006650130292816,0.04098292839899933,0.15464881048325568
payments,6,1,0,1,0.13517664348260333,0.019033277018444972,0.23859065024193882
database,7,0,0,1,0.05396541209015893,0.2477271745816619,0.13530138664374877
database,11,1,0,3,0.035196830116976975,0.3110243610420117,0.07111204305257325
database,19,1,0,1,0.07477013860220627,0.3461076917392547,0.19299836864673928
api_gateway,29,0,0,1,0.04864745046706417,0.11971999115627355,0.6301875683737705
payments,22,3,0,2,0.004228701067083324,0.057884254454607965,0.48413341528730375
api_gateway,27,0,0,2,0.052336829295115364,0.04898436465816178,0.5055138770444009
api_gateway,20,2,0,2,0.026151719639654375,0.005616028364723219,0.36791267029373664
api_gateway,31,1,0,0,0.02614974120850463,0.03466369800279348,0.2349419426463105
api_gateway,20,1,0,1,0.041825679521654814,0.1474280330659953,0.6307079884727935
payments,34,2,0,1,0.10791899515049579,0.2955220200314746,0.44928282863059094
database,14,0,0,2,0.02193513343593981,0.11504835978560801,0.3831468155170008
payments,26,0,0,2,0.03937629063998161,0.1214040499512446,0.2634270985321278
database,25,1,0,0,0.002156380783850498,0.12546935560544792,0.23750781737902144
database,23,0,0,4,0.027099903651155374,0.010649987482627375,0.27900958436487694
database,28,1,0,4,0.04691742176324378,0.13438301302619862,0.12767336446341343
database,15,0,0,6,0.04488899085664629,0.03794694589540168,0.21414075108700287
api_gateway,8,2,0,0,0.07159016508205233,0.16909760190724685,0.1387472677397227
api_gateway,35,0,0,2,0.02178196082367539,0.216095435953765,0.7888364551377821
database,8,1,0,6,0.053103754710604786,0.037349744324185113,0.3264141022432012
auth,24,1,0,2,0.06157897989801245,0.23048278433985675,0.06711821470151338
database,14,0,0,4,0.026509683702880017,0.3200256954482186,0.11860803644812412
api_gateway,45,2,0,2,0.06990042575216147,0.15053780226797214,0.6829101294932356
database,24,0,0,0,0.055641300507799515,0.2271144392989765,0.3230404973992292
database,12,1,0,0,0.03537045938163041,0.23715937377595478,0.47011415573446796
database,26,1,0,0,0.07660315512134808,0.13842063416542275,0.19735379010720872
database,10,1,0,0,0.016447172899779483,0.21301916975454027,0.2042079476325904
auth,7,0,0,0,0.004644881728576156,0.12532820148736265,0.2712643532835528
database,20,1,0,2,0.07085817665895652,0.040790427235361554,0.16564434277832304
database,24,1,0,2,0.028681774304227678,0.2957670495036007,0.19164774252924877
database,7,1,0,3,0.027028570330956,0.323454455312812,0.20786343662399284
payments,14,0,0,4,0.05438748188920156,0.1471388724571204,0.5733691701919282
api_gateway,35,1,0,1,0.051518673869639084,0.07316996797515726,0.15027540154406813
auth,3,0,0,0,0.008478062372975437,0.1515191352539988,0.3517246508274121
api_gateway,37,2,0,2,0.04054247280692147,0.24060125851330671,0.6017637493633635
auth,14,1,0,3,0.054519082909029654,0.286644268434249,0.3132676479281622
payments,32,0,0,1,0.13800572461635788,0.2710444728398377,0.587065526910479
auth,14,0,0,3,0.003580929441773073,0.1968043738774519,0.26601294823718624
payments,18,1,0,4,0.07329073888169771,0.06329629672610508,0.5609207045649428
auth,11,1,0,3,0.046939437853132905,0.20209629923467295,0.38523960449236794
database,8,1,0,1,0.015201903407412277,0.20154612026624966,0.34714280825801574
database,5,0,0,3,0.0666487533935709,0.2940483575364823,0.14428997906793098
payments,26,2,0,4,0.05159694544745553,0.21279532730831274,0.5457627712458614
payments,14,1,0,2,0.11078085592138613,0.22088891206953865,0.13922626410307332
payments,8,2,0,1,0.09322609667071262,0.3727776558617488,0.3602467069287438
auth,22,0,0,0,0.03450206666104666,0.15154737558845002,0.3531362838137019
payments,5,1,0,1,0.07764447425969508,0.15925979740916263,0.07029130890092249
database,21,0,0,2,0.0048602983670416045,0.00920144710825303,0.0774220914525823
auth,4,0,0,3,0.004014777002874038,0.2126925437818017,0.2953946996148794
auth,18,1,0,1,0.006224372615878094,0.03779335824575048,0.1416502961825854
database,29,1,0,5,0.06438602908923835,0.3133026400315981,0.3143788125217203
api_gateway,28,0,0,2,0.07558992506088162,0.09578535523877538,0.6372075188877859
database,4,0,0,4,0.039716870276033,0.21300723031180877,0.11691886128763668
api_gateway,38,0,0,0,0.004766943518329967,0.1863351702591772,0.5635345919984643
auth,16,0,0,3,0.0021788949762255537,0.2803367060288344,0.11242050201242945
payments,12,3,0,4,0.10393176415449783,0.34493396657589265,0.3388612101269384
auth,8,1,0,2,0.06263010947738659,0.2164975648452472,0.17827204439206296
payments,5,1,0,4,0.037119447184971954,0.3286310767043352,0.11959945229237447
api_gateway,21,1,0,3,0.06381696761070509,0.1329805816439948,0.5886137394871978
auth,10,0,0,3,0.02884583504181284,0.03144119686187671,0.2088835537996399
database,27,1,0,1,0.04611412039233095,0.27893094726758016,0.12822701827844643
api_gateway,41,1,0,0,0.004899455394073282,0.07630662247039666,0.7867011734540914
auth,3,1,0,2,0.03599615248831555,0.2533669127136481,0.05294920388052975
payments,7,2,0,3,0.13191940402678384,0.35802668917448566,0.39882539934748806
api_gateway,49,2,0,3,0.06156212414781497,0.16990692417299907,0.45962372456965683
auth,8,1,0,0,0.02854577202871508,0.031283327349463874,0.15618633002037738
api_gateway,49,0,0,0,0.016897121080152004,0.2443450434086151,0.7793450249357894
auth,21,1,0,3,0.056381748057517105,0.1980563992493575,0.14684330504425433
database,10,1,0,4,0.05002104220346674,0.3055077596649166,0.17613412714336707
database,20,1,0,0,0.020274236959311746,0.32036101742375583,0.3867522820998231
database,5,1,0,3,0.0748117365000296,0.27872432937761366,0.37959594004538477
database,20,0,0,3,0.06351605496841219,0.015013568335876647,0.05979572432107942
api_gateway,23,0,0,1,0.05249063553955262,0.1932266863848804,0.4000556597859466
api_gateway,35,0,0,2,0.050698545622593655,0.1506148607106741,0.4153183885098829
auth,14,0,0,3,0.06082976137418969,0.019317883939870915,0.3619500120862176
database,6,1,0,6,0.044987831114825606,0.10617924013505628,0.22086807061742292
database,10,1,0,4,0.07068829956504691,0.14895452604947274,0.07750200226114508
payments,16,3,0,3,0.06574479120497488,0.12866498855789882,0.28923910883842485
payments,34,0,0,4,0.13626151609028542,0.011598697734379205,0.39422211838856436
payments,30,3,0,1,0.01959515723360396,0.3911973694952939,0.14160007372659072
auth,23,1,0,0,0.05264985273282413,0.28844126535742476,0.13919663628224854
database,10,0,0,5,0.0014153538496918649,0.23483531192460425,0.4882239227932069
payments,22,0,0,4,0.02184429700581351,0.14592723852314277,0.1249285083501491
auth,8,1,0,0,0.004928020144774493,0.11313511925150406,0.1918243332551577
payments,9,3,0,3,0.04739037335784552,0.2635421616907369,0.43872090502389705
database,4,0,0,2,0.05047303411726586,0.3283998953034137,0.20107652415454091
api_gateway,10,2,0,2,0.033642697658262825,0.06978176477760267,0.3893339592357996
payments,7,0,0,3,0.08657800143349632,0.29869732311926395,0.17292187284071198
payments,17,1,0,5,0.09550393715369125,0.37112402465907857,0.5372580187292417
auth,19,1,0,3,0.026493088622240604,0.27096200037473683,0.07827107372529865
payments,25,3,0,1,0.0973730947246309,0.0656739856225435,0.2811596430298403
database,21,0,0,6,0.032847953735181956,0.2872408028751167,0.3900020639555462
auth,24,1,0,0,0.09062673972898302,0.2824608738115478,0.04409430328812556
api_gateway,30,0,0,3,0.040185437047399145,0.12446212276658636,0.6651001581136599
payments,27,3,0,2,0.05721132148546851,0.1157409640888985,0.5585368927831346
database,28,0,0,0,0.06748990308717126,0.3494459372772392,0.06750769728600546
database,15,1,0,6,0.03957481190532655,0.1424556822521559,0.3544331458464993
payments,7,3,0,5,0.011164262765777349,0.2068601449135509,0.07505258578094387
payments,26,0,0,1,0.08311489205937392,0.3187790016062584,0.5232813176230947
payments,30,2,0,1,0.09671350898851393,0.1519602089290816,0.29415418392559683
auth,7,0,0,0,0.014329599143093442,0.2984549421185378,0.08408118091037978
payments,17,2,0,1,0.009182498721535802,0.13837980714528117,0.11683114324571639
database,11,0,0,0,0.06703200406887903,0.32046832337337466,0.30477569955898365
api_gateway,41,2,0,0,0.041427019152213196,0.16373788148611312,0.506970050238334
database,25,0,0,2,0.07321986156160916,0.08195506576035644,0.12567508485123938
payments,17,0,0,0,0.12115535535660854,0.05437309894692826,0.1682624131459015
auth,22,0,0,3,0.06150849664876834,0.05927921545232384,0.28904793810870255
api_gateway,20,0,0,1,0.035725190377505635,0.21204348801363682,0.47588424461364254
database,9,0,0,4,0.04967106153453982,0.025535261400097268,0.4471507329897328
payments,22,3,1,5,0.02127665964254778,0.2227808366656701,0.39407427090836394
auth,23,1,0,3,0.05884438276405232,0.195251507651072,0.07929087979484561
database,25,0,0,2,0.017062953435914477,0.030445591988380986,0.42234990990894655
auth,4,0,0,0,0.006715778238282133,0.10442670967550492,0.2420361436512646
payments,30,2,0,5,0.11961308309124964,0.2363487691897034,0.48302921060156734
database,11,1,0,2,0.0005870100178507709,0.029134261757539345,0.18299020462649368
auth,19,0,0,0,0.0761720891095188,0.21446112320321556,0.1825040273195563
auth,15,0,0,0,0.023902563680366917,0.18828201639961908,0.18773827671759646
database,6,0,0,0,0.04947163875403659,0.28984733183103534,0.18138586739611393
auth,19,0,0,2,0.0070439985970260355,0.11687857453158844,0.28818714141495305
payments,31,3,0,1,0.009843913226672635,0.02785834709930626,0.5885940260847533
api_gateway,24,0,0,3,0.03741435875755338,0.21871974068107167,0.5922740710727549
payments,29,1,0,5,0.05187428554643909,0.07899451266081292,0.06146488189423545
api_gateway,47,1,0,1,0.06119725534909787,0.01875252944510941,0.4969570047393136
auth,16,1,0,0,0.029766450592931426,0.0753938876176331,0.32771030336994966
api_gateway,16,1,0,2,0.06608697276512229,0.17223759715960157,0.29889265405775683
database,15,1,0,5,0.025481486126822734,0.20197405049710992,0.19820002102454282
auth,7,0,0,2,0.04932644341051065,0.29021579629910793,0.19117933072488127
api_gateway,43,2,0,3,0.07965822843669346,0.020875477985782848,0.5267170404157162
database,11,0,0,3,0.02802731216931746,0.021635331822905217,0.1821508587858454
api_gateway,38,0,0,1,0.04971286726675256,0.04647475655896463,0.6079876226283737
auth,11,1,0,3,0.09745325536623746,0.26289180890003816,0.20837305747405757
payments,36,2,0,5,0.13377303171099192,0.07896149349221702,0.5503450715492768
payments,10,3,0,4,0.06972821712199061,0.25499952117366526,0.423520857234174
database,17,1,0,1,0.07666804504011142,0.3321603397156826,0.13859895762929006
api_gateway,10,1,0,3,0.029497561249490396,0.17611886254752404,0.48985630996709595
api_gateway,21,2,0,1,0.027012611474982757,0.11600274436561145,0.23183083101458535
database,11,0,0,0,0.026235092722879046,0.1790210058426838,0.0580271207970824
auth,7,1,0,1,0.03685766938381376,0.14377271251179916,0.22892335034331165
payments,14,2,0,1,0.02347938201236118,0.016752157535510206,0.5815251128678859
database,11,0,0,0,0.0498488550070445,0.19574030456377012,0.08077328213800804
auth,16,1,0,0,0.08759339254453248,0.019116998006615482,0.32573500883703044
database,13,1,0,4,0.006131030012366301,0.23146625624488482,0.24243843893049483
payments,27,1,0,5,0.04267679396136662,0.19700874160820336,0.15294521320982085
payments,10,1,0,4,0.07889198653521891,0.16737979887018326,0.5495422050723863
payments,39,3,0,1,0.05680550333717389,0.03876693082679794,0.48976825425610154
payments,9,1,0,0,0.12817731538661242,0.36637720158162096,0.4421673010063071
auth,9,0,0,3,0.08755763666677144,0.010146492515759763,0.05786841574148503
api_gateway,29,0,0,3,0.05564718279008796,0.056669178809833826,0.13901462616612334
api_gateway,40,0,0,2,0.02129466362247956,0.0302792688654005,0.5627338662608912
api_gateway,43,0,0,2,0.026689804555060946,0.12419960202396474,0.15629783822121396
payments,33,3,0,4,0.11230082628764862,0.13149839533984262,0.5656392927177706
database,26,0,0,3,0.07294618112347935,0.0696191269228508,0.18258811890449048
api_gateway,24,2,0,3,0.01629380156093931,0.03144288094454653,0.20130438396057604
api_gateway,46,1,0,0,0.021122004711967745,0.1755314310700084,0.4371264722771484
auth,3,0,0,0,0.08225837321614322,0.2984070389893575,0.1126433231116689
database,13,0,0,4,0.04683137688293154,0.2258590713875608,0.40022270905000973
api_gateway,27,2,0,0,0.05374860538206007,0.20527401896220573,0.7421854700792889
database,27,1,0,2,0.01202801007353842,0.19129465081170072,0.25500965205144155
api_gateway,31,2,0,0,0.034252300339630955,0.22252937720611018,0.7663917730827015
api_gateway,12,1,0,0,0.02978736004953305,0.021139526118909985,0.7682203596839501
database,12,1,0,2,0.04528433248688425,0.18917626174924465,0.28840384199340585
api_gateway,43,0,0,3,0.061314420313871604,0.02013176844300779,0.28982935928945047
payments,6,1,1,0,0.12627130635432282,0.011408009935459297,0.36730717622980386
database,16,0,0,1,0.059432707683904226,0.003923858136548102,0.2527891326780668
auth,21,1,0,3,0.08130512071433083,0.11156939717248236,0.22180733059154845
database,6,0,0,2,0.06024667677385646,0.3425509979695348,0.1638119337012567
database,14,1,0,3,0.00678109281796508,0.1305328222242807,0.1251843815265261
auth,17,1,0,2,0.04726647293648448,0.10262303879132123,0.3856469234524581
database,25,1,0,5,0.055808360111548966,0.13849575069191106,0.35264416460264564
auth,21,0,0,3,0.007559587516160127,0.09617817212409532,0.1351353686093163
database,6,0,0,0,0.05577865123522165,0.15436453278978438,0.28757608801071394
payments,11,2,0,0,0.05044690912574333,0.17904954906620998,0.49595129581098313
api_gateway,22,1,0,2,0.040591291440191614,0.11998238093630256,0.6020815755891911
database,10,1,0,3,0.06054794124013175,0.020659348787148046,0.13441699761023318
database,12,0,0,5,0.0033542013571606424,0.05872289713654807,0.264528572259659
database,29,1,0,4,0.065199951187648,0.2255944599875212,0.4182469101007789
payments,25,3,0,4,0.004799169021648708,0.20673470709379968,0.26892374575725264
payments,16,3,0,3,0.04809298598253401,0.09111133664712057,0.5144344832160477
payments,18,1,0,3,0.04808448365413868,0.15748766786121504,0.5249926505059743
api_gateway,21,0,0,0,0.014260244399084998,0.19971179099059452,0.32405606918228846
api_gateway,12,1,0,3,0.03473545305379361,0.09679101455152544,0.6096369207338815
api_gateway,29,1,0,2,0.0764439954270433,0.09221452354008328,0.20171391097421693
payments,26,1,0,5,0.03517260101747549,0.31007630771756234,0.29039294551661127
payments,10,0,1,5,0.14171251203153176,0.21694358019692858,0.4165961504137288
api_gateway,24,0,0,2,0.07133239253922097,0.12584403308405956,0.11733623355255784
auth,15,1,0,0,0.04093429638289447,0.21378632380449655,0.1867602715586036
database,7,1,0,3,0.057896354077362454,0.28914853112436606,0.12698188040509523
api_gateway,14,0,0,1,0.06490872126021913,0.22592244558997154,0.3620197893425895
auth,12,0,0,2,0.008004132409144061,0.08029444871005476,0.13468333376067443
api_gateway,33,2,0,3,0.037505105585110554,0.02459447840481066,0.5248305517818739
auth,3,1,0,1,0.015196252587821514,0.057760445317132,0.3030754678552563
api_gateway,29,2,0,2,0.016398319217109512,0.07786753879333008,0.2793726721219697
payments,5,1,0,5,0.14950249169020194,0.31229309201146793,0.12256140416459596
database,21,0,0,4,0.06486479171859771,0.29559124674614756,0.2724032931485778
auth,17,0,0,0,0.0028986930093758082,0.16061925822764306,0.22844203535585925
database,25,1,0,0,0.0254219500021353,0.27186157816436174,0.37831937039862457
api_gateway,32,0,0,3,0.04523693706533586,0.11092981238416977,0.339955946989062
api_gateway,8,1,0,3,0.012057912482851539,0.189967110963735,0.4441723406015464
database,28,1,0,6,0.010658376582147388,0.21721463538109084,0.14848777951390665
auth,20,0,0,2,0.006577670341114461,0.1711712127391164,0.06489991576115572
database,7,0,0,6,0.06638710760185801,0.12600663537527668,0.052236106012982494
auth,10,0,0,1,0.01765541922428405,0.012873681798058244,0.34200600783966484
api_gateway,48,2,0,3,0.023474624333967898,0.21657002660185906,0.43434641840098553
database,26,0,0,6,0.06250501027428836,0.14877811099965166,0.3684068561652406
database,4,0,0,2,0.05422956272139632,0.11769235788188022,0.08040378490567664
api_gateway,20,1,0,2,0.03011877307550062,0.1642376060807554,0.45415437528082625
api_gateway,14,2,0,3,0.0050172718008109915,0.055597756497388406,0.4951273623501411
api_gateway,28,1,0,0,0.0692955977143054,0.11488811177718658,0.5467686750998666
database,17,1,0,3,0.07095042280968325,0.042727887165283474,0.36110117945769293
payments,35,1,0,5,0.03451267377862125,0.2944328577348342,0.291720881913425
payments,28,0,0,5,0.1159260125139755,0.15178455223738593,0.5484948161026053
auth,11,1,0,0,0.037397025927733266,0.032359301533272745,0.27234123953294964
payments,38,0,0,0,0.00984011474175443,0.274770966709721,0.1310005946740797
payments,39,3,0,1,0.10011232958007465,0.39154240607129387,0.3854278042420457
api_gateway,49,1,0,1,0.061153313175247595,0.033266913342833965,0.20790691421436572
database,13,0,0,4,0.007390792559699531,0.11692745458419103,0.2916788589460449
auth,18,1,0,2,0.08527367457319317,0.0048554006795673565,0.10137068516210962
api_gateway,31,1,0,1,0.018992234457683662,0.21241295538095942,0.49180260588345726
auth,23,0,0,0,0.047129482853331676,0.004532233676311314,0.04261620881669869
database,10,0,0,0,0.03675434547140249,0.04948126946166881,0.460309886170389
auth,24,1,0,1,0.07567798069785375,0.24763107468149953,0.061158978006154205
payments,18,0,0,5,0.09891348702748744,0.35382879482330504,0.28744428676463607
auth,17,1,0,1,0.003735163481581283,0.10626620341028277,0.08738488021846251
auth,6,0,0,3,0.05632647205206205,0.08272387817551091,0.3897078118382793
payments,36,1,0,0,0.07928763021561634,0.2788364553043034,0.11725879664932973
payments,29,3,0,1,0.008176391612057937,0.19455665123555754,0.33222782583230237
auth,20,0,0,2,0.09612792423673865,0.2017534107892218,0.2135328794803178
auth,22,1,0,2,0.06433243136757882,0.15851969502044597,0.14470000414827167
api_gateway,25,2,0,1,0.03298154074403198,0.012127211762748391,0.6564960528421686
payments,26,1,0,2,0.1213199166751726,0.20341555659908317,0.2202148685571768
api_gateway,15,1,0,2,0.03638515770390068,0.019590932448634107,0.29251585153808035
api_gateway,35,1,0,2,0.02290530284450961,0.027545595953184177,0.40379488619010506
database,14,1,0,2,0.0006802513392763388,0.1705698857986126,0.4129411838074269
api_gateway,43,2,0,3,0.06576353515485318,0.19293060140452772,0.7370255244130923
payments,5,3,0,2,0.05000517571748442,0.3008619569030664,0.5874828607502469
auth,15,1,0,3,0.09110851315740487,0.17107183273374021,0.10508257770973564
api_gateway,9,1,0,2,0.008995019569117808,0.07799338272078746,0.5754500301077233
auth,18,1,0,3,0.024787557232395077,0.14033287949581041,0.21766906222089322
database,28,0,0,0,0.016680483851217256,0.26740050960974465,0.1604554249771476
auth,20,1,0,3,0.08124559504031124,0.12255686872915877,0.26251077368226483
payments,37,1,0,3,0.1483825025130879,0.18762413608846146,0.31470188278138916
database,21,0,0,6,0.06964988507290505,0.3184478412024298,0.3322664130170555
database,27,0,0,4,0.022071905353747825,0.10866738159104736,0.15983112766886998
payments,18,2,0,0,0.047938413938999745,0.23593375777590225,0.05909541850836894
payments,11,0,0,2,0.14798542361689898,0.27421544822504934,0.2395090493933314
database,29,0,0,2,0.02060552260189577,0.2730816785031303,0.35019446972017065
api_gateway,11,0,0,3,0.05686776872203342,0.18082958799019302,0.2000766003079931
auth,14,0,0,0,0.09648231254722478,0.005497850563559592,0.06312080892410762
auth,22,0,0,2,0.02519082653674215,0.21282083091579937,0.28332850214386884
auth,3,1,0,3,0.08839183964342784,0.27754644551716307,0.04772226794294719
auth,13,1,0,1,0.06427419004014251,0.003940012112980118,0.22185170906559376
payments,23,2,0,0,0.11912018425984085,0.17000096564927902,0.5418665913252564
api_gateway,23,2,0,2,0.07045827822791732,0.026113442822468164,0.1768162476977151
payments,35,0,0,0,0.055573715558927136,0.1378023573576253,0.12005461981834849
database,12,0,0,2,0.05929084122963763,0.14286712362020745,0.4316690305218877
payments,12,2,0,1,0.0995687435912166,0.0289086836045406,0.18953325649769592
auth,8,1,0,0,0.014687187583320738,0.0661937834036871,0.22179255853171542
api_gateway,8,0,0,3,0.052728235478758476,0.08756232000954164,0.7525566864883999
payments,9,3,0,2,0.07947508334431054,0.30171293321408643,0.4679984370820326
database,4,0,0,3,0.05653596712230104,0.024393522849201047,0.20637846623340836
auth,6,1,0,2,0.015854153559161043,0.04783802933603015,0.19961311776311316
api_gateway,19,2,0,1,0.02014494185444873,0.02123487285449624,0.4822962532216998
database,26,1,0,2,0.02022818159860911,0.09321938948084105,0.43068661666482155
api_gateway,48,1,0,1,0.01419951027276765,0.021867254681951276,0.7664753660609821
auth,9,0,0,0,0.07634178142206718,0.21387173710945126,0.22560265790543682
payments,13,0,0,3,0.07981302359070169,0.35386999398134,0.36848989022729695
auth,17,0,0,3,0.0035710949028143093,0.028549170024064506,0.30847186325068454
auth,5,1,0,0,0.0026284772337607067,0.23397473373162295,0.2670557690181793
api_gateway,34,1,0,0,0.03653278418627231,0.21247732343415504,0.3868386869381877
database,27,0,0,5,0.058291375134724925,0.23625384863011,0.39510776892613025
api_gateway,35,0,0,3,0.039436648039171386,0.24336474567944047,0.6471338657273484
database,10,0,0,1,0.01584005873762033,0.2158540822582827,0.19738607511149917
payments,6,3,0,1,0.13273901202674498,0.0166383825025878,0.11688998625080715
payments,39,1,0,4,0.128811745279437,0.13020133525045416,0.474493007663029
auth,15,1,0,1,0.08315453313427966,0.08895651611734383,0.23813345213369466
payments,7,2,0,4,0.050603861753591946,0.1615244020989997,0.25485791640165956
api_gateway,18,0,0,2,0.053200079327865954,0.08649852292192417,0.5760247410867662
database,20,1,0,1,0.054421809517264226,0.32764410730863025,0.3898101001884901
payments,38,2,0,2,0.07688643238863174,0.023318881544942816,0.2497207907692997
payments,25,0,0,2,0.11124567279264314,0.12271771324404052,0.07353079753599732
api_gateway,11,2,0,3,0.005332239354284498,0.17793407709969367,0.48110626140266755
auth,5,0,0,1,0.023009079204003958,0.027928799562905126,0.1783193764099608
payments,29,2,0,3,0.0998647860398051,0.013919679947340047,0.170935644339042
database,18,0,0,3,0.026324902797163985,0.2918584410911319,0.30373898587877757
auth,24,0,0,2,0.07459546179039996,0.15021167714816558,0.3676961781744338
auth,17,1,0,2,0.057076879658590145,0.06056881683986695,0.17298887318021228
api_gateway,17,1,0,0,0.07113686360086932,0.10586880468783874,0.2793329596809908
api_gateway,36,2,0,1,0.021312022847209598,0.20967581664687912,0.3955333577174944
api_gateway,39,2,0,0,0.03984459215724308,0.06866425008198787,0.7290717328306618
payments,30,2,0,3,0.01250685806531393,0.1906271774320074,0.31414680911609505
api_gateway,40,0,0,0,0.00258352287365752,0.09921580270768307,0.5178799533449732
database,26,1,0,1,0.05856496776554728,0.03095615142868073,0.4482754384353234
auth,11,1,0,0,0.0820027822265425,0.15210089714885158,0.342581939451693
auth,7,0,0,3,0.03409358803141956,0.2745422218552184,0.2009713037112118
database,17,0,0,6,0.07805684530271265,0.030317080153347244,0.10870252300980096
payments,33,2,0,3,0.06899129269409442,0.1883049569550412,0.35945976581922
api_gateway,18,2,0,0,0.01563532965392345,0.12981679203422947,0.24565369214099983
payments,15,0,0,0,0.08233987867490064,0.10114199150502352,0.5000166007537546
payments,38,2,0,1,0.14509921670302045,0.32170446175138,0.4558742161391161
api_gateway,37,1,0,2,0.00597047065887189,0.136857696467804,0.4491883884919571
api_gateway,25,1,0,0,0.022076851354758578,0.23622343448316285,0.6412767041250133
api_gateway,23,1,0,2,0.035704345855534746,0.20957600390718087,0.7591339408857398
auth,10,0,0,1,0.07701595230861526,0.07209172485478173,0.3809022377208682
database,18,0,0,2,0.05710738240398612,0.0559787583038474,0.32741282495129326
database,13,1,0,4,0.04785062638025117,0.09620650225318787,0.4386906149519664
database,11,0,0,6,0.0647664096365488,0.021655116312111936,0.18733110056079055
database,13,0,0,2,0.06823303362118281,0.16753808897006117,0.26554435672311866
payments,13,3,0,3,0.1285543542495867,0.3556477422909772,0.5848829651878584
auth,12,1,0,2,0.08363098750156717,0.031909239908149686,0.06169064574870177
auth,5,0,0,3,0.04506210479302757,0.2889473100768306,0.05318868983972737
auth,17,0,0,1,0.06085123425253467,0.08885229438048071,0.2425939512163113
api_gateway,47,2,0,1,0.0072012119637511335,0.06306277562339005,0.24122099372676428
payments,10,2,0,0,0.09506749271209314,0.0574750500736851,0.5312689921848922
auth,16,0,0,2,0.05486383916955772,0.19269806758523952,0.05413608466897013
auth,17,0,0,2,0.005954413800249626,0.28837041116765666,0.2157873954406812
api_gateway,34,0,0,1,0.05993824758208281,0.12532915452339213,0.3174774358973767
auth,10,0,0,2,0.0009772231419481248,0.2572833705976672,0.37818269240213154
auth,17,0,0,3,0.047343786783827446,0.1444682903332038,0.2166178224614863
database,29,0,0,0,0.058779078061206955,0.23680156747928247,0.46064963684330673
payments,8,1,0,1,0.01527708977135741,0.09322127519394346,0.2642520404648373
database,18,1,0,6,0.007669573976657471,0.17810545912469664,0.049426103406789254
api_gateway,29,0,0,3,0.035221350597119776,0.19505040014904304,0.2775077434740104
payments,29,1,0,3,0.1439388221413851,0.19399691383099982,0.548780057500479
database,27,1,0,2,0.07430767807010036,0.16083629555909754,0.16088840355254397
auth,5,0,0,2,0.016381366359431538,0.14986869334207062,0.2645162811692588
database,4,1,0,6,0.009633858094461526,0.31751486260696143,0.35020724765778755
auth,17,1,0,1,0.07464597592217775,0.1091498130805156,0.31321962548133964
payments,26,1,0,4,0.13043117532888274,0.1672526399174491,0.3451050690559396
auth,7,1,0,3,0.06710124748448701,0.049282969770677205,0.2921795238201411
api_gateway,48,1,0,3,0.05517779085173271,0.18237002281712525,0.2945502330305109
payments,32,1,0,3,0.041965039633056124,0.23801853796950448,0.5275781800077023
auth,3,1,0,0,0.05881115704556024,0.08771177529907638,0.10735637556112917
api_gateway,36,2,0,1,0.02388581973664275,0.10145012027272526,0.4347752720841608
payments,18,0,0,5,0.08003316503303691,0.12046360791417815,0.40281970298535824
payments,13,2,0,2,0.00566767598935195,0.31220872110280873,0.48442745905885853
api_gateway,28,1,0,2,0.02921262834121813,0.14103668679077935,0.5316994474379741
database,22,0,0,4,0.06544492482178069,0.3158443745026676,0.4652074223754173
auth,23,0,0,0,0.08887277285517148,0.20599796219498828,0.2872639999946064
payments,22,1,0,0,0.09956015410409076,0.172958544074036,0.05426780658558347
database,7,1,0,1,0.07022553380560571,0.05333092219540855,0.1358019867259642
payments,24,0,0,1,0.10455195209013944,0.3676153108114685,0.5176643051144855
database,13,0,0,2,0.013423941373052672,0.10177306472656879,0.23564050123968824
auth,17,0,0,2,0.031441002637379534,0.2466434638711119,0.3767466123405333
database,18,0,0,6,0.06449818593020457,0.29432970857213886,0.49805921039734535
payments,18,1,0,0,0.12453043265186431,0.045239895769528984,0.38347432105599255
database,8,1,0,4,0.0535820676829891,0.3243811782539249,0.11778322019774051
api_gateway,15,2,0,2,0.061150762952451435,0.1642613540885606,0.12356563755075772
payments,8,2,1,1,0.13561704907192576,0.3774260868627908,0.3286801605534643
payments,39,3,0,3,0.1170126035602447,0.045578107777817414,0.48756913738687957
auth,14,1,0,1,0.008395570307090162,0.18541524250061167,0.20692118441237586
auth,9,1,0,1,0.08268932338255901,0.18822453338108858,0.3893791174299869
payments,10,2,0,4,0.1371924681772787,0.2745466426314718,0.39288748639384846
auth,24,0,0,3,0.047690542553227515,0.22463199654654234,0.05767162086606012
api_gateway,35,1,0,2,0.04184055539386671,0.1721997219302339,0.1639888929667984
api_gateway,27,2,0,2,0.022866337530167105,0.06536125787132355,0.2313228162788499
api_gateway,11,1,0,2,0.0019518698672999337,0.08728050062557538,0.2084432553337261
database,12,1,0,5,0.05693446157291098,0.010649109870948891,0.11784590621405838
payments,6,2,0,4,0.05324926737209127,0.11567130154257727,0.19547108034111316
database,26,1,0,1,0.07379187986339213,0.22676053721065217,0.2707336999806687
auth,12,0,0,3,0.007741167422529305,0.2748332531608913,0.14833350611631319
database,9,0,0,6,0.009983839358892528,0.09389574822204629,0.1300170198469929
payments,25,1,0,1,0.010878347543172212,0.026356866012789082,0.17880693408924708
database,9,0,0,6,0.07771511040292736,0.23398201693589676,0.3757102723611254
database,4,0,0,6,0.016726736235592066,0.24498810423661607,0.04450242880485443
payments,33,2,0,2,0.14160619174213912,0.26960054842794146,0.26919904290096036
auth,15,1,0,0,0.02477361640351158,0.11896379609208452,0.2712152320060277
database,9,0,0,1,0.04244295176374061,0.05849122880699024,0.20357388127727438
payments,18,1,0,3,0.09760865765007004,0.31708136231230055,0.2329701425916781
database,11,0,0,0,0.03780559277800578,0.12434852590711765,0.13443966643225264
payments,20,1,0,2,0.030209865419083107,0.3168012504520784,0.5312442222634318
payments,33,0,0,5,0.00386136146208243,0.18593992148162086,0.21830335786491878
api_gateway,17,0,0,3,0.0040920830997430895,0.11939090243695102,0.7411213395010747
payments,13,3,0,2,0.053460710377449705,0.015549478806675721,0.26883322311255264
api_gateway,24,2,0,2,0.011895504853262837,0.12321699470960379,0.6904961517584705
payments,6,2,0,2,0.012488648707594818,0.25776926785192666,0.24748892847373316
auth,3,1,0,0,0.08193461487217711,0.03464093255336637,0.25114238737028877
database,12,1,0,3,0.010760171808157706,0.24832667719486362,0.3425063931949303
payments,33,0,0,2,0.045646138773129646,0.10057206087498538,0.3567706175039339
database,7,1,0,6,0.05169865718011072,0.2969319985354158,0.3973738417046082
payments,24,1,0,3,0.04349810889662128,0.00820436772815647,0.241947214416051
payments,36,3,0,3,0.0860237645836465,0.32386970323522934,0.06519750807076184
database,15,0,0,0,0.060461392075943386,0.11626065072596997,0.3508545920000177
payments,18,3,0,1,0.028659320901953726,0.20523088734721995,0.4914716968894577
api_gateway,12,2,0,2,0.009759991652135014,0.14440849324145863,0.7225614162373948
auth,3,1,0,2,0.014210695983258238,0.1726322779591996,0.33449161840821995
database,17,1,0,4,0.002540783099238384,0.31061760968394925,0.3020026154202125
payments,27,2,0,1,0.051689489359045764,0.18166698806710554,0.38578224025068797
api_gateway,37,2,0,1,0.054282308150078847,0.19682757873330875,0.6114282889020733
api_gateway,36,0,0,2,0.015960094720397357,0.047143665397645695,0.315269255734112
api_gateway,49,0,0,2,0.07353953364018687,0.24214596090268808,0.10067457964284479
api_gateway,48,1,0,0,0.04087721751183822,0.18086002049741146,0.3701733464447239
database,23,1,0,3,0.0029892528110888874,0.1938626859456045,0.06968844806173628
database,26,1,0,0,0.03799218334647701,0.3418919597276346,0.32701433972614175
payments,10,2,0,0,0.02360573750248656,0.32719390843088214,0.5285303562101055
api_gateway,9,0,0,2,0.013493355073716825,0.03208301264952232,0.6985653733156237
payments,15,2,1,0,0.13586351859546716,0.3216436984244527,0.39692885320771254
auth,18,0,0,1,0.02657736568174354,0.12104624258415149,0.30311412525293424
auth,22,1,0,0,0.05109967919343425,0.2031964763884423,0.2590102035713624
auth,15,1,0,1,0.0023995945800073027,0.12202271615739341,0.3832588612100041
api_gateway,44,0,0,0,0.042949764355129885,0.012212466877379036,0.5195653434938832
auth,6,1,0,3,0.001399341017046263,0.1452781288339838,0.22709075883876245
payments,6,3,0,0,0.0005484467016973914,0.23143413943717991,0.1687660122110743
database,16,0,0,1,0.002980576855023971,0.07433284743677457,0.21860890619296014
payments,39,2,0,4,0.08487946103394292,0.028601209732654145,0.2007298140862513
auth,6,1,0,1,0.022781029067613146,0.2690634725489843,0.18042775626675392
auth,19,0,0,0,0.09030130391680924,0.2321941788800731,0.055913033372531055
auth,18,1,0,0,0.06615820213755934,0.13713617228041322,0.3786142447463222
api_gateway,27,2,0,2,0.025233976345336348,0.07621278868305764,0.6715657845825562
api_gateway,17,1,0,2,0.07587531270509817,0.017687226789657062,0.6114518844419693
database,23,1,0,6,0.039301060486496946,0.22895095728444526,0.48366932143741276
database,10,1,0,2,0.04626960184175083,0.10962593010484173,0.1943564040193206
database,14,1,0,2,0.02081792168282787,0.1211059759807133,0.13872448065599818
auth,23,0,0,3,0.0653130670289656,0.10976151094469269,0.2114948926994251
payments,15,1,0,0,0.007852076764696963,0.25071352682073783,0.276480115117176
auth,14,1,0,3,0.008845574068553652,0.05572771686186304,0.07249674565401532
database,27,0,0,2,0.06665817666174327,0.18593157134635827,0.3088380008160231
payments,12,3,0,3,0.14606138730577403,0.2817694485909947,0.19713152154462665
auth,19,1,0,3,0.06344800731734802,0.12590847704987915,0.25554507963233225
api_gateway,49,2,0,0,0.07196953537468671,0.036903386257747445,0.3016406862040726
auth,6,0,0,1,0.08678324967344968,0.06969713685957826,0.3610094995551848
api_gateway,35,0,0,3,0.021090842610830506,0.11535123620816534,0.6787324433960371
payments,10,2,0,4,0.007794914719677037,0.32818451606332605,0.34367610081421357
auth,3,1,0,1,0.04024551782789696,0.27286547723253035,0.10706566684376645
payments,14,3,0,0,0.05753510865109381,0.19753880589662454,0.24843362059329965
payments,16,3,0,3,0.06162245933511416,0.18746065479855412,0.17950927935598243
api_gateway,41,0,0,3,0.00042222258198938435,0.12126952501157853,0.3016830164393465
payments,15,1,0,0,0.13070003885104237,0.34377383313342036,0.5922781661634424
api_gateway,39,2,0,3,0.043748639408342796,0.13890130586554902,0.15110163781620503
auth,14,0,0,0,0.07861684214493714,0.022680476668403716,0.2194403169472391
api_gateway,13,0,0,3,0.014165752454920497,0.04432133008358641,0.6346494834296815
database,25,0,0,0,0.05165117758103826,0.08363828675600875,0.2897259188570478
auth,13,1,0,0,0.0020767886710391205,0.0781976395342363,0.2686434369596625
payments,21,2,0,4,0.05684338647187614,0.1291914933455232,0.14116195846365018
auth,17,0,0,2,0.07575838327190575,0.04431849175517228,0.046112233802048874
database,6,1,0,5,0.07423618039725056,0.31756775107642765,0.48384201501257285
database,16,1,0,5,0.05931359126903999,0.33619694556898627,0.20523638494517668
api_gateway,15,2,0,2,0.017564771353103543,0.039273668203697265,0.42652459884580285
database,24,0,0,4,0.06442968269817854,0.030581920567376762,0.3815105620299931
api_gateway,24,2,0,1,0.04257867271458027,0.05761394173607845,0.2097690506313036
payments,24,2,0,2,0.0752903371171291,0.3815683215386889,0.2058687320138266
auth,15,1,0,2,0.049141375462288174,0.10709454176332732,0.2318872168396191
payments,21,2,0,0,0.08780631341864345,0.35632965260425103,0.11081855288776268
payments,36,0,0,4,0.10695214377926111,0.2718207346290736,0.33043947151308556
database,18,0,0,1,0.05821768770613681,0.2263070893265909,0.4990525914907026
auth,8,0,0,0,0.03021910269280519,0.21416744079843392,0.19975685668256807
auth,20,0,0,1,0.011121657500221538,0.10872319254399049,0.241637019763482
database,15,1,0,4,0.02118101704261892,0.32670280668653345,0.3648484802171513
auth,9,0,0,0,0.08515511170493673,0.10792903850901793,0.35619752816624006
api_gateway,15,0,0,3,0.032180195601735864,0.21689073872632814,0.7705402211687318
auth,11,1,0,3,0.0690506632011136,0.03596576124720128,0.3289642254358063
database,19,0,0,5,0.0698970147924711,0.2685509992543325,0.4748068694400084
api_gateway,32,0,0,0,0.0489482002109158,0.2026765464361256,0.2588002773320697
api_gateway,47,0,0,2,0.06532517568250606,0.12068309764772756,0.5875230903710289
auth,23,1,0,3,0.06666474656992775,0.0341229058241173,0.15436827777876383
payments,31,0,0,3,0.12524351625781752,0.22137108031482722,0.24628876425422064
payments,5,0,0,2,0.04252607854064091,0.328117184243671,0.23826900665513584
payments,18,0,0,3,0.13587740849989585,0.024174617976225624,0.39242658810947945
auth,3,1,0,3,0.04178188061062537,0.07592532096642807,0.17269371521715057
api_gateway,30,1,0,0,0.06020541778452713,0.13403386809879733,0.6614286351736934
payments,6,1,0,3,0.04173257806032332,0.15121242489327807,0.4833255957720491
database,12,1,0,2,0.005918724007337524,0.34336919344360844,0.0985558904417298
database,27,1,0,2,0.000445600448284047,0.0032268579738159386,0.058717601089525964
api_gateway,31,0,0,0,0.008997443112337172,0.012564593381753836,0.6013990918652431
api_gateway,46,0,0,3,0.042851325838018324,0.1593954177784511,0.4252450962436928
database,10,1,0,1,0.06610453018407023,0.04533414436397596,0.38107135566757455
database,6,0,0,2,0.05422809474454678,0.32133813951194967,0.18527691463960058
payments,16,3,0,5,0.023353889663389936,0.3384775464617494,0.4382651397413909
database,19,0,0,2,0.00874774586385513,0.3425198896812205,0.37377151147464066
api_gateway,45,0,0,2,0.06337858178163128,0.07679662040434557,0.25420486934609926
api_gateway,33,1,0,3,0.05434002915788093,0.21408565667685198,0.5116147201196494
database,14,1,0,1,0.02058340540664356,0.32230173218118924,0.3372628227993525
database,6,0,0,0,0.04114214596336595,0.05187144643404967,0.0741853203645221
payments,22,1,0,2,0.1410269752093862,0.1053454475992317,0.23254845669362317
database,13,1,0,4,0.05665686700705497,0.10349818346174748,0.47169450444868316
auth,4,0,0,0,0.05635783427765489,0.013599390614398221,0.04960215352196086
auth,17,0,0,3,0.014553953132264631,0.27451353784339594,0.33163951819573756
auth,5,1,0,3,0.010731866047401506,0.12922259246438858,0.14116479043350832
database,28,1,0,4,0.07718447358791428,0.20753580942405073,0.4009834572164653
database,26,0,0,4,0.04348484717555758,0.0576397288813827,0.3068223832947317
database,4,0,0,6,0.03577925665828073,0.27634271055291837,0.3259209278615855
auth,14,0,0,3,0.02679964487953637,0.2464765084457441,0.12471837959483352
auth,4,1,0,2,0.038350188111590716,0.16320368740893293,0.38872482743675807
database,9,1,0,4,0.014965729216045682,0.11638492591409975,0.2819309625064598
database,8,0,0,5,0.028799904755181835,0.3461837321099229,0.04532367498515105
api_gateway,30,0,0,0,0.010248274589711306,0.12780497891115244,0.26502252581251895
auth,19,1,0,1,0.05231560631441117,0.0990983068099663,0.24403424151507788
payments,33,1,0,1,0.1485333801922611,0.15019944880828806,0.488343210117442
auth,19,1,0,1,0.09169833971814026,0.2667108132399605,0.22746955395532412
auth,19,0,0,1,0.053941819275346706,0.2510152096423868,0.35638280426183755
database,29,1,0,6,0.033909979474757164,0.015173624941834827,0.07542160655285934
auth,15,1,0,0,0.054833199852979575,0.2694819195330381,0.312201487592615
payments,7,3,0,4,0.005893791772603868,0.32200707729385114,0.3811560065700423
database,6,1,0,4,0.04101291562938379,0.16192692849020518,0.18284691666231614
payments,17,3,0,5,0.10582449779019358,0.08844930515560599,0.4960619291107247
auth,12,1,0,2,0.03660133918401511,0.13447165396661895,0.3071329800719369
payments,21,3,0,2,0.059437102022460886,0.04769143112714347,0.46957051284300433
auth,19,0,0,2,0.06282932284815528,0.2044096726741679,0.23084003138980047
database,23,0,0,0,0.06051514965068589,0.038331122179825705,0.23553051186948806
api_gateway,35,2,0,3,0.04645654960056333,0.17920476125268658,0.772545073310672
payments,15,3,0,5,0.08152266428745217,0.08918000342310145,0.48927805401169927
database,26,1,0,2,0.01864039583820767,0.20457404239253352,0.26344684137559643
auth,14,0,0,0,0.047916934739544184,0.2826439809198586,0.27636692130141455
auth,24,0,0,2,0.0894558002877383,0.23533844006801374,0.06819124883863822
payments,14,3,0,2,0.09670799660727264,0.286254220223105,0.10864060004298293
payments,13,1,0,2,0.040415916945548254,0.2420406488948603,0.0794495579909712
database,26,1,0,4,0.07276444286202731,0.24100450111763086,0.18887310061051002
auth,3,0,0,1,0.05666017175404895,0.006666191855981507,0.03800705529059633
auth,19,1,0,2,0.07530576099149094,0.08610005372369096,0.07998498594026462
database,10,0,0,5,0.028333574281620574,0.07559586770251425,0.47804670715942826
payments,8,0,0,1,0.013136184447935734,0.2985019577400822,0.2971432242012504
database,24,0,0,1,0.02182291765446652,0.289089393192414,0.4482168590691223
payments,23,0,0,4,0.06157572320225348,0.00328925255555661,0.585833389036955
api_gateway,20,2,0,1,0.018733093252113094,0.1741849885011111,0.2985243524991924
api_gateway,15,2,0,2,0.07114836133609682,0.10553037010548469,0.7870950375049179
database,13,1,0,5,0.0013094211232066223,0.2101630346116861,0.06373984290924298
api_gateway,35,1,0,0,0.06105786025340497,0.040230330642260864,0.2856495240578321
database,22,0,0,6,0.06028468677913008,0.03986700045170792,0.15793724411406848
api_gateway,26,2,0,1,0.022173930161185965,0.017144320461781076,0.7427866404273027
api_gateway,37,2,0,0,0.00020970127348501677,0.14238509039996802,0.7796620431095038
payments,25,2,0,1,0.0752162210546866,0.0023082645171871976,0.06693261287341062
payments,23,3,0,1,0.12171989087275226,0.3982416807214024,0.1389420280815594
database,9,0,0,5,0.02229202724182547,0.12376962328166892,0.264403397464008
database,6,0,0,3,0.03856614585887031,0.28377722525698984,0.224153953708931
database,17,1,0,6,0.044544755368940044,0.04746581649005567,0.050523854802075586
payments,11,1,0,4,0.06685947313543038,0.1817082897441701,0.4893245060130456
auth,18,0,0,2,0.022126999862588093,0.006294898885890954,0.05302239729017181
database,9,1,0,6,0.05780128856770095,0.07364059180466885,0.27199408964846533
payments,32,0,0,4,0.008303972540761428,0.10106520086851295,0.252885386855739
payments,30,0,0,0,0.14773936626622375,0.3341944622573185,0.11079775042920444
api_gateway,24,2,0,2,0.06254579398390361,0.08009913658522877,0.6069678620757966
auth,4,1,0,2,0.07322402502058892,0.15458863128943368,0.23815498989292525
database,4,0,0,6,0.031748741293585736,0.2257133936055639,0.37667681785464363
api_gateway,26,2,0,1,0.0017758503224426204,0.17060722402852294,0.6408922971460631
api_gateway,36,0,0,1,0.023266786123739305,0.23316999809220196,0.7604098711961578
payments,39,2,0,5,0.048106824747644085,0.12390612565716137,0.13244186243048695
database,24,0,0,5,0.019167009479522667,0.1364115951357813,0.458532818563147
database,19,0,0,6,0.06878459856129505,0.056625007068611656,0.15854422277034438
api_gateway,31,0,0,2,0.06475516981809706,0.07008906155485245,0.7591167519775254
payments,39,1,0,1,0.11995377930041867,0.33654270852207946,0.09871249560379405
auth,19,1,0,3,0.004069979525380763,0.20827947901878405,0.21361619187548034
api_gateway,43,1,0,1,0.06377165988277575,0.15740608355146066,0.7900066745464462
payments,24,3,0,5,0.10646056272015304,0.2586484534630222,0.31817914092725846
api_gateway,14,2,0,2,0.017342910952842735,0.08400082938539943,0.7092046003595084
payments,15,2,0,3,0.022409908268065847,0.12438920855321332,0.5005768172620562
payments,37,2,0,0,0.008107144102458984,0.16915058738671154,0.31983532857145663
payments,37,2,0,4,0.046505103601867506,0.12534776257214317,0.06115398557208099
payments,27,1,0,2,0.05853578243759926,0.21005634070785187,0.19396407797036302
payments,30,3,0,5,0.06520172224747053,0.0450016532952366,0.2172605040385603
database,22,1,0,4,0.039290631185638726,0.3402377047652728,0.22094539138224834
auth,8,0,0,2,0.0663444393638966,0.14456726581724536,0.10483652474308477
auth,20,0,0,0,0.0171635017415373,0.20146005871638864,0.13125651401767585
payments,30,1,0,1,0.14840242710630588,0.03997275082176386,0.47878475339835574
auth,15,0,0,0,0.07893829606886293,0.06565224508523282,0.3943543946405693
database,4,0,0,3,0.014874751558581369,0.04983106295741572,0.4730165615672587
payments,29,2,0,1,0.02410700237864785,0.37948196729567235,0.07328422024637066
payments,6,0,0,1,0.04294197931679113,0.3140287446254051,0.5223476530711711
api_gateway,13,0,0,0,0.014324979834410981,0.10754120265746783,0.7701703595160582
api_gateway,48,2,0,1,0.05791070599546752,0.22570805449720194,0.2658023051266254
payments,11,2,0,4,0.09928523647078928,0.19848779179596976,0.3043718507068409
payments,25,1,0,1,0.010910439266579475,0.07522342659163024,0.18381606039063192
api_gateway,9,1,0,0,0.02821489582904847,0.06494722387651264,0.4816131629162297
api_gateway,15,0,0,0,0.014852421061474459,0.2303186793122594,0.3948683176907828
api_gateway,37,0,0,0,0.04885072039913516,0.23898017296488075,0.26627007133445446
database,27,0,0,4,0.010504994894284022,0.06723541320978625,0.2322616685708889
payments,7,3,0,4,0.13707217839374164,0.2942570640045461,0.39492611673361455
database,16,1,0,2,0.04936137655469681,0.042198222297583486,0.3438159526896405
api_gateway,21,2,0,1,0.04568422519075023,0.22065298105044667,0.11276912577173198
auth,24,1,0,2,0.010880739023006559,0.08990934941400135,0.07372017625756135
database,28,1,0,6,0.018391479245446315,0.0468778446054535,0.17650400322899895
database,18,1,0,1,0.06423020303118677,0.14722388014786122,0.32374483175350066
database,25,1,0,6,0.03989914646498705,0.04926747654472706,0.1606432365296205
api_gateway,23,1,0,2,0.07344653828095755,0.21123202088324808,0.44608907588361035
api_gateway,23,2,0,1,0.03096856340681076,0.15937132842890828,0.4891203906780085
database,6,0,0,5,0.013344139229666804,0.25494745431182214,0.12901793748685084
api_gateway,21,2,0,3,0.01387150679116968,0.2178654983256983,0.45231940596643583
api_gateway,46,0,0,1,0.052394280528225326,0.10095197023579333,0.3568089404838043
auth,9,1,0,2,0.023063464566141334,0.027022158884067338,0.1311281483841424
payments,29,0,0,1,0.015509240494506226,0.1007413449382836,0.15666030115437424
payments,38,0,0,2,0.08350638848292807,0.28904468993377985,0.12222778737037457
api_gateway,26,1,0,0,0.005833874941397737,0.13002429762884118,0.11974604214377257
auth,22,0,0,2,0.07365572029698446,0.04341988000142167,0.05600641719106991
auth,9,1,0,1,0.001683331986056147,0.09685133331939295,0.07955317247129232
auth,16,1,0,1,0.08081187549853212,0.015183252227152043,0.3612837708554565
database,14,1,0,5,0.018442809759337396,0.058619080091684254,0.13145751779134693
database,27,0,0,3,0.029737303831918752,0.12353555461076868,0.1873615864418687
database,9,1,0,5,0.004782526035626491,0.003898151765260571,0.22330659004962608
database,23,0,0,5,0.03730055418420967,0.13429636484729837,0.17027016267147332
database,23,1,0,0,0.07161047758523703,0.03646232537780242,0.46731730808457944
database,10,0,0,1,0.0172518641310303,0.3311720596501936,0.3206786221153131
database,28,0,0,2,0.07711530135869228,0.10656586556550027,0.3798967192780722
auth,24,0,0,0,0.06509685719074698,0.10797237824810198,0.03238629389693931
api_gateway,34,1,0,2,0.03753396141014397,0.03750488658734927,0.7759380964931452
payments,38,2,0,5,0.02396241903509163,0.2685472035587183,0.2743230140750023
payments,14,0,0,2,0.13421429805187424,0.1587551912899676,0.21187695932717976
api_gateway,40,0,0,2,0.03728513985438221,0.142516518709277,0.2920700238316376
database,25,1,0,5,0.03987203405296153,0.1554853722808127,0.476655377032007
database,15,1,0,2,0.042786246259209175,0.3201007879956578,0.250267376615547
payments,14,0,0,3,0.10882022526752443,0.0644400093025689,0.14503430853535476
payments,33,0,1,3,0.08542235822048877,0.07167186985012904,0.4828262457634727
database,10,0,0,2,0.017118106851125185,0.27769683451602156,0.06440381231937307
payments,27,2,0,1,0.014845293511306023,0.1379147714618146,0.3489491530571931
database,25,0,0,0,0.04342538896625405,0.05032666654425655,0.3757210239318058
payments,32,1,0,0,0.029503283734681966,0.06197671413517436,0.4669710635732646
auth,23,1,0,3,0.025648052636810595,0.26858844424690165,0.3519083350599935
payments,9,0,0,1,0.07383242749312002,0.012169415861634248,0.05606544634789519
payments,32,0,0,1,0.01452280964808279,0.10956594825196149,0.5672207547442021
auth,15,0,0,0,0.013675502361338755,0.24085991171926383,0.1886377742803753
payments,39,1,0,4,0.11502733467266596,0.39434337616437504,0.5112614349708514
payments,29,3,0,1,0.032667120265135276,0.26331351337046294,0.08759160429650709
api_gateway,40,0,0,2,0.04774378707284639,0.12208877439818461,0.10725020195957495
api_gateway,31,2,0,0,0.016781423704622826,0.12040320917725866,0.3924465697774515
database,17,1,0,6,0.055220748939731286,0.25187870179116234,0.22996463267173442
database,29,0,0,5,0.031061839263701183,0.18313146212376494,0.4838746151264961
auth,10,0,0,2,0.04439336497031126,0.11248431517159918,0.05568427467835092
payments,34,2,0,5,0.14105955509183163,0.212764278752521,0.2128135033363357
payments,24,3,0,1,0.13798064011958142,0.24833305310967715,0.05216112678221979
api_gateway,36,2,0,3,0.0756724262699683,0.12442367239795679,0.463407488477918
auth,13,0,0,0,0.028217864564923312,0.2745833936738503,0.07848561738380999
database,25,1,0,6,0.04503335360960805,0.06568822201234212,0.2987945676728485
database,16,1,0,5,0.07616194217356585,0.2835838120147437,0.3839991371450845
api_gateway,28,1,0,3,0.00018266203219750033,0.05475452194708191,0.42894191672686477
database,20,0,0,2,0.015234357071180949,0.21208628262177812,0.3669307737039292
payments,37,1,0,0,0.13225759595930944,0.3966692211326713,0.5115168817083906
database,27,0,0,5,0.006504645864265477,0.0965077073224363,0.40386477394544645
api_gateway,33,2,0,1,0.01646497662209307,0.20084855766906942,0.7841358184484023
api_gateway,8,2,0,0,0.06513206793873082,0.1163615783925405,0.5692325845660555
auth,4,0,0,3,0.02032895554359562,0.20025864546725086,0.26667577871224146
auth,11,0,0,2,0.09321300733011638,0.049908817293516546,0.35460329041546135
auth,10,1,0,1,0.0316537731334959,0.21194294616582085,0.38051524946988724
payments,27,1,0,3,0.03909995738431526,0.0367401348916804,0.5289904847572933
payments,35,1,0,2,0.033488310160404135,0.08603409151403714,0.09177815783070427
database,27,1,0,4,0.018516280985897318,0.03804828993004999,0.36457589103508714
database,13,0,0,6,0.030742445476780417,0.10059546597821704,0.3032168730581503
payments,10,2,0,0,0.018173319189147812,0.09677109124769463,0.5277454937806985
database,22,1,0,0,0.058477202526874494,0.09904714318283739,0.28854410314551066
database,14,0,0,4,0.01762289341973861,0.2709374921316143,0.28231479032504636
api_gateway,35,2,0,1,0.04699114659515611,0.01385911615300564,0.5124537103829463
database,14,0,0,1,0.06365040914378463,0.021456337607062406,0.05209339074258285
api_gateway,37,1,0,0,0.0764663159430362,0.17688826505283248,0.6505022103699936
auth,21,1,0,3,0.0798678105907632,0.09399834964539466,0.3365640211320653
database,10,0,0,2,0.07979221655544273,0.08297849172594501,0.14437231637986245
auth,18,0,0,3,0.043604922062189105,0.19332914805438556,0.06402688990748001
database,4,1,0,1,0.0794370240250585,0.10103338968385817,0.06250391206849976
payments,12,1,0,3,0.08199224094955065,0.17184109737941872,0.4570821665336749
auth,8,0,0,1,0.005341667193451061,0.04874374601307103,0.398426844012026
database,28,0,0,1,0.050483883482294836,0.1761624407358857,0.08892870064044128
payments,30,3,0,4,0.11851970605891624,0.17120774097585756,0.4489766677561337
payments,26,2,0,4,0.06163993574441373,0.2551721958318662,0.22861283493196105
payments,37,1,0,2,0.08474289114787098,0.036078280080097745,0.5412798809654706
auth,3,1,0,1,0.017686321209391564,0.22392568192120163,0.1751717053781771
auth,4,1,0,1,0.08831759706143233,0.24874542094654595,0.1001479045061553
payments,16,0,0,2,0.017211293750728784,0.008853780411798828,0.32540419837930906
auth,7,0,0,3,0.004592005609126304,0.06348459820481445,0.1731755994215628
auth,16,0,0,3,0.016291610476529075,0.21574931453366683,0.15772662730907297
api_gateway,19,2,0,2,0.022716192357405712,0.17198170224460324,0.7470580936157815
auth,18,1,0,3,0.019582504885515772,0.14239444733454146,0.06242768016700385
api_gateway,13,2,0,0,0.06607165454476595,0.1912992264313717,0.7435201556079865
payments,30,2,0,2,0.014227378987973415,0.27093673843260657,0.1677039122456308
database,28,0,0,3,0.0015231174023398798,0.2617500266216362,0.3634022620081437
database,20,0,0,3,0.05393275377597069,0.01067478637675847,0.14467365668049362
auth,6,1,0,0,0.03711929866485244,0.14813663107692243,0.08927575912635179
auth,4,0,0,0,0.009318878597231284,0.2153076931623997,0.1105950973115981
auth,22,1,0,0,0.0009666266690182336,0.07865146552248463,0.1655618551349365
payments,33,3,0,3,0.009488011334801937,0.08567050109583474,0.14982937889182252
database,26,0,0,5,0.003873835714142224,0.14504239948468625,0.2732567075734482
database,26,1,0,5,0.0071896376551471965,0.0035608363236176387,0.330902741629583
auth,15,1,0,2,0.01627491077823806,0.12878847535830398,0.28738043705755156
payments,21,3,0,3,0.14932254160998298,0.21292410535196427,0.37903076791854307
api_gateway,44,0,0,2,0.07470390063758794,0.06550367301499582,0.2716676746404774
payments,18,3,0,3,0.05754135605327376,0.20555033391129346,0.5654118716568096
api_gateway,11,2,0,3,0.07438371685742365,0.005436857659960936,0.5207156745613681
auth,11,0,0,2,0.006490669621466983,0.07537774904013812,0.2751621860657054
auth,20,1,0,2,0.08964852726424966,0.04888093169071382,0.2894732322679915
api_gateway,31,2,0,0,0.006019862639742284,0.01331186615641286,0.7765613258192738
payments,19,2,0,3,0.14628668029259378,0.05087298145300437,0.5750506323480307
api_gateway,45,0,0,0,0.0039227721673789785,0.20134087410071813,0.5909829888985755
auth,23,0,0,3,0.01864168552101847,0.13078034726733848,0.30207776907125483
api_gateway,14,1,0,3,0.012277720765536548,0.19552790528259764,0.3042953962236776
api_gateway,36,0,0,0,0.049957504840637094,0.04908328030241765,0.14402131580721356
api_gateway,45,1,0,0,0.058901714798425715,0.24906155184370363,0.6374668633289042
payments,12,3,0,0,0.11430490815585766,0.18036146123725927,0.5982035736619098
database,11,1,0,3,0.0380447643826507,0.32195835788507526,0.17458247256780257
api_gateway,20,0,0,0,0.00540549784691688,0.052568371026088134,0.3032905724753092
database,26,1,0,6,0.00963287277731645,0.08688873603243748,0.2262140531994395
api_gateway,45,1,0,3,0.06170642922881095,0.08933231485551768,0.3128395469825319
database,19,0,0,3,0.01988396463582368,0.0584452235298723,0.307734223098172
api_gateway,14,0,0,3,0.03841970984523718,0.1235873586807526,0.4593776838363913
payments,39,2,0,1,0.07235343128741294,0.2464897006427812,0.17754561697290316
payments,22,0,0,1,0.04278665134601498,0.18777394486161755,0.2566068045211504
api_gateway,29,2,0,0,0.008885123857798867,0.20218064836230643,0.191841725169432
payments,33,3,0,0,0.11521340676279998,0.18023299712644697,0.30512587178586614
payments,14,1,0,5,0.05604084893010886,0.18412855602295936,0.11245499911392161
api_gateway,10,2,0,2,0.03859575343163316,0.1274773569606102,0.4371418828756577
database,23,1,0,6,0.07590877201422416,0.20288465231913885,0.28250364471966616
auth,3,1,0,0,0.06934258020995963,0.19335754070110805,0.2640374944576427
database,5,0,0,0,0.03412822243679063,0.22409763084701037,0.22934740082129806
database,5,1,0,0,0.056199965857526166,0.15045003015612232,0.15309749188912666
api_gateway,28,2,0,1,0.05295103356410591,0.10856612165592944,0.6578137675785579
payments,12,3,0,2,0.09423098956395659,0.22052695626512567,0.3500846554349328
database,25,0,0,1,0.018443103373673067,0.0986828518461453,0.37396660298485584
payments,38,1,0,2,0.04158876245237792,0.3236138200961367,0.09943305405535091
auth,9,1,0,2,0.07958326589504416,0.048176061216937745,0.07614779491933546
auth,18,1,0,1,0.0514502164857092,0.28595477907326555,0.28885068754256193
auth,10,0,0,3,0.04280477919420747,0.17199412337145661,0.15781413550039022
api_gateway,8,2,0,3,0.033475147045074316,0.02983114742821949,0.49833590236652403
payments,16,1,0,1,0.14327627407171986,0.3312851031546377,0.5842136031686256
database,6,1,0,4,0.058952160927276925,0.11549146994969212,0.162236525501681
payments,20,0,0,4,0.011938222105806367,0.24563629519028068,0.5886812825226798
auth,12,0,0,0,0.07223161772939539,0.16244184822392613,0.10721915397246945
api_gateway,43,2,0,0,0.047995383601759034,0.19797448468698797,0.14222131385881137
database,13,1,0,2,0.0588387524662972,0.25576142089662324,0.10679896506861722
api_gateway,43,2,0,1,0.0440880541130834,0.1260250742312769,0.6954235608400704
payments,12,0,0,4,0.11619789296895264,0.38459987169485893,0.549339830227058
database,5,1,0,0,0.030702781632983837,0.05802432518005337,0.48061234676814063
auth,11,0,0,1,0.0761211515165474,0.16909760989050454,0.32575031188568926
api_gateway,40,1,0,0,0.011627258716913912,0.13857449043960116,0.7564295702542569
api_gateway,40,2,0,0,0.01903511440004876,0.11647846512939711,0.5894711417263512
database,19,0,0,1,0.05752132739241394,0.21687738853141028,0.12442919293219876
api_gateway,27,2,0,1,0.023715555757417635,0.11179476023161103,0.6381704385069272
auth,10,1,0,1,0.038152769466031126,0.046611106781049634,0.17974836523462617
payments,18,0,0,1,0.10835602614491978,0.20480935564350375,0.37321797831029313
payments,7,0,0,2,0.10590871719570462,0.2871042179264924,0.08686544347063749
api_gateway,11,0,0,2,0.0668791262780331,0.12491772799037101,0.5114238706148309
payments,15,0,0,2,0.0013801346438069185,0.3733105649516267,0.4950067692526753
api_gateway,27,1,0,2,0.025684075994862,0.20957830113741197,0.5230212249263158
api_gateway,28,1,0,0,0.01992965596558399,0.18757888358249947,0.6743195412702571
auth,16,0,0,3,0.07346544978530639,0.12431495080688298,0.33437914844413075
auth,19,1,0,2,0.09021173086422779,0.11403179961474119,0.05725066080397651
auth,23,0,0,1,0.0067185196523901316,0.00393663766849005,0.25703128544468223
auth,17,0,0,2,0.040632747304672534,0.25220445258527463,0.32504538937686556
database,20,0,0,6,0.004119894555043278,0.1321533946023738,0.2807907185778537
database,21,1,0,1,0.02429918581038784,0.22566625032948073,0.30768097135822575
auth,7,0,0,0,0.0041066373746611595,0.15499814874058207,0.3694405626543169
api_gateway,19,1,0,1,0.0733290666183954,0.21388716807771252,0.14159990009855616
api_gateway,29,0,0,3,0.0475281036068238,0.04811213830442493,0.46076416443874824
database,25,0,0,3,0.017809032989884822,0.34895808640691073,0.1816850129444259
api_gateway,27,1,0,3,0.05264044638403632,0.009500336943906118,0.1770357003250092
database,9,1,0,4,0.06878237239763972,0.27119955382383154,0.45359650171185845
api_gateway,49,1,0,1,0.05439622055741685,0.18471623689419,0.6077436741714252
database,14,0,0,2,0.04251495141488785,0.020835231286862675,0.2540952303212635
payments,32,2,0,4,0.07627185529620391,0.12772675200854963,0.4058206895855179
api_gateway,35,2,0,3,0.07695496700834283,0.07004708893526518,0.31949472088844877
database,21,0,0,1,0.029360139370470703,0.1164226864181774,0.15084383156107015
payments,16,0,0,1,0.10402647555694806,0.3051795514046245,0.2969254906130306
api_gateway,26,2,0,0,0.07463649327724711,0.010575465268143153,0.7717593455728796
database,16,0,0,4,0.06400147851587339,0.026204020297936143,0.14516478436256505
database,8,1,0,5,0.05672209525600004,0.22453772748594375,0.1900559621059223
payments,17,3,0,1,0.05911254727650478,0.3215538834941014,0.2138319823375363
auth,24,0,0,2,0.0745751329984277,0.2314922211585905,0.038191490288593984
database,12,0,0,0,0.01635196951007515,0.21813943371242217,0.09044683792930638
database,23,1,0,1,0.035192835512977146,0.3095757284292724,0.09215207744833798
database,9,1,0,1,0.0400595686562023,0.13779437457017743,0.11302462890483875
auth,12,1,0,0,0.04593463713273414,0.21945768458057444,0.12643284021373757
auth,18,1,0,2,0.09504422340901034,0.06599406146945444,0.20458060162259853
auth,10,1,0,1,0.004572661476227269,0.051650293639335286,0.2710867838390879
payments,37,2,0,3,0.12606641258190301,0.1673533350853086,0.2661273436501752
payments,19,3,0,3,0.0010644798742330762,0.22592766515455845,0.09446574090378967
database,20,0,0,2,0.030874281303453117,0.23632687663887117,0.19438933653809318
payments,17,0,0,5,0.01567204751309371,0.08685616161506876,0.22431990874957197
payments,36,2,0,4,0.1259112056413908,0.3544295868382101,0.5779089097693823
api_gateway,21,0,0,3,0.05186324225392663,0.21912503425966143,0.24011119545767542
auth,17,0,0,1,0.004321993725495721,0.0384464953689398,0.22373221203191782
database,19,1,0,5,0.06316017408923141,0.20614364525621853,0.15970070886943424
database,8,1,0,2,0.01408687667334089,0.32521654778526554,0.31102417660154885
api_gateway,39,1,0,0,0.0423050867067758,0.02529038090670213,0.3527107825310055
api_gateway,28,2,0,2,0.04505764362021644,0.044107634234779064,0.2570801866852337
auth,20,1,0,2,0.03417576022985628,0.12188244016787596,0.2595268586873699
payments,36,1,0,4,0.029719611273536554,0.20863980519644865,0.058156589337439335
database,21,1,0,0,0.016846711526611557,0.07806888414716663,0.3017136194904866
auth,10,1,0,0,0.05437267348301648,0.16698176945408805,0.13426063374368669
api_gateway,10,2,0,0,0.07847315783330172,0.04834454238415237,0.30884717523709176
payments,23,1,0,1,0.10156406771754665,0.3099533729011795,0.5236871618506858
payments,21,0,0,1,0.04020707810679566,0.3214167107305711,0.5512997019001616
api_gateway,47,0,0,3,0.02415533095499632,0.2213776093941404,0.37805406871744696
api_gateway,39,1,0,3,0.06164270386730719,0.1807712014040566,0.47076340633350655
api_gateway,22,0,0,2,0.06266002723107252,0.06167448268108691,0.41908837340702154
auth,11,1,0,0,0.008453261529357237,0.2985155259825017,0.23385602192492794
database,24,1,0,2,0.047488268453776385,0.3302269543258122,0.14326764120585017
api_gateway,17,1,0,1,0.021959309831912882,0.12104738550504429,0.7666410252814567
api_gateway,16,2,0,0,0.04339149202000571,0.18963326756074214,0.7267750212285635
database,28,1,0,6,0.07490469091146325,0.13746704333165216,0.35289103439400415
payments,12,1,0,5,0.14032845341382857,0.15875575723561586,0.3267755899623646
payments,39,3,0,5,0.03207018159940992,0.262318511959888,0.0784464854050594
api_gateway,43,0,0,1,0.06414543978608599,0.19687079435547072,0.23607728126377256
api_gateway,31,2,0,1,0.062368246795646044,0.23636522295303186,0.7160732489522285
payments,10,1,0,5,0.14191134271032468,0.037212149896358286,0.0860953974346572
api_gateway,13,0,0,1,0.03180101038660353,0.10046487713062138,0.5694338776516876
payments,38,1,0,2,0.007576120624842319,0.09687835680525687,0.06368173510803299
api_gateway,12,0,0,0,0.025933599623854386,0.04700248735651366,0.7526375518636073
api_gateway,24,2,0,1,0.024701063561187668,0.10058408594355372,0.44995025087238316
payments,28,0,0,4,0.050467552772626524,0.08214727387599413,0.06836626267622156
database,8,1,0,6,0.02792749853459692,0.34909923285509226,0.25468470706393487
database,8,1,0,3,0.004402217117789391,0.3374437262070293,0.07048067667343935
payments,9,1,0,5,0.1478286199882827,0.28738407132926674,0.22127310477468287
api_gateway,39,0,0,1,0.07938816462020151,0.1941627387359861,0.46088684529716695
api_gateway,18,0,0,1,0.024987852676637737,0.17684510114957003,0.1485074253704748
auth,24,1,0,2,0.009938277895086013,0.25949056782914404,0.20251499421342814
api_gateway,28,0,0,3,0.02183677509251285,0.09519846401556567,0.507466289393095
payments,7,3,0,2,0.12599973348659144,0.051139894797386815,0.5448677884525416
database,13,1,0,5,0.03453949938599409,0.16615816524555527,0.49204889635087773
auth,14,0,0,1,0.05147764220004536,0.1652448976352116,0.17475072106532577
database,29,1,0,2,0.028436640038597975,0.20137887076222716,0.39745265600852253
database,14,0,0,6,0.07875851865106506,0.20592906538546124,0.07201960351265327
api_gateway,18,0,0,3,0.012708845284626395,0.2303460641633566,0.7058202348683766
api_gateway,8,0,0,2,0.06519243976039778,0.24384016201956923,0.6659339229056576
api_gateway,22,2,0,2,0.005198927363838273,0.241053643192661,0.1886892679699524
database,6,0,0,1,0.06053038739073582,0.12457889850605587,0.11585710216948206
payments,9,1,0,3,0.11260035214224823,0.15418817387989417,0.2801029005726039
api_gateway,36,1,0,3,0.05228825273085493,0.028147682757166753,0.7855246241060687
database,17,0,0,6,0.029495552939621802,0.24443747474972433,0.18887332743599597
database,27,0,0,1,0.04492232584435541,0.15925412506147232,0.2528820521488803
api_gateway,24,1,0,2,0.0142668329148783,0.10948670265804569,0.7586720172092599
database,11,0,0,5,0.05042435820481567,0.13397007944041014,0.09389179823506351
auth,16,1,0,1,0.06520146153391314,0.29014921654081566,0.29771693803793486
payments,5,0,0,1,0.11299693978188856,0.22507550231629178,0.38477814033554036
payments,36,0,0,3,0.04936106691910919,0.0014878643272236759,0.1980987333678642
payments,33,1,0,3,0.05424991247925642,0.2814113360726122,0.3081166479980038
payments,32,2,0,5,0.10873691199366592,0.2955968252624976,0.23488781574180434
auth,6,0,0,0,0.014862413046990498,0.20510175652185203,0.3292221985836753
database,21,1,0,1,0.005265841435051515,0.2047647168506598,0.1736230469914579
auth,24,0,0,1,0.06475784908068591,0.13861794056838908,0.14766237517592812
api_gateway,33,1,0,1,0.07556865573293055,0.1694652135819348,0.6575795933257583
payments,6,2,0,2,0.005821942171770317,0.1331273444366688,0.36313436097685164
payments,34,1,0,0,0.004870615753762242,0.07250010222062078,0.27938037992798803
auth,21,1,0,0,0.06095608219048099,0.10727985770593797,0.3378726775419073
database,5,0,0,2,0.04872471329553186,0.006759814236730638,0.13402323808455668
api_gateway,29,0,0,3,0.05185726383029552,0.03813301229624655,0.46402035841562983
api_gateway,38,2,0,1,0.05058989089283361,0.15710842941884273,0.27081406722765733
payments,28,1,0,5,0.14192803409868918,0.10090113354206816,0.2652579513500608
api_gateway,14,0,0,3,0.05799693578101045,0.18131822286948815,0.18041087464471184
auth,5,1,0,0,0.016566316747641276,0.04437334090365863,0.06126133857058671
auth,23,0,0,2,0.05655318769240576,0.07016032309121288,0.08937629623730549
payments,15,2,0,1,0.03504371454728498,0.17172910628167812,0.44809152714678774
auth,21,1,0,3,0.000795418127854064,0.2944563043728882,0.31836535922671405
api_gateway,22,1,0,3,0.06995837651648441,0.05613669241092978,0.11414565550206991
auth,4,0,0,2,0.04185163866526839,0.2596112404503174,0.34935956613356967
api_gateway,15,1,0,3,0.04836691797694466,0.13385401409153383,0.27031677596374903
auth,13,1,0,3,0.02923474242151515,0.009672110998966333,0.06250709502509785
payments,33,3,0,2,0.08887402187646075,0.0012083485424644992,0.18833217182202044
payments,10,2,0,0,0.023491922233897483,0.3033614692136813,0.41799400927425573
database,12,1,0,3,0.026475871578858154,0.23456811304692787,0.044783626842567203
api_gateway,42,0,0,0,0.019480561276103973,0.20147285089023884,0.571922067291746
payments,20,0,0,4,0.06635906111222904,0.0490332626028732,0.38533146315572114
api_gateway,26,1,0,3,0.03411838684130525,0.17619969870246097,0.12463472572820045
payments,25,0,0,1,0.016928721706914333,0.2792861813977891,0.25986591330403475
api_gateway,28,0,0,3,0.05474134382428724,0.1844180629349688,0.593351005003026
payments,24,2,0,1,0.03378106503243024,0.26525913175992905,0.5477984678635454
payments,6,2,0,0,0.04277798940150717,0.3594555713204413,0.17477878398232177
payments,12,2,0,1,0.11032810586903717,0.33311162840931785,0.27773774069224333
api_gateway,30,0,0,1,0.07944317364267077,0.22569145031079474,0.3435291682135862
api_gateway,13,0,0,1,0.024920018128729817,0.0020289131084226253,0.7570554155252295
auth,18,0,0,1,0.08369393582910502,0.13517913873107995,0.22420940461940572
database,27,1,0,0,0.05646615162256881,0.04628875725461837,0.2997280203581714
auth,4,1,0,1,0.016939912563260728,0.09389675474816282,0.07449315619003341
database,20,0,0,6,0.015353744647265232,0.27713970232607055,0.43406916229903203
auth,8,1,0,2,0.05330788223246319,0.15106756389765671,0.2158436478293553
payments,15,1,0,3,0.0613390853635008,0.37850579720123284,0.44827478835794815
database,14,1,0,0,0.007582009711309681,0.039124504686729705,0.10933832240116029
auth,16,1,0,1,0.01992418785846182,0.25236424365331594,0.24326973657109496
payments,31,1,0,2,0.10000632830946851,0.13929225588294747,0.20010443817840418
api_gateway,17,1,0,1,0.06961867823023364,0.05668875410743204,0.644914315953081
api_gateway,39,0,0,3,0.04777740828352041,0.2273295182429454,0.7672588293046819
api_gateway,28,2,0,1,0.0733157149108995,0.20474019017109982,0.5131017399855882
api_gateway,11,0,0,3,0.04467292611713713,0.1756280730994233,0.6198762493478177
api_gateway,19,0,0,2,0.0324464802305769,0.09520644921263241,0.45773508559525966
database,10,1,0,5,0.04213244929303641,0.06277589134261538,0.04517524028005817
payments,20,2,0,1,0.028490211549153002,0.19454884033005904,0.27937680057649544
api_gateway,19,1,0,1,0.06333470519113991,0.2384928118885854,0.7771387548772308
database,7,1,0,2,0.0670369739868868,0.33849142407324384,0.284713327919671
payments,28,0,0,0,0.05494295793097833,0.02683749305195149,0.10765245251742105
auth,14,0,0,0,0.07915410063332003,0.12669416335680966,0.13438129425833112
api_gateway,11,0,0,2,0.035655983287645764,0.0364800238240289,0.18643756377873044
database,6,1,0,6,0.013081676095796713,0.01827164835828439,0.15857313840536402
payments,16,0,0,5,0.13218871016445174,0.10743184173318664,0.24484614673019417
api_gateway,9,2,0,2,0.01407812540708517,0.12880960758161447,0.24672502636096294
auth,18,1,0,2,0.055484219037160804,0.22237130914115802,0.05959480443805775
auth,19,1,0,2,0.0509769673499049,0.21245878139176091,0.2915782265676826
api_gateway,37,0,0,2,0.004422777403077483,0.1251006331394176,0.28919945683960696
auth,11,0,0,1,0.03851250709192222,0.1429764536758904,0.07997603183319557
auth,18,1,0,1,0.06667560613073774,0.25353169229407857,0.19774080902825225
database,23,0,0,0,0.0316118406586923,0.09540756959425846,0.06429061276156181
payments,39,1,0,1,0.12186204864358507,0.1230620349425346,0.5187178136976387
database,18,0,0,4,0.04247549848578918,0.09664297417040928,0.1431720367867613
api_gateway,43,0,0,1,0.032876862633514164,0.1804834345341368,0.3129997620044021
auth,11,0,0,1,0.07998913042688172,0.02448949495540149,0.1636035142282583
api_gateway,36,0,0,3,0.06026276009962397,0.09181805726287759,0.6319576647963153
api_gateway,14,1,0,1,0.07613916199799943,0.10487838378399086,0.5933479555757724
auth,24,0,0,2,0.0005933496746056478,0.22774874434901438,0.2101268883368459
payments,38,1,0,5,0.007467150228456565,0.253070813936544,0.2219609728953707
auth,4,0,0,1,0.0957813182753358,0.0566219537095522,0.16017262870545218
database,27,0,0,1,0.051763847310937416,0.10200682920118356,0.34541435025305617
payments,38,1,0,4,0.1491846385026787,0.20189579015214068,0.3687859945755561
auth,6,0,0,1,0.017532167837859915,0.15465597477431298,0.3935574902741663
payments,39,3,0,5,0.12251900543615211,0.3486182722832506,0.07310317208034654
payments,32,2,0,1,0.1056740454617527,0.20803307328663356,0.47305273449776036
auth,11,1,0,3,0.07144961527843495,0.03141154705872646,0.134205243540779
auth,6,0,0,0,0.08631873483680563,0.018330886945981072,0.13703052667805687
api_gateway,25,1,0,3,0.015575715398291808,0.10156994780286427,0.7050848485735168
database,27,0,0,6,0.027499326631042945,0.11659282748516331,0.3901585276997537
database,17,1,0,4,0.02244677469547926,0.14212165626834142,0.2227444998473151
database,9,1,0,2,0.057943560575306315,0.28696128423871375,0.1430708415809977
api_gateway,14,1,0,2,0.05039803700126194,0.10965340623670297,0.42413469874254994
database,22,0,0,3,0.07457094538460228,0.21355006577643512,0.44956445158925873
payments,39,3,0,2,0.051970393061800076,0.22508461733688115,0.3564704747115241
auth,10,0,0,1,0.09271837688793477,0.14456736938113185,0.09445455821029866
payments,23,3,0,1,0.07410175058989583,0.14706321842364334,0.49773755806267433
payments,28,3,0,3,0.09590796321811469,0.0393978566717613,0.1677288509250888
api_gateway,28,1,0,1,0.06886294436256099,0.09832805030988773,0.3715075921128881
database,20,0,0,0,0.0190484501977663,0.28125092988435546,0.3899351316455669
api_gateway,32,0,0,0,0.07219006349836037,0.15527774463579683,0.12268445484383951
database,13,0,0,2,0.044351358269353235,0.004201796679047336,0.06701254981219244
auth,19,0,0,3,0.06455339908801487,0.09784491513580847,0.16556528668447795
api_gateway,35,2,0,1,0.0440504235420241,0.06995213245102788,0.2834448368488345
database,27,0,0,1,0.027378104714181405,0.2385040929123639,0.08868198955614129
database,14,0,0,3,0.07881517517419108,0.18469689732700284,0.060290673367524764
payments,32,3,1,3,0.06722562705319778,0.2916134971317976,0.23102518805584416
database,21,0,0,5,0.07949175743348534,0.01585329509487542,0.24472415877363698
payments,29,3,0,0,0.05455882817035263,0.3462803969296015,0.5603829839828746
database,20,1,0,3,0.01933302482996651,0.3109380461414579,0.34320081376695494
api_gateway,46,0,0,0,0.05226176155898661,0.14305481293880207,0.7924580891740738
auth,13,1,0,1,0.08178740635904726,0.24872059386482723,0.11277852102621502
payments,24,1,0,1,0.057458820963150525,0.012008090286934526,0.4421655112590031
payments,22,3,0,1,0.10960185172925853,0.1626271231621964,0.07450614738970927
api_gateway,42,1,0,2,0.05700915764500449,0.16997748270224197,0.14868663774770458
database,28,0,0,3,0.06810179095216838,0.1457602016482896,0.20262325116838983
payments,38,3,0,2,0.03414488037290885,0.35711837583595435,0.36084529092316553
api_gateway,31,1,0,3,0.055606628032433755,0.1432450299531786,0.3897990566990127
database,25,0,0,2,0.04557829354712936,0.12568391607066687,0.3207119061560804
database,16,1,0,0,0.011901486095232458,0.18173633717221024,0.3372854502873203
payments,30,0,0,1,0.08312718831731981,0.001052862231835272,0.5722224874565389
auth,11,0,0,1,0.07551177893054173,0.003818184506976163,0.3080084781824639
api_gateway,21,0,0,2,0.01779718608302967,0.13140359224637332,0.3305940952990043
database,17,1,0,0,0.015426493257067318,0.07046005782607237,0.4086579868728459
auth,7,0,0,1,0.07007318803632652,0.16172704350667425,0.3124186144468105
api_gateway,18,1,0,2,0.05382440966984286,0.23660993343579334,0.39518813865524327
auth,12,1,0,3,0.09503354666683905,0.07690251850417736,0.2696101935168157
auth,24,0,0,3,0.07437809301448561,0.1889429957118353,0.31180197993203906
auth,6,1,0,0,0.033811092073613214,0.23583912673865454,0.10109285401772512
database,28,0,0,1,0.016849323079428942,0.10650384554541398,0.20183132152666342
auth,23,0,0,3,0.03313930876965162,0.14380568676474997,0.36135784022094475
database,17,1,0,2,0.04880546708266941,0.025959482074456718,0.1991955532067296
auth,10,0,0,1,0.09338670398513199,0.2306739630273785,0.34480068659394525
database,28,1,0,1,0.06952927893687857,0.10476203819873264,0.1691737717042893
database,16,0,0,5,0.015363981311683013,0.08178809954506677,0.32448629631632914
database,15,0,0,3,0.05600513379945605,0.02895692220208264,0.4158412770254581
api_gateway,28,2,0,1,0.01613051388434891,0.059459635234363595,0.21320140151196132
database,23,1,0,1,0.004290683281955845,0.14193089533923814,0.10666391407554279
payments,32,3,0,5,0.0416836688981634,0.28164174430865474,0.4600266969440249
database,12,1,0,4,0.02227555920443467,0.12234312587117109,0.17218439055091322
payments,28,0,0,4,0.048099413210464834,0.3083258086657285,0.23067997988582473
auth,17,1,0,3,0.07219239699289334,0.14146091627347343,0.08832466573522257
payments,22,0,0,5,0.03603675276964558,0.09335850778325079,0.5767149111449352
payments,37,3,0,2,0.07681328650479959,0.2038892686414261,0.38559821693015295
payments,17,2,0,0,0.10801670002724185,0.365282384725669,0.5912907277157682
database,4,0,0,2,0.0073067950725846575,0.22224548145185422,0.10388122484132944
payments,38,0,0,5,0.08686947060525736,0.3222323305764935,0.5897574073794072
auth,7,1,0,1,0.025779766216412592,0.025550150013166906,0.3291088509250977
database,10,0,0,2,0.008166397357934976,0.025463033846821113,0.1655851143228115
api_gateway,49,1,0,3,0.02992762935681313,0.15542311379830615,0.588577784271471
database,9,0,0,1,0.05423263517878756,0.20089454713128935,0.04325266751548184
payments,16,0,0,3,0.12184759990711783,0.08995471209021272,0.1462482558128212
database,20,0,0,0,0.01258584494301184,0.11800775449991213,0.17397434462422642
auth,9,1,0,1,0.09554709904951643,0.13001358298047658,0.35237642522182655
payments,27,1,0,1,0.08929152616560818,0.0718637156119648,0.19666090567287742
database,15,1,0,0,0.0653807048811104,0.21342740205190466,0.072862538280059
database,8,1,0,0,0.060462059130586554,0.08426404518623248,0.169665642367037
auth,15,0,0,0,0.02216091882391509,0.12235888902769855,0.10708315727075833
database,15,1,0,5,0.02985188295623681,0.1458447487152036,0.16643877325864667
api_gateway,21,1,0,0,0.02826362533217049,0.09531729844239425,0.7070946821795612
payments,38,1,0,4,0.006330070287194766,0.13909513422372624,0.05240569025565514
database,4,0,0,6,0.02370497107576352,0.09699999455285063,0.22325019118046993
auth,20,0,0,3,0.05461444704633772,0.18475065463932963,0.03836997613702725
api_gateway,29,1,0,0,0.014156472857027494,0.10857816834880143,0.6432097147257883
payments,27,0,0,4,0.10715813430559386,0.29712860063394636,0.5545842190424757
database,24,0,0,2,0.032487203374712545,0.32051347043854805,0.06607080605477736
api_gateway,22,0,0,2,0.027800310658259858,0.07489052952258485,0.19419970315336993
database,10,1,0,3,0.051499119567993634,0.1627053553717804,0.485536998102577
payments,24,0,0,3,0.10907442146102077,0.3693198033079718,0.3493100011624953
auth,23,1,0,1,0.07898479084853476,0.20551355271258587,0.32114530319375634
auth,19,1,0,1,0.011924491131926118,0.03363409450145884,0.2026470404367865
api_gateway,40,2,0,3,0.017503936886894726,0.18903079248684068,0.4426740745093073
payments,14,1,0,0,0.12100617116175921,0.12883223012650633,0.08639279694884947
payments,24,1,0,0,0.1322453023763116,0.025617409545915404,0.40297647244255613
auth,10,1,0,1,0.05429465845718413,0.210115539942988,0.11315070834352825
database,6,0,0,2,0.042153549384354595,0.1876732098739167,0.23623183478553
payments,29,0,0,3,0.014048617891121173,0.22157669354185502,0.5711813758842472
database,17,0,0,5,0.0002653363523921204,0.18841777953049282,0.36995971934432037
payments,15,3,0,5,0.007906468478015849,0.18583310577569845,0.5298560377921964
database,28,1,0,6,0.017014978040990014,0.34579793899221434,0.14520825836239712
payments,7,2,0,5,0.10407950134925918,0.3373711182836197,0.26068612184717826
api_gateway,47,0,0,2,0.047603727334184,0.15428330981209976,0.7528070375844093
api_gateway,42,1,0,2,0.045534339843835536,0.012227207062362716,0.21500633129400099
payments,9,3,0,4,0.14470357182426913,0.02750038083547093,0.3892862395815171
api_gateway,33,0,0,1,0.041125683509817476,0.22238032207092864,0.22049739694581352
database,9,1,0,0,0.0656984170135412,0.27609212873381417,0.21820525147336112
payments,24,3,0,4,0.07418955791456382,0.11017867191620363,0.31135874570132216
database,29,0,0,1,0.02374942808262148,0.04624047553265351,0.41800299832758786
auth,15,1,0,2,0.07820645215724312,0.2054167611663996,0.34269159283632955
auth,9,0,0,1,0.028026530017442833,0.09574185466025799,0.31452408006527044
payments,16,1,0,3,0.14063255061110078,0.20332467771067783,0.14033258697273493
auth,21,1,0,3,0.06614767688562871,0.11047807146902414,0.2547682724561341
database,20,1,0,5,0.06296448766765864,0.30261572768770817,0.20678507461774384
database,20,1,0,6,0.04028972248709854,0.11286756380184305,0.3718460301566191
api_gateway,17,0,0,1,0.07439116545860489,0.12376441811210065,0.6520012895580398
api_gateway,21,2,0,2,0.07999197474418329,0.12493175449616259,0.25506380425753816
payments,28,0,0,5,0.11933165878899721,0.1385064203151722,0.5082652013006442
api_gateway,30,0,0,3,0.006354187554897761,0.23878631087289978,0.27499842309350764
api_gateway,39,2,0,2,0.07689790208299804,0.09607094468074048,0.4982461425915843
api_gateway,37,0,0,3,0.022491214115931833,0.027725596995975127,0.2300754658136665
auth,5,1,0,3,0.012144261572837501,0.2607548591941531,0.30587714491521034
database,6,0,0,5,0.02853890151136863,0.15796592464081974,0.33498883449358097
api_gateway,42,1,0,2,0.034755830528860436,0.1795391739809326,0.45163166565067125
api_gateway,32,1,0,3,0.04291350394744537,0.2227856070618574,0.6463857925739352
api_gateway,31,2,0,0,0.06552604015500903,0.1509744770709688,0.21828714390610854
api_gateway,47,2,0,0,0.023136337323506853,0.10870138297611556,0.3012241462284755
payments,13,2,0,1,0.07777394624133606,0.2865905050568668,0.4513749505348865
api_gateway,37,0,0,3,0.03207308790351616,0.16999259076983322,0.34129010768884394
api_gateway,44,2,0,3,0.03301699404388813,0.014034566711724705,0.6033714048788977
api_gateway,42,0,0,3,0.002058557216299981,0.1069161591782451,0.6418828027422852
api_gateway,21,0,0,2,0.02047550891625491,0.0918035144318273,0.3719231490801581
payments,34,1,0,3,0.11286138498180139,0.20777951455649504,0.5393315489301579
payments,29,3,0,3,0.06873072078783239,0.21234361371539034,0.25732248442744965
database,21,0,0,0,0.007262380828374857,0.3211539744104444,0.21811797816107098
database,15,1,0,2,0.05144141459312018,0.2829934786795974,0.30525108702653153
payments,29,2,0,1,0.02757193342227224,0.2624584367389769,0.10005649378538434
payments,35,2,0,3,0.1347895365853455,0.17604830839397448,0.5402996302296121
database,22,0,0,1,0.03507658244331308,0.23952411043690935,0.4217997210536193
api_gateway,47,0,0,1,0.06683391781438949,0.17157735378697792,0.447469696391364
database,27,1,0,2,0.029945132662694274,0.3429011251350253,0.2344452303639539
auth,15,1,0,1,0.05652263811708307,0.2517518431530891,0.08128255429633466
payments,10,1,0,4,0.11223582092713501,0.2943741567749782,0.3646807827825201
payments,5,3,0,2,0.13443850747073682,0.03645493563588289,0.5162246588792191
auth,4,1,0,1,0.006400008275238689,0.17859322555303506,0.13788658819951224
api_gateway,14,1,0,3,0.06759376511416776,0.2145268230290273,0.316424868383
api_gateway,40,1,0,2,0.07788810321171416,0.22113073041126058,0.3266725905014143
database,28,1,0,1,0.024276878770656093,0.02609354119821833,0.3622108071576942
api_gateway,48,2,0,2,0.050657483369205315,0.18934036913399238,0.7486701178125525
api_gateway,47,2,0,1,0.02616377672229576,0.19424270172367653,0.14269174503926396
payments,9,0,0,5,0.029781428830230248,0.10448006850956518,0.46741257173807477
database,15,0,0,4,0.04179450504399997,0.08150992896549134,0.21721690252907663
auth,18,1,0,0,0.05330432878885832,0.0977993755606808,0.31029326214323905
database,18,1,0,1,0.05657649171735882,0.09825968352993034,0.4315724163472491
auth,17,0,0,1,0.024717696901060616,0.2162865931451017,0.16300887717606868
api_gateway,33,2,0,1,0.00877974501679489,0.15472401222298768,0.5556533212173417
database,12,1,0,5,0.005973834415845003,0.19774660432874605,0.2953170340562172
auth,24,0,0,3,0.03881810010456791,0.23497071566338867,0.31967453312628713
payments,32,3,0,4,0.06365580390804519,0.09263319651559976,0.3951909306904882
api_gateway,25,0,0,2,0.03007330365867528,0.08468281510237247,0.5499812610465222
api_gateway,33,2,0,0,0.0407885418116015,0.11202126897564524,0.5698553396483306
payments,36,1,0,0,0.10709369217971572,0.3493017426766691,0.4426530212459988
database,7,1,0,4,0.07047386392705908,0.26900683556943233,0.1389722044109475
api_gateway,20,2,0,2,0.0625760597684872,0.1162278423572892,0.7390212802191757
api_gateway,11,0,0,0,0.04791764917524256,0.010147878367777419,0.19451152459753873
auth,12,0,0,2,0.06561618064448772,0.00018349054667611274,0.12579951863461147
api_gateway,17,1,0,0,0.05800833353714157,0.19904194929542,0.5768145329140446
api_gateway,34,2,0,0,0.00989243253583994,0.05859104698390605,0.2957057518024264
api_gateway,47,2,0,0,0.0269768697963045,0.13639377246456275,0.7179548913964112
api_gateway,16,2,0,2,0.018648370377805933,0.07040016594102919,0.507512167660496
auth,18,1,0,1,0.046810204444960535,0.29564261970132966,0.29705500260758955
database,10,1,0,3,0.06691811044931278,0.07902029194411339,0.3967022296742697
payments,18,2,0,0,0.05373285618646092,0.27924676963340944,0.20649733564963085
payments,22,2,0,3,0.007374124373257223,0.13844289631295803,0.1316119580196127
api_gateway,10,0,0,0,0.012728768520260437,0.12466092034329704,0.4275687196845134
auth,5,1,0,2,0.048331822155225336,0.28786602428997,0.17408301074316848
auth,15,0,0,0,0.08300653721957794,0.1626586934658221,0.3696776008561359
database,10,1,0,2,0.0485665571136938,0.08305466263275484,0.20361213945425197
api_gateway,14,1,0,1,0.031482870209561364,0.13183962452103704,0.5749869976053233
auth,3,1,0,0,0.09853447186873107,0.04992583137948082,0.3754180552930113
api_gateway,26,2,0,2,0.01687185188995894,0.19931962697983333,0.201100289073828
auth,3,1,0,3,0.07786521510749095,0.26461632128363055,0.3637895313253918
auth,21,0,0,3,0.004815078917320093,0.040568596235415685,0.214051561803516
database,26,0,0,6,0.010432310798427925,0.1394233066811397,0.2667827167625605
api_gateway,42,1,0,2,0.04513682962407506,0.1219704950741787,0.6282448522537224
api_gateway,42,2,0,3,0.07697904134382517,0.08998920001686125,0.6896405701637407
auth,17,0,0,1,0.049041036113680526,0.2719591896358468,0.27128008599089654
payments,28,0,0,5,0.10263136127827299,0.19961446916163253,0.14448401021277174
api_gateway,42,1,0,2,0.035773710288039634,0.11300023451344138,0.4608141543970091
database,29,0,0,0,0.037225237958808076,0.15515026924328032,0.04851339243118461
database,8,0,0,3,0.04595637106326366,0.08879633262925092,0.22512567849806733
api_gateway,11,0,0,0,0.03803390829949504,0.0678672157746106,0.4362326756663294
payments,37,0,0,5,0.031769722482225406,0.16975560722900418,0.4233966614728387
database,9,0,0,0,0.01760319390836969,0.09949404254809324,0.42590875383882637
auth,4,1,0,0,0.043964232052484654,0.12965017655219577,0.10038875700925562
auth,4,0,0,3,0.07153532125002056,0.08075593205150618,0.13822784716075348
payments,38,2,0,1,0.025662895028574304,0.23974542069530624,0.14097049747574747
payments,22,2,0,0,0.1173002738390912,0.22329270011186442,0.3740994686803976
payments,10,1,0,0,0.11820527243625331,0.09639850319836718,0.5170227363936808
payments,22,2,0,3,0.10126948287666294,0.3216811629191124,0.41507170486693495
payments,25,0,1,2,0.09783960089156553,0.10581851449041668,0.15059157478105956
payments,17,0,0,2,0.06368589107789334,0.0817933844783294,0.45982301167411993
database,16,1,0,3,0.06822201633321834,0.18719881864091253,0.1261351663846217
payments,13,1,0,3,0.11915763376392845,0.26369781482034876,0.5322662757847615
database,13,0,0,2,0.021618333856605904,0.24323656731295315,0.21655082582576057
database,29,0,0,6,0.001734400933356941,0.21076932789414196,0.11270234799673509
database,6,0,0,1,0.03588552782646099,0.32691532742662266,0.2208158263026814
database,4,1,0,6,0.022054159814075804,0.1435075331592225,0.20475737580915035
database,23,1,0,1,0.058793190572765344,0.2546479745498394,0.07108244662991803
api_gateway,28,1,0,3,0.07463420268327534,0.2033423749932322,0.7269667599317675
auth,15,0,0,1,0.05320346868333901,0.10383856202147636,0.15428235994329265
auth,10,0,0,0,0.06802656287285745,0.03147131590479339,0.13009789232957597
auth,3,1,0,0,0.03591726505593003,0.23321193876316462,0.10822281583708451
api_gateway,49,1,0,1,0.04946523447209715,0.015467901226115355,0.7264943141253892
api_gateway,19,1,0,1,0.03732190373654525,0.019627359800241273,0.7758297104261106
auth,22,1,0,0,0.06854066230403211,0.05108867527561012,0.15461333182855086
database,19,1,0,0,0.0761470837573328,0.035337333934420394,0.4658412485973095
payments,23,3,0,5,0.024589758142980412,0.013190777473037364,0.29089876134255477
api_gateway,43,0,0,3,0.00034694590519222855,0.11017920034863193,0.33110333636354244
database,8,1,0,1,0.07649476539812043,0.2671607358260822,0.05295940120034813
auth,4,0,0,1,0.08703037784998426,0.017051718323945884,0.3974129734251408
api_gateway,45,1,0,3,0.05200028642110077,0.16948682396665346,0.255513440206962
auth,22,1,0,3,0.07040996843974501,0.18202430709765918,0.33854609835207206
database,27,1,0,0,0.0321848957215198,0.10404049141629072,0.1076342326394221
database,25,1,0,5,0.034292257428181476,0.2608726009093806,0.25667253174884624
payments,19,0,0,2,0.01911121075431435,0.28609474139305324,0.4821902558533859
payments,29,2,0,4,0.08401739745140226,0.3599638173418687,0.2887390949987892
auth,8,0,0,3,0.08026304216000338,0.18550209518398236,0.2477848067067265
payments,6,3,0,4,0.020475451812537324,0.31260925181322685,0.08197358506475572
auth,7,0,0,1,0.04945862512026458,0.16431471245377074,0.29496997336682074
payments,28,3,0,1,0.0782746312957784,0.036414525978176696,0.2710442893757816
api_gateway,17,1,0,3,0.06002725994070806,0.1368834421273302,0.6793147234389444
payments,19,3,0,4,0.11092119808261701,0.16593904262421832,0.2101998872406553
auth,10,1,0,3,0.056695047563881024,0.009225882152914899,0.22094287427356152
payments,23,3,0,2,0.08533821087670744,0.024617213653934746,0.503048357375343
database,16,1,0,5,0.05155430597138194,0.2792437321725476,0.32361147700875503
api_gateway,43,1,0,3,0.069949553752178,0.23451904785680186,0.32640375366675656
payments,11,0,0,4,0.10602053943157577,0.027944768273864676,0.5455299228213201
database,4,0,0,6,0.032242586763403906,0.054030721934258556,0.33406077856044486
payments,10,1,0,5,0.13950080666866088,0.3921883191132285,0.508949818190433
payments,14,2,0,2,0.14641174987087782,0.33880481415563346,0.5169889811969206
auth,4,0,0,3,0.07382168001363199,0.1826601283887699,0.10683961989286946
database,25,1,0,2,0.055925273021700514,0.09900508024659216,0.04894969689469143
auth,17,0,0,2,0.052437548665535676,0.26995440180213043,0.3935656968197554
database,10,1,0,0,0.015237345879828014,0.17202929002918804,0.06365892425723756
api_gateway,26,2,0,2,0.03207644476754107,0.08202238281846916,0.7277864704006828
api_gateway,39,2,0,2,0.030741611744821384,0.04812259227457091,0.6289951317893648
auth,19,0,0,2,0.0374212795739058,0.23965513806019031,0.15649608916076255
payments,39,0,0,5,0.08398357977686781,0.36159267863571415,0.38419296673616626
payments,20,0,0,1,0.03484344811446789,0.05087247568675477,0.24445186981238543
payments,16,0,0,1,0.10208746393781509,0.04900765701483754,0.5307311097264383
auth,17,0,0,0,0.05739453222006694,0.21980570741904037,0.04076241887792051
auth,19,1,0,3,0.013622777831844901,0.051193076625631585,0.15088776276350138
payments,36,1,0,3,0.07202024094575597,0.11394107064424547,0.1842520148709313
payments,37,0,0,1,0.07773085982737812,0.019709461433108588,0.4290763549996235
api_gateway,33,2,0,1,0.03939834291022527,0.049757788133489717,0.7580558856191936
auth,21,0,0,2,0.049410041575843944,0.12603842369868543,0.3326184645876372
api_gateway,49,0,0,0,0.024702744522221813,0.20857175548155316,0.7224308379696016
payments,8,0,0,0,0.026096609928270537,0.39140238677307604,0.18910149305595791
payments,14,3,0,2,0.11741185113770801,0.13400342798307832,0.06021389532080437
payments,9,2,0,2,0.06750363592917039,0.19343721924173163,0.5923991713847823
payments,22,3,0,2,0.12800936003054125,0.01693379700732134,0.3545756748619409
payments,8,2,0,0,0.10053809640665388,0.30957445152946894,0.4837775360772832
api_gateway,13,0,0,3,0.024801119456426476,0.14328456900467995,0.3812165034401981
auth,16,0,0,2,0.08055031112598633,0.2847291266785279,0.1352896827295451
payments,38,2,0,3,0.04753695207278164,0.28665277468081257,0.12188403956157215
auth,18,1,0,3,0.042385789416927167,0.19763330354631134,0.3013733527099435
auth,5,0,0,0,0.0036184797532925143,0.1404104078768181,0.13320606419594444
database,14,1,0,3,0.012462643835149301,0.0813465955205319,0.4725823589841191
database,18,1,0,6,0.029620382713794406,0.2897912206273133,0.1615980848135604
auth,21,1,0,3,0.06937260614624423,0.1743325565095516,0.05554273421513661
api_gateway,40,0,0,1,0.0059096495563001825,0.07356148852025354,0.20300653731770557
payments,12,0,0,0,0.0764635600351307,0.18911733812063322,0.48572229098416064
payments,23,3,0,3,0.06970342026677474,0.28409733677090365,0.41886482380115464
api_gateway,17,1,0,3,0.006058060341100484,0.08927597877958698,0.7051477107388454
auth,15,1,0,1,0.09962420986170206,0.029667251994695085,0.25773071515678325
database,11,1,0,4,0.008669976583453592,0.07691328532740609,0.3446720540598505
auth,23,0,0,3,0.06816984700828346,0.21664425562283898,0.05896998878515476
database,15,0,0,3,0.01908564191565545,0.1509076269088723,0.4773523122369673
auth,8,1,0,1,0.0631174204009007,0.06631975951416501,0.24534343392630778
payments,39,3,0,5,0.0035826286978714148,0.008650796984717513,0.2703618166408743
auth,16,0,0,3,0.0680199123483904,0.057290669327774824,0.39463954744373697
api_gateway,31,2,0,3,0.07357743449894064,0.2143567829957987,0.36141849487199806
api_gateway,40,1,0,3,0.053662822527846696,0.1897696032680044,0.10014221563608024
api_gateway,8,0,0,0,0.024879367771232782,0.04491763899818002,0.38212318651300736
api_gateway,49,2,0,3,0.020979483586494343,0.12591726617826915,0.11919684605775877
database,12,0,0,1,0.04741823833918885,0.10285486648834052,0.47692450561477845
database,26,1,0,2,0.06122503383135733,0.09921391248728872,0.11554874704533588
database,19,0,0,4,0.008537411884196712,0.3138738290320677,0.056536025350168176
auth,8,0,0,0,0.061707653000622635,0.035596753412816984,0.09482320606811966
database,29,1,0,5,0.04574978036074833,0.27321859080729566,0.06751189866207155
auth,13,0,0,0,0.04937694913726616,0.010651010615589707,0.18597784976326023
auth,15,1,0,2,0.00553907300209392,0.17084755155600292,0.34529475402524334
payments,37,2,0,4,0.062442739281653205,0.37324528846746124,0.3730783400859667
payments,35,3,0,2,0.03318567297100255,0.1330626399283566,0.516186255818607
auth,6,0,0,1,0.054216991044571484,0.041335656202529054,0.14410400877361446
database,15,0,0,4,0.06981742730365544,0.2282694617672197,0.41126276100016246
database,23,0,0,1,0.06279514787876546,0.025163369180077437,0.3342821845623391
payments,27,2,0,2,0.031395911375131286,0.23087989856902458,0.16080382268623822
payments,6,0,0,3,0.08277431003012527,0.12668684881008643,0.36044301290959724
api_gateway,34,1,0,2,0.07786291613879637,0.10323457201208128,0.26167445316946525
auth,11,1,0,3,0.05094018695309704,0.11446165274206395,0.25677242168316167
auth,14,0,0,1,0.02955524986352176,0.2629225465738446,0.20946948719532488
api_gateway,15,0,0,1,0.047469504207093983,0.23255992652130641,0.3339098248260314
database,14,1,0,1,0.05099736470513036,0.21953847580654526,0.04825859665964997
payments,13,2,0,3,0.02279702737110768,0.10088925369224754,0.4375223176733426
api_gateway,45,2,0,0,0.05534108397471038,0.08134245914760649,0.46537711661329717
api_gateway,26,0,0,3,0.025177659403072195,0.22202098529853564,0.7882051743200262
auth,20,0,0,0,0.014715770096372338,0.1742174598428417,0.31947534420592905
api_gateway,43,1,0,3,0.06482678941844541,0.2275048566771514,0.2861867906196813
database,23,0,0,6,0.03739139689763821,0.058549658752694286,0.2139808397737453
payments,7,1,0,0,0.1394882644718497,0.2976197804914311,0.3945551203897307
api_gateway,35,1,0,3,0.047540808833298975,0.05134694016961858,0.5273857916633742
auth,5,0,0,2,0.09066688146151902,0.05766960135811917,0.21826393594166812
api_gateway,43,0,0,3,0.01707107861511517,0.07199896841950607,0.5825708633583897
auth,23,1,0,3,0.025050142469593962,0.24483767209618615,0.16517552753595915
api_gateway,41,0,0,2,0.051814065527803925,0.20927846064016434,0.3692300140916389
auth,9,0,0,2,0.04280928766249438,0.009874130598352104,0.31690337053757667
payments,23,0,0,3,0.0722850250664966,0.343155674098496,0.32632153641406964
auth,8,1,0,1,0.021018510362154377,0.1877598328846104,0.0716242443911376
auth,4,1,0,2,0.0745080171162218,0.20760920854593398,0.19402840239725963
database,11,1,0,2,0.03148882735556976,0.010085390368761993,0.2296094465644234
payments,6,1,0,3,0.012437187209172173,0.05358994669991249,0.3921918082954842
database,16,1,0,6,0.052161130173516035,0.0382506032835383,0.18863036650549916
database,13,0,0,0,0.03006051028055296,0.06553184386536531,0.4778163438717053
payments,23,2,0,3,0.09065710786242122,0.0890414546164951,0.516160637953172
database,23,0,0,3,0.07484170283715225,0.15629500496192653,0.05459734636994832
auth,21,0,0,3,0.056181388033830874,0.05648410466919661,0.24466947242267698
auth,17,1,0,2,0.03130831693513521,0.17241096117584634,0.04941674190687942
api_gateway,24,0,0,1,0.054536039273290704,0.11848019437194135,0.2110902122291442
api_gateway,35,2,0,1,0.0555754333643311,0.04484856827796563,0.5791537791949424
payments,30,0,0,5,0.08071815150597197,0.17471086772932787,0.28317589870479404
payments,26,3,0,1,0.047239984118839874,0.2282758646307392,0.5159366013517093
database,9,0,0,0,0.0625157902900538,0.16622164552389906,0.3620966068955024
database,26,1,0,0,0.06981843872482797,0.06494089002728352,0.23268222661397536
payments,11,0,0,5,0.1411918393360197,0.23508129133659061,0.09560993388034933
payments,6,0,0,5,0.04749036522411194,0.07361641392857869,0.3582089230752225
auth,15,1,0,2,0.0177116568678373,0.12929125275158485,0.2037701016327008
api_gateway,24,2,0,1,0.032975108928738214,0.1911525019631273,0.6749499216491118
auth,12,0,0,3,0.034467314101254774,0.23042697156574204,0.31051123075843645
auth,21,1,0,1,0.05377707777946096,0.022980872507463047,0.18329115237746782
database,18,0,0,4,0.014270000154887236,0.03294891623439103,0.09182041991319534
api_gateway,22,1,0,3,0.04311475151124979,0.020207174233111636,0.4644907862447707
auth,4,1,0,3,0.054468809343397664,0.14031968133434114,0.3371741223428969
database,4,0,0,1,0.057744783670857364,0.2170480059862405,0.19986783570075886
auth,24,1,0,3,0.05727532592481626,0.04456354545299428,0.22902843907316334
database,18,0,0,2,0.008037296920680052,0.23544084885732566,0.14688915315023834
api_gateway,33,2,0,2,0.061429414687560586,0.10499250597493093,0.6187822381576183
api_gateway,26,1,0,2,0.05109303616539218,0.06392629896269186,0.3521899696888944
api_gateway,26,0,0,0,0.027476830153503704,0.1777190921155996,0.18269014938368222
database,26,0,0,3,0.03036544228559406,0.18369692409032745,0.18794087611767799
payments,33,0,0,5,0.05652159416613187,0.13623037496844748,0.5717608867386107
api_gateway,32,2,0,1,0.07308526370178416,0.20824891457640898,0.36656147377832105
api_gateway,30,2,0,3,0.00021665133625798028,0.15896703822176986,0.12560086734091547
auth,20,1,0,3,0.056104873536670374,0.28542165471304753,0.3285347224213432
api_gateway,32,2,0,3,0.055252257406112004,0.06857712153894477,0.6188419878895453
payments,20,3,0,5,0.12682662162608407,0.28504056291935725,0.22983769278350658
auth,22,1,0,0,0.0032918586763953763,0.13438260338471583,0.17052239674684344
auth,8,1,0,2,0.08556245661758771,0.05957489346782502,0.35137298385385796
api_gateway,37,2,0,3,0.07296925055382537,0.10513459148748064,0.6124437296373018
api_gateway,20,1,0,2,0.02454256849536484,0.10850475092281267,0.26209187887434093
database,15,1,0,5,0.06594455270553656,0.18576668255425804,0.23809535779995933
database,20,0,0,1,0.04204041145206353,0.34237182132997085,0.4046928583521738
api_gateway,24,1,0,0,0.07497259885439053,0.16270513636767908,0.7188029469914718
payments,11,1,0,5,0.12493403923308441,0.2944069473461344,0.5364730941366249
payments,17,3,0,5,0.13948057234408184,0.01631400537420724,0.41004182268838024
database,5,1,0,5,0.0059215992204715295,0.15056788411044297,0.41546679854014923
database,13,0,0,5,0.040700247410091754,0.028196279791742555,0.32367077734780925
api_gateway,48,0,0,0,0.014866991735451798,0.12372697408177344,0.7613261500310139
database,4,0,0,3,0.00911564909444099,0.28664171130580995,0.17815852899574128
payments,35,0,0,2,0.01004866415937714,0.11651749888220211,0.10724177603003582
payments,11,1,0,4,0.07504577345317721,0.1516643455919774,0.4946005795972491
payments,32,0,0,4,0.1462140122004293,0.008794608815729443,0.5682839722142703
payments,30,2,0,3,0.016984683488868807,0.39840511335289935,0.24670230227390122
payments,5,3,0,4,0.06965253748232125,0.3968063877587343,0.5682889292192466
api_gateway,24,1,0,0,0.04238000572147581,0.18086634030671722,0.4169492152958951
auth,9,0,0,2,0.06476595856402947,0.21519833611226086,0.22254512361739606
database,28,1,0,3,0.07370724478439372,0.20211551434181654,0.45226431593804206
auth,8,0,0,0,0.07578120318921161,0.09800343114285366,0.3350557671104658
payments,20,2,0,1,0.1322563454457877,0.10798945474218483,0.27541116296027673
payments,29,0,0,3,0.055407397137387765,0.12893538323237747,0.42721997082082047
payments,36,0,0,4,0.08018318171340587,0.37751555568318323,0.4017546045075211
database,8,1,0,6,0.06420338057258733,0.055789419235350794,0.481620626937413
database,14,0,0,5,0.041071525726803795,0.27767600428283795,0.2735184616547779
payments,25,1,0,4,0.14568298678282415,0.2889244673294831,0.5547913971152709
api_gateway,40,2,0,2,0.02257887537878478,0.24913789606303494,0.4242761486983182
payments,38,3,0,5,0.009960803019074604,0.2221053290431761,0.5696594991614056
database,16,0,0,6,0.03120931818354145,0.03361829225433137,0.4320340671121859
database,26,1,0,1,0.059185306751056814,0.10359667334652782,0.35771273660394853
auth,24,1,0,3,0.08654158817884439,0.21015209870366408,0.2979644478035294
auth,21,0,0,0,0.0930703993192474,0.01503210898199052,0.07092412821804585
auth,20,0,0,0,0.03107616953724214,0.29737994962351305,0.17839564494300952
payments,6,3,0,2,0.14825558500823566,0.22873150847307638,0.1530762083910773
auth,17,0,0,3,0.04762328135171624,0.2950794986634462,0.19807906498497033
database,23,1,0,2,0.0602479743817307,0.19946396370960567,0.38465873305912723
payments,13,3,0,4,0.01796399496482958,0.27945423577278244,0.14405596993002562
api_gateway,30,0,0,1,0.004510237339763607,0.113756573176265,0.7156906653175007
payments,28,3,0,5,0.06834912323296378,0.005979988441695561,0.10503556936159332
auth,11,0,0,3,0.03932464647920378,0.162428818291499,0.3140399102237933
auth,23,1,0,2,0.03558303786676609,0.14415940294752247,0.2931590189670876
auth,20,1,0,3,0.03799561251474085,0.05368854514050031,0.11522733758388237
api_gateway,11,1,0,1,0.04219758256436126,0.07552125929614514,0.3015425124545221
database,20,0,0,4,0.020524680499916112,0.25220081882098877,0.05244790086167305
payments,5,2,0,3,0.034610188531058066,0.3533398804088416,0.056135023021506775
payments,20,0,0,1,0.10549200810633756,0.07651566267860575,0.3366972646032361
payments,9,0,0,1,0.10471058196051024,0.04938542949229441,0.36739259344747094
auth,17,1,0,2,0.04413675603197897,0.2171038104278423,0.27729443849561364
database,13,1,0,0,0.0021316232931093905,0.26122631789221434,0.11189062091442839
database,20,0,0,1,0.042032965676320505,0.30077655849187657,0.16228894555248602
database,21,0,0,3,0.022416229371113598,0.30718371702673053,0.34058399096096803
api_gateway,30,1,0,2,0.04123594414242295,0.04186286513062887,0.6453119142537178
database,22,1,0,1,0.020717186632016302,0.2246252041966817,0.27486465711576014
api_gateway,16,1,0,3,0.0591441098416861,0.20613896959317735,0.5606287270951634
api_gateway,17,2,0,1,0.0004393559871653352,0.23270174196190047,0.7497290552082457
auth,6,0,0,1,0.005438696600157234,0.09443514474384317,0.3821970081316183
api_gateway,47,2,0,1,0.026717673963307417,0.19643062803289676,0.7122399197012633
api_gateway,17,0,0,1,0.029312927497299406,0.23838803579625079,0.4363191241021406
database,8,1,0,6,0.008320679124713576,0.20565159217514534,0.07399038679822562
api_gateway,16,0,0,1,0.06067578256321572,0.12020144856715842,0.6341470859400828
payments,11,3,0,3,0.029000885041807825,0.330123360969193,0.18327083351309625
auth,4,0,0,3,0.03540049431812427,0.26672597499805967,0.11480629813019567
auth,23,0,0,0,0.0044772372518095075,0.1740584709743931,0.049778540173783394
payments,27,2,0,4,0.048528692060555684,0.3589676200312695,0.5770381447278767
payments,17,0,0,5,0.08428154343622697,0.20757494570590276,0.5355081419138942
payments,6,1,0,0,0.060698061247282525,0.013515660379299455,0.3767575510514838
api_gateway,32,1,0,3,0.061571918321263235,0.22137942996600565,0.5733303896847101
auth,10,0,0,0,0.05716823260992711,0.1635760338785911,0.21228576355729561
api_gateway,27,1,0,2,0.07208960626868328,0.20095933586562778,0.6708654350833726
payments,6,2,0,5,0.033172141516604005,0.1492028399514243,0.5861798933871837
api_gateway,27,1,0,3,0.030273278684566796,0.05884467251709616,0.3296114411424032
payments,27,1,0,5,0.01892064870242281,0.25628408989088863,0.3007704021727637
payments,29,1,0,0,0.10037312333022762,0.18541913570356874,0.34137620339123914
auth,14,0,0,1,0.0484368151342658,0.2486274221230018,0.3380221769207733
payments,19,3,0,4,0.038443856305382634,0.18150150410014143,0.2001947976767251
auth,14,0,0,2,0.07192878001522802,0.09172764694670964,0.21789340543559685
auth,5,1,0,3,0.0045776339428725615,0.20118174291640362,0.2550128886817655
payments,19,0,0,0,0.1422981121354486,0.2332780647532184,0.3682853562307333
payments,31,0,0,3,0.14424171633816701,0.05478665381769435,0.2746680638852503
database,14,0,0,1,0.07718270061963278,0.20581962356863726,0.3501898332382835
database,20,0,0,6,0.05886492830529429,0.09591501217430869,0.19961592175593754
auth,7,1,0,2,0.027159892358039773,0.21793966613805937,0.3791642220592851
database,22,0,0,5,0.06479903000136722,0.04830511191648318,0.08197409237354109
api_gateway,13,1,0,0,0.05176910019544038,0.206452783227277,0.12347408145854039
database,20,1,0,0,0.06364871398555785,0.03725180154489553,0.2881693320840081
api_gateway,30,2,0,3,0.07237314336910504,0.0004780029142391895,0.6348238500814324
api_gateway,38,1,0,1,0.0009617094104327162,0.10885731175322477,0.12571126665548538
payments,25,2,0,4,0.0442052054828292,0.22936065035908154,0.2538908613707812
api_gateway,9,1,0,1,0.029617358071536933,0.1673049014538368,0.1828259960865799
payments,12,2,0,4,0.0033852874803565634,0.03034865648961902,0.5201510291457033
payments,32,2,0,3,0.030778071435721047,0.38124984500318604,0.2734776675150686
database,27,0,0,3,0.003873858113381532,0.13245795936939447,0.36280913322831376
payments,15,0,0,5,0.0012532056258207857,0.152060056783068,0.47981963379221454
api_gateway,35,1,0,2,0.02890618179407797,0.1990315922222167,0.43803296983604056
database,21,1,0,2,0.05227780183676489,0.006554153430952164,0.2366871390076018
database,26,0,0,1,0.011599661245156838,0.24407694162651283,0.476957500292239
database,6,1,0,1,0.003592022177613803,0.03410958153565404,0.18111421643919826
payments,32,3,0,1,0.07463491250830888,0.2020112184595068,0.2341089424896492
auth,6,1,0,0,0.007356102897771622,0.029917080019820616,0.09255656694600306
payments,6,2,0,4,0.11150293433550186,0.28480318447926506,0.17601413765126944
api_gateway,21,0,0,1,0.05630245894344333,0.123656765880958,0.660036894771502
api_gateway,47,2,0,0,0.062750727053758,0.22243031488433762,0.5782709912775058
database,14,0,0,0,0.07939720630222072,0.17485532859266226,0.470504277091872
payments,10,2,0,1,0.04120575492107154,0.33861379724936214,0.3516659721620184
auth,11,0,0,3,0.042553429772119955,0.1566729754700652,0.04823313751076317
database,19,1,0,3,0.02088322666455972,0.15145419657670384,0.24382687514809
api_gateway,35,1,0,0,0.007789283261990665,0.0893756000411145,0.45945051041977847
database,10,1,0,5,0.07987079040064869,0.26107116383701484,0.30272288635222566
database,20,0,0,1,0.07126491310393968,0.256860709381456,0.3693314914466604
auth,14,1,0,3,0.0172754646011967,0.2908390588637496,0.2764878331547183
payments,24,2,0,4,0.01946744485839169,0.37160835428672045,0.23750402505564971
payments,19,0,0,1,0.08166919982237529,0.0806620845067569,0.3786959462575579
payments,33,2,0,5,0.09265903860926915,0.09605064818060796,0.5101908963209039
auth,3,0,0,0,0.0017300122740969816,0.012517437856050983,0.13661374198626544
auth,20,1,0,1,0.05811479149732605,0.1824303560556275,0.21448127198689568
api_gateway,29,0,0,3,0.02819162724103688,0.01956242168667413,0.6877689533365281
api_gateway,15,1,0,3,0.05568062487787016,0.002065311657525104,0.394578976304895
payments,24,1,0,2,0.0789892413884684,0.1399446776889914,0.329881938275134
api_gateway,38,0,0,2,0.03778442993280067,0.005541137134965152,0.21405221045897016
api_gateway,9,1,0,3,0.0025166201446176206,0.0018337101440157322,0.6618484153066527
auth,4,1,0,0,0.06903933385936838,0.08772134806815403,0.03776444324982534
payments,13,3,0,0,0.07743717348000907,0.17730137658998488,0.1369729551456505
database,12,0,0,0,0.07983861069659791,0.2895644397747293,0.21776638290246664
payments,38,3,0,0,0.10804018859210933,0.1494563273866794,0.40986847684373073
auth,18,0,0,2,0.058361221614104966,0.17844758678213135,0.04959955668353615
database,25,0,0,2,0.058157307556883184,0.167937063492604,0.15523292344344322
database,25,1,0,3,0.049849187213021964,0.2640872505331438,0.13713193366871299
auth,22,1,0,0,0.05473777534997463,0.21626492235243722,0.3313697654580692
database,4,0,0,6,0.01808895285074068,0.01950208119254963,0.13183900529279327
payments,33,2,0,4,0.05480502623259792,0.27201842254970793,0.5406616086300947
database,21,0,0,6,0.05415663500524101,0.19040116331443224,0.4624805543268747
payments,25,1,0,4,0.1124588620175315,0.030439995592309723,0.4314067982802149
database,10,0,0,2,0.012705271693885427,0.1491276471525009,0.14392061658307886
api_gateway,17,1,0,1,0.025640842650544088,0.06257420175940381,0.29675595702397317
auth,20,0,0,1,0.09218787933693491,0.2773934137747242,0.3225058083421758
database,9,1,0,2,0.049486233269240495,0.18896965390168563,0.2799028057350107
payments,33,2,0,5,0.09347586367982809,0.16914736362363483,0.2525445344295522
database,12,0,0,1,0.03917384524132495,0.33795124290435846,0.1779872022296005
payments,24,1,0,4,0.07672884612142396,0.2881664276369372,0.2498658636876696
payments,35,0,0,3,0.036844736107322175,0.35113304143032575,0.4663565272610481
auth,23,1,0,0,0.025669854646456526,0.23590918098072394,0.24673133259722976
database,9,1,0,2,0.010155402527115439,0.32191125174848717,0.2101568667183592
api_gateway,34,2,0,2,0.0660903566655464,0.04098331069580771,0.4131406210840044
auth,13,1,0,2,0.07784683399151851,0.016954387316418695,0.32092875367142837
api_gateway,44,2,0,1,0.007354664954700621,0.20213489823169561,0.47629748922456616
payments,6,2,0,1,0.12040461080040324,0.059707205067698915,0.32213689521803035
database,22,0,0,0,0.015684348116376184,0.09225621330567263,0.20350359010105046
auth,14,1,0,2,0.04441590723125003,0.25268462962446475,0.1432186712401775
api_gateway,34,1,0,3,0.07813412215943606,0.2139619454576174,0.3039367201993611
auth,8,1,0,0,0.03549178403647072,0.24672731537394255,0.3280449390898623
database,9,1,0,2,0.012542508411280863,0.31657644942632757,0.3930815386608472
auth,18,1,0,1,0.04029997590536022,0.10022366866014526,0.34494292236714186
payments,5,1,0,2,0.06774584932782568,0.19759487205739648,0.4998530443256656
database,8,0,0,0,0.03622043610199325,0.04826177209746742,0.3497805146896252
api_gateway,13,0,0,2,0.05063185868755258,0.011216791569731155,0.6259142255467565
payments,29,1,0,4,0.013562846668749112,0.26562964847993364,0.13779646328902023
auth,9,1,0,3,0.057332371310302326,0.04110330860652852,0.31119384664053795
database,23,0,0,1,0.03137761828816223,0.19608940925040502,0.4268861905741471
auth,24,0,0,0,0.09282453464380758,0.22660260463024018,0.26722665767825793
payments,37,3,0,3,0.07555791518849343,0.247338522818183,0.38085167850883833
database,22,0,0,6,0.0007756134667499648,0.19403464704102846,0.0738474840838364
database,8,0,0,2,0.060395133184471234,0.01207140188780879,0.22446222754235326
database,20,1,0,1,0.0358680085632689,0.07783355306268248,0.43907284391902307
api_gateway,39,2,0,3,0.03255280279272177,0.1511018208488489,0.5854550911589341
payments,37,1,0,4,0.10805000537489895,0.37731935889826107,0.4028909992929249
payments,25,2,0,3,0.0937415655611748,0.13235483507751772,0.23374246957981598
database,12,0,0,4,0.054134850674291884,0.2024754030779008,0.19294971143263365
auth,13,0,0,3,0.07034851104965666,0.1160074483916364,0.19801461150360303
database,4,0,0,3,0.03979462941064609,0.3490618345066111,0.4039177714966039
database,28,1,0,6,0.03800301670163092,0.10811416080339142,0.4596587615601225
auth,5,0,0,1,0.01808106350376353,0.25700946693827065,0.11108363824605472
api_gateway,47,2,0,1,0.07206733862278701,0.035486218813063825,0.17009123512846178
payments,12,3,0,0,0.10309245066196916,0.1331648384925613,0.09401791337126515
auth,18,1,0,0,0.07295038264293836,0.09846185057142672,0.08128979344597118
database,27,0,0,4,0.03296898775718145,0.23838186390544647,0.3523872704448242
api_gateway,18,2,0,3,0.00307464211356125,0.04382412246502171,0.15862430437344488
auth,22,1,0,3,0.03449828456958783,0.28883595264842105,0.14893122576359635
payments,39,3,0,1,0.10401012801435659,0.28626506082892456,0.34994956867350285
auth,17,0,0,1,0.07533775452463684,0.14999505948145053,0.30031883024574835
api_gateway,34,0,0,2,0.047680780987902016,0.07281650434234593,0.24277401223240067
payments,34,3,0,1,0.12327021888813004,0.3292905436985998,0.4294127058897803
api_gateway,33,0,0,3,0.0637314109871209,0.0873734774641024,0.19841138715602805
auth,23,0,0,2,0.09391974328257621,0.2564021610750905,0.3820728020603936
api_gateway,35,2,0,0,0.03320422299231008,0.1955977653449668,0.5154135039095656
auth,3,0,0,2,0.025481762364438144,0.04615889083615111,0.12906277094658894
database,28,1,0,2,0.0073389958302984585,0.06321087719804848,0.4714519123301049
payments,20,0,0,5,0.10575949263080686,0.223253663251286,0.2993148562555985
auth,10,1,0,0,0.043248337587265984,0.29170964543399347,0.1879313214665219
database,14,0,0,0,0.020855323852249103,0.06893883608128178,0.2209816470877379
auth,6,1,0,1,0.033747469503667304,0.1928200635810913,0.1513893106219516
api_gateway,49,0,0,3,0.04055297875786956,0.03725067390644113,0.6430975225104383
database,4,1,0,6,0.04750600791785302,0.13598180413253896,0.2450104901824122
database,18,0,0,0,0.008871321859533694,0.08232375347422904,0.315105312668237
payments,21,1,0,0,0.023011932358363203,0.22513209488584118,0.39238372762699375
api_gateway,20,1,0,2,0.015905696313296344,0.005564956854965247,0.6476247462546995
payments,16,3,0,5,0.0008797091830741953,0.1551057314118999,0.5149805609354234
database,15,1,0,4,0.015454713018641826,0.15519287454815078,0.3441365022631772
database,11,0,0,1,0.04531613997608298,0.129685266472899,0.04150462565237508
api_gateway,24,0,0,2,0.05198272957350616,0.10697674484576578,0.4785485555457363
auth,12,0,0,1,0.08750589641689428,0.14931821294342035,0.1521955518964766
database,6,0,0,2,0.013665610919342744,0.18932768511932627,0.3824941942537325
database,8,0,0,4,0.06886570085921381,0.3457899274274731,0.1621691907799317
api_gateway,32,1,0,2,0.03895462788549059,0.09296375204930937,0.30314131665751975
auth,22,0,0,3,0.034926490584763895,0.15792408311846345,0.3066385549296584
database,22,0,0,2,0.02945201859803001,0.24471961596503156,0.14073008745274956
payments,12,1,0,0,0.07950785088185712,0.06827097412089347,0.4394130811988514
payments,18,2,0,2,0.09233289347897687,0.06300021923032154,0.46258265471418464
payments,7,1,0,0,0.011750732664301,0.185708947729736,0.35086548053344624
database,8,1,0,5,0.037722038836166386,0.24824434046027014,0.2162504517499123
payments,5,0,0,5,0.10388592001163727,0.37510582372728973,0.4645919160726996
payments,7,0,0,4,0.1129090706738964,0.10981783389617786,0.14433748158295284
auth,5,1,0,1,0.09094771083678907,0.03532919768298554,0.39389248614591665
payments,27,1,0,4,0.09056327157564194,0.0037379813944976806,0.22728332149026048
api_gateway,35,0,0,0,0.03401578054836914,0.006636584074985741,0.7229845744260284
auth,20,1,0,0,0.09161510268144013,0.2433325543028474,0.22103691587417362
payments,15,0,0,5,0.013157646257994648,0.0587586275511117,0.11149020417866543
auth,3,1,0,2,0.08793264990158237,0.016613740244387377,0.18606556313527642
payments,12,1,0,1,0.10359341131220123,0.29664120789488346,0.0774573671148585
database,17,0,0,0,0.05242948488894062,0.2720545749996402,0.25284581620674934
payments,18,3,0,0,0.1351888811694845,0.004871934166616576,0.18178540761551287
auth,4,0,0,0,0.0009475131261696524,0.231997065811223,0.12640165522060298
api_gateway,24,2,0,1,0.0158012431962641,0.20912211162508118,0.15135596156637815
payments,29,0,0,0,0.03192751290575361,0.3824078841946268,0.19890355283195288
database,17,0,0,2,0.005520387136032161,0.10019456465885583,0.15050981491579649
database,24,0,0,6,0.007460975832714318,0.3271732769579471,0.21417967677608846
auth,23,1,0,0,0.006845316942604274,0.24312297982050904,0.07385537066344666
auth,14,0,0,0,0.032117925896746405,0.05762929356040579,0.35183488328820156
auth,12,1,0,2,0.08559758603951435,0.178449113207696,0.08361627095028401
api_gateway,44,1,0,0,0.030518049833943454,0.18064256701492404,0.4038014691319354
auth,10,0,0,1,0.05168585255373174,0.15102123265333847,0.3509511728587946
api_gateway,18,0,0,1,0.050810639102563046,0.057581383548974435,0.4824366671761966
auth,6,1,0,3,0.08063952933349831,0.23276912471675532,0.3301172135036703
api_gateway,20,0,0,0,0.026902060965987965,0.09172483742745066,0.3020127275353836
payments,22,3,0,4,0.007923884086290372,0.3264134009208274,0.33538924240809476
api_gateway,46,0,0,1,0.012545054425692292,0.09757720090301486,0.7717217112421729
auth,14,1,0,0,0.026887484934151485,0.033947701976902875,0.13174671802227
payments,21,1,0,3,0.08158168817416762,0.18163863735101465,0.3952530045592461
payments,24,2,0,5,0.07513149088343987,0.005579607476764581,0.07308499943392831
database,8,0,0,5,0.008611393746677107,0.292823045275223,0.06142150368592571
database,17,0,0,2,0.0795281826568581,0.03556425309542461,0.2737230825616823
auth,10,1,0,0,0.06839803325601894,0.030723936938039553,0.38669046760800263
database,19,0,0,4,0.058121877753081315,0.2227094940266882,0.4998767587760093
auth,13,0,0,1,0.07500840749486622,0.05678205005036264,0.25340628416450994
database,5,0,0,3,0.0024322320862919344,0.11413902949491737,0.15984067082504502
payments,12,3,0,3,0.14039912685026665,0.17076212825452144,0.19361992943819234
api_gateway,43,2,0,0,0.02306087097420509,0.17809940494778417,0.4616416813021669
payments,38,1,0,4,0.14076714606156113,0.23630148854122593,0.1573460382720034
database,22,1,0,2,0.031949620348108686,0.15749123585224867,0.1589676805437771
payments,35,0,0,4,0.07618461240050713,0.2019017294262167,0.501905628440475
auth,22,0,0,3,0.05231922536086928,0.013154105613288957,0.264501633595698
database,7,1,0,3,0.027759145491888848,0.34836981081308804,0.12847289003415935
database,4,0,0,3,0.06845036929272606,0.2533354333677567,0.46044712633681356
database,6,0,0,3,0.05874185071006932,0.17446724548325265,0.40010042918088656
auth,6,1,0,1,0.03919811129069602,0.0052849521423321884,0.03652488674936816
auth,20,0,0,3,0.04218583923674969,0.2655161259089897,0.036739191444831835
database,10,1,0,1,0.05202729354115467,0.34019568874366646,0.4108412728339597
api_gateway,18,0,0,0,0.057319469517487065,0.08423193143143293,0.32884521087409896
payments,10,1,0,0,0.0030182582779611053,0.23078366004839165,0.5998202628831507
api_gateway,17,2,0,2,0.05873469356224821,0.02785805418682355,0.6571587179774869
payments,18,3,0,2,0.133462348544307,0.1512785398112876,0.5941333077555514
database,15,1,0,5,0.030248664357246977,0.22904694243890295,0.08660184873854049
database,28,0,0,3,0.05049681094790251,0.09392804919338618,0.19746545244682182
payments,11,3,0,5,0.07106599387716343,0.3296377961937497,0.47435055152180755
payments,9,0,0,3,0.06540704611778686,0.22172903923346216,0.2964707847058377
api_gateway,19,2,0,1,0.03909417050623108,0.005425286023603565,0.7431933342133962
auth,22,0,0,0,0.06085717243060165,0.2435432308317584,0.27965443915209265
payments,37,3,0,4,0.079096634346359,0.27812757984975384,0.4593670445355513
payments,7,0,0,4,0.07398712395389787,0.2125323170692703,0.28081976068649755
database,27,1,0,6,0.0010835459139521663,0.10861994992002832,0.3019781505096409
api_gateway,25,2,0,3,0.03322742597281259,0.17411452295922605,0.5430345526499911
auth,11,0,0,3,0.027088605502637475,0.20055395444034654,0.16855274897830475
api_gateway,17,1,0,1,0.025349061988221424,0.22821527050552703,0.3377480681431094
api_gateway,31,2,0,0,0.0792274019035531,0.22732753395245878,0.18878527004234347
database,5,1,0,5,0.03658776207592858,0.09560729164666931,0.10518573038579937
auth,19,0,0,1,0.009705413098337768,0.15505453689237778,0.29741408407549996
database,27,0,0,1,0.05409197427378918,0.08519435122804773,0.47196652304355236
payments,18,3,0,4,0.035037065133353876,0.16589432101199753,0.12292019909964855
api_gateway,34,2,0,1,0.01445925555015033,0.0012610409598990957,0.5699862892400126
payments,33,1,0,2,0.12815992699885204,0.36289726691083146,0.18971163200255947
api_gateway,34,1,0,2,0.032250085445000014,0.051848262334712264,0.6499821824054528
auth,24,0,0,1,0.04490879571685771,0.2765599306545078,0.23263724676956815
payments,39,1,0,3,0.08654041850172595,0.3527419203282731,0.1770698758708827
payments,9,2,0,1,0.06807698457103674,0.332100077112554,0.28586989871865115
api_gateway,11,0,0,0,0.041424190270156334,0.100730654881244,0.6422777975075075
database,24,1,0,5,0.006894306194242876,0.11196880679656888,0.4496837423827336
api_gateway,21,0,0,0,0.07008702599345333,0.24208525608507653,0.7335619276864795
database,10,0,0,0,0.053319739272344124,0.05113639985148306,0.3025902782322477
payments,31,2,0,0,0.11107642818274778,0.16469906703609727,0.22499636522978672
database,5,1,0,3,0.0031158127119582436,0.22207473026874683,0.3157487357272367
auth,21,0,0,1,0.05454742327381976,0.08316750222656467,0.04359634435071503
payments,32,2,0,1,0.1396249296263711,0.18493139898371305,0.5255625126394404
api_gateway,27,1,0,2,0.022116898817148442,0.09553319324983467,0.3505142575052739
auth,16,1,0,1,0.019982092034136412,0.1176384440907817,0.21398409690093445
payments,20,0,0,0,0.07863820808066051,0.10826984238611576,0.20469301120926103
api_gateway,44,1,0,0,0.015329153643829843,0.08957629060189637,0.7978254204985905
payments,12,3,0,1,0.038349933499772164,0.20389420400157487,0.39305823502474757
api_gateway,38,1,0,3,0.013556609565279302,0.0963540443942019,0.11851192129390266
database,13,0,0,2,0.04621644008123621,0.004429869574151878,0.2631095255372143
payments,19,0,0,0,0.06557221575675519,0.2504979291052132,0.3920350801397164
api_gateway,26,2,0,1,0.07893269784165793,0.1733432879273022,0.5444338763084899
auth,13,1,0,1,0.03257681196433685,0.01344489320124218,0.2908443162367049
database,24,1,0,4,0.0757276473198578,0.15069736672945544,0.1421187983910897
api_gateway,47,1,0,1,0.006076002819814601,0.18596551117950277,0.3177784966697394
database,17,0,0,1,0.0625218520849485,0.06391399440165094,0.41663148717361403
api_gateway,37,1,0,0,0.03069141759369833,0.16012853769282767,0.36418170458001864
payments,15,0,0,4,0.09142927646310954,0.08106276879617243,0.15414592522436577
api_gateway,9,2,0,1,0.02801624322236865,0.04415134737611273,0.14312483998582337
api_gateway,23,0,0,0,0.03134543154505665,0.05092044125434361,0.39052361348920794
auth,16,0,0,3,0.019371594227956035,0.28038161642317594,0.16293245883288707
payments,10,0,0,5,0.13237426576022046,0.09830012487435513,0.17238657429759552
auth,22,0,0,2,0.04647219561987495,0.14906321750603865,0.0670632726645303
database,19,0,0,4,0.06843826721282509,0.25397581589823354,0.3825381908395646
payments,31,1,0,0,0.1210660530479269,0.06187393927394447,0.5511908835088585
payments,38,1,0,1,0.028657780306302425,0.28832652658996627,0.5301695808393752
database,10,1,0,6,1.558898698537092e-05,0.28709784623481477,0.09820019889165918
payments,27,3,0,1,0.12179516135862026,0.18494457889909569,0.3922734460498453
database,10,0,0,6,0.05064343387805784,0.14418685992953406,0.08408887787502262
payments,12,0,0,1,0.022118087613920232,0.009383608688461775,0.510126578522023
payments,16,3,1,4,0.08532191046508093,0.3389186982141976,0.10946784386240282
payments,19,1,0,3,0.020736834845108566,0.11648932743131045,0.2640176552882666
database,4,0,0,4,0.037913180032161715,0.11853168118276537,0.49565984245017963
auth,9,1,0,0,0.04413111123884603,0.27652657350806786,0.20300103379691986
auth,10,1,0,2,0.05866430124456345,0.025619307640524325,0.22878334064123532
database,12,1,0,0,0.05936261299150051,0.07263011883758058,0.3293682461586318
database,17,1,0,4,0.06879993750254407,0.29079584802079744,0.1215887146077439
auth,10,1,0,3,0.09467897767251592,0.10854221041064706,0.18147026025498536
database,10,0,0,2,0.033746304205983506,0.10595514789018078,0.2553978173040658
database,13,0,0,6,0.014498263134701608,0.18479002843292808,0.13832642935776227
auth,19,0,0,2,0.023868888143129763,0.26494589591154954,0.36991314583902013
payments,29,0,0,3,0.14003897155518774,0.2935681481150802,0.06111963608128859
database,26,1,0,2,0.02711417546854942,0.24344165454543526,0.3458656152973483
api_gateway,9,2,0,2,0.009079027196226327,0.19376170387080016,0.18232229452706022
payments,38,0,0,1,0.09927904683225082,0.3851481976007239,0.5823229582447788
api_gateway,38,0,0,0,0.06363845020645306,0.08127644720544225,0.11185042016919139
payments,18,1,0,2,0.13345311188574974,0.23814228900412476,0.4683069635359575
database,22,1,0,4,0.0101229506735055,0.007842658767778553,0.4784411152814556
payments,33,3,0,4,0.12377023134921286,0.044157693699973515,0.1043229782693132
payments,7,0,0,3,0.09929547591759512,0.29334460589283745,0.4967317462348109
api_gateway,11,0,0,0,0.02011152091360805,0.14799076717805254,0.30872179050407367
api_gateway,43,0,0,1,0.013453281885888515,0.23392230947758366,0.6708194129649182
payments,19,0,0,3,0.1352874161756824,0.3613631023451172,0.1635822407113812
api_gateway,42,0,0,2,0.029365175248003323,0.12346164949021071,0.25634484600653384
api_gateway,29,0,0,3,0.006804710528406854,0.08015389478487359,0.4045882488579561
api_gateway,46,0,0,1,0.07809504325535392,0.23987365697924762,0.5329662328944941
database,25,1,0,6,0.046794999894258955,0.24343593697914132,0.3215602817507986
api_gateway,48,1,0,0,0.0466549351599878,0.1833657502650702,0.17544381217077368
auth,8,1,0,3,0.04467811630313781,0.22256114552908676,0.38400424036949465
payments,6,2,0,0,0.0801054169806985,0.2629777308709859,0.25408560414194226
api_gateway,15,0,0,0,0.01587030965714332,0.02100368817064424,0.7383126061879127
auth,8,1,0,2,0.0846700723350401,0.047148846897525,0.34804000786011213
api_gateway,34,0,0,1,0.0011171094363837586,0.23685181700806102,0.3713235458287192
payments,38,2,0,5,0.0895674930023255,0.20336239065785083,0.26925273435801117
api_gateway,24,2,0,1,0.013641470692268688,0.10280963460660178,0.4303913101156942
payments,7,2,0,5,0.14110352815848476,0.15198398090390103,0.13468577135910598
payments,30,3,0,3,0.04283694243579545,0.16141944832547536,0.23748209677116505
auth,18,1,0,0,0.07785142948525574,0.2671921158841851,0.052213435810872705
auth,3,1,0,0,0.0715450963649124,0.22514831534852894,0.18110306420654923
auth,10,0,0,2,0.042718116240837184,0.1216414418660936,0.20981326028871802
database,7,1,0,3,0.06105173681313087,0.2140631719782477,0.4146984425358427
auth,12,1,0,2,0.032158394036246506,0.14029743725641228,0.056866015460549646
payments,34,3,0,2,0.06894491315346903,0.07043571517754157,0.250284050507533
database,19,0,0,6,0.01708090944968201,0.07443675032320671,0.3463707832320291
api_gateway,30,2,0,0,0.05064026475598114,0.08372483327498767,0.6937009731078587
database,18,0,0,0,0.071441194681009,0.29347402626901625,0.11048670621528431
api_gateway,34,1,0,0,0.0021707352289730333,0.03394729456072809,0.4352450900210709
auth,23,0,0,2,0.047843683804087656,0.19966020005100418,0.3493129161547044
api_gateway,28,2,0,1,0.03625579856835812,0.16207725081746835,0.22386193445191532
database,4,0,0,2,0.0710914544715269,0.24347456277045654,0.17506371910234586
payments,13,3,0,1,0.041830788939144735,0.176059378889653,0.4470192382932117
api_gateway,37,1,0,3,0.014909992082672128,0.20761718191466452,0.6334890607911222
database,23,1,0,0,0.05640059792966023,0.0540010152003339,0.48807133354386256
auth,22,0,0,1,0.02944307779494544,0.06997729243619939,0.04244821434119197
payments,7,2,0,2,0.12892544634373468,0.2308213366854177,0.16093497944706397
auth,9,1,0,1,0.03983553219659091,0.13918396251660392,0.0857421608044345
database,27,1,0,5,0.026449048748898685,0.0020711385091922215,0.2134148004248781
auth,22,1,0,0,0.051513767346110066,0.13425020928523534,0.2671568265190128
auth,3,1,0,1,0.004334561992732577,0.2244362400332779,0.3483358768286148
database,9,1,0,2,0.008284235370776764,0.24667185519023277,0.3631752940028194
api_gateway,42,0,0,3,0.05946926547182313,0.05293799024660151,0.36736618942843835
auth,22,1,0,0,0.0993367500882089,0.0989483488274638,0.251656458824039
database,28,1,0,0,0.015194533375805773,0.2221399650285208,0.4907911709325399
api_gateway,42,1,0,0,0.06617581587720457,0.020351310997441613,0.16010693716512933
database,29,1,0,0,0.03057167735110147,0.0996447532848265,0.38761090897316547
database,24,0,0,2,0.03888762425560186,0.043159904296370594,0.11332082989244535
auth,24,0,0,0,0.07196895960453546,0.06977807969272772,0.3885306934325966
database,16,1,0,1,0.003519922444664845,0.289586992176795,0.09081754598518224
payments,19,3,0,1,0.01922821092156926,0.19674274855725896,0.455212621502275
database,28,0,0,5,0.056518850800578016,0.12747596566189798,0.06016172890444277
database,20,1,0,4,0.05266407027235226,0.03284011540847966,0.3902811393513424
api_gateway,42,2,0,3,0.04490315923759293,0.13470635066401257,0.5128463720080373
database,4,1,0,0,0.017840014483078228,0.3206089317731818,0.2185500525209274
database,22,0,0,4,0.05257412042187828,0.27951725698058594,0.42331568689938703
auth,18,0,0,0,0.09757893363441147,0.03745544352998531,0.25474864154082577
payments,37,2,0,1,0.10187575493069892,0.059819727422777816,0.5324351952041568
auth,5,0,0,1,0.02324690402167634,0.004930817379698149,0.1798195539464581
database,11,0,0,2,0.045443731343001226,0.13848611348555606,0.0731112285593344
payments,36,0,0,3,0.03168123878819275,0.2948910708999307,0.262144192018561
database,20,0,0,0,0.05077956149785956,0.27510884521731405,0.08391495836526167
auth,22,0,0,0,0.04896900421608816,0.08753839401711756,0.30131200745857145
auth,21,1,0,3,0.09895870741406698,0.2913087393735299,0.27381181339201527
database,12,0,0,6,0.019133980788932678,0.31915816235711075,0.43579164132741893
api_gateway,46,1,0,3,0.024536812319614142,0.17867183740030862,0.516707241144752
auth,12,1,0,3,0.07270927292242362,0.28743405866979577,0.23274013250612546
auth,15,1,0,2,0.07126612256467459,0.006926886804660248,0.1682679528024025
auth,4,0,0,2,0.04824754444178325,0.1809846958351765,0.1913744269688256
api_gateway,18,0,0,0,0.025233850626572574,0.24553708660665463,0.3131955107835597
auth,15,0,0,1,0.03786906633330023,0.2971152533094657,0.17084725760745004
api_gateway,43,1,0,3,0.03143777463744383,0.184573277406779,0.6926427043234953
api_gateway,42,0,0,1,0.035824497091706535,0.11775625954874275,0.7268933167775206
api_gateway,35,1,0,0,0.06137666507403764,0.21949287416152358,0.5779574637106999
database,25,1,0,1,0.07065571574421813,0.11583351680277226,0.49618949427808484
payments,38,0,0,0,0.01344783468535185,0.289768936107726,0.26704598844831756
database,18,0,0,2,0.036736902290862294,0.05025681439910214,0.1149878155543399
auth,14,1,0,1,0.06467749610819326,0.1655922585815339,0.34916869765098935
api_gateway,23,1,0,0,0.05537351446739514,0.22489643771208828,0.36954041417930983
auth,19,0,0,0,0.020553847069548648,0.2286115390167225,0.11540034060318118
api_gateway,43,2,0,1,0.009530175726807429,0.24468334610644907,0.5715013508495859
database,14,1,0,4,0.07543723965480366,0.07772649498037532,0.06211363176566765
api_gateway,8,1,0,0,0.04385056725342469,0.20923662241523017,0.5776060970053184
api_gateway,11,1,0,1,0.0293961408410705,0.16960973643177554,0.5037902274763298
auth,22,1,0,3,0.026775166553954167,0.24923781685172222,0.18539474542870157
api_gateway,35,0,0,0,0.046165707781063374,0.03809309381445014,0.6155981079613873
api_gateway,22,2,0,2,0.07913052850477043,0.1868789997409571,0.2464353811508023
database,29,1,0,2,0.01595878332197188,0.03523175773720596,0.27552609305364567
payments,26,1,0,1,0.07369956478681963,0.30630532841901603,0.5168139853108792
auth,3,0,0,2,0.03644268113352511,0.05667856663460834,0.2206885023755298
database,16,1,0,1,0.03797991900373849,0.02574383227202193,0.07363991028291195
auth,6,0,0,3,0.06333385818425895,0.05595017502144117,0.06314324479893874
api_gateway,35,1,0,3,0.034052434816581496,0.1589100723269449,0.6248320618215681
auth,7,1,0,2,0.039423773612930105,0.06429247864854949,0.08901153451754769
api_gateway,39,2,0,0,0.022307222436946272,0.03036588032335799,0.21468072594474244
api_gateway,15,1,0,2,0.005674969761875585,0.05466994987458995,0.55345739676351
database,14,0,0,1,0.01712699748708171,0.1963965697256231,0.41377884677980176
payments,39,2,0,1,0.1367012724324613,0.18074761786091115,0.231830445483501
auth,24,1,0,1,0.09928587751846298,0.019141423229380505,0.31620138334037884
database,24,0,0,4,0.03607069571420915,0.21952417166587335,0.07776357423175609
database,24,0,0,6,0.07227214841005868,0.09508338233905514,0.07809215332576416
auth,14,1,0,1,0.03248748670992887,0.0006241917528857277,0.28524510263613156
auth,10,1,0,1,0.0028518493911292575,0.23236807497437617,0.2590860740825011
database,25,1,0,2,0.07564348497407757,0.17483738921041406,0.25848483765950775
api_gateway,33,0,0,2,0.0014983239220632961,0.07526855803696297,0.5318683209993639
database,23,1,0,4,0.04828006365400401,0.1832035481010047,0.2170494620858236
api_gateway,35,0,0,1,0.03947390728522327,0.23687310425331543,0.7861640753861472
payments,28,0,0,4,0.046477067512991986,0.09035256517343036,0.29771454202326203
api_gateway,21,1,0,1,0.07351125203627766,0.00020908909389127928,0.3332882834006865
database,8,1,0,4,0.022342291031879374,0.17969076486396746,0.04589137300999642
database,6,0,0,6,0.0780387594680304,0.00471098352601495,0.2015636860121113
payments,15,2,0,3,0.090570461826563,0.2070555742757738,0.30317984162780803
api_gateway,19,2,0,3,0.06688906665364244,0.05812198838901822,0.17985881158719003
database,12,1,0,4,0.051787748676456274,0.14412205169682507,0.17193838494169733
api_gateway,26,0,0,2,0.05858060101960543,0.05255647116063494,0.612095460007301
database,20,1,0,2,0.005044682046099496,0.06416306477873626,0.1794726768367701
api_gateway,49,2,0,3,0.016514147129214722,0.1035790904594748,0.4320509385115662
api_gateway,43,0,0,2,0.024190509766781665,0.1283540859547993,0.6080849585584475
database,23,0,0,5,0.002828065683255536,0.23751834985909742,0.35308350139385375
database,4,1,0,1,0.03274181829169473,0.3081199595002606,0.19021659635696286
database,5,0,0,2,0.02883326823584011,0.12092764145436864,0.35043211077090064
database,12,1,0,3,0.04708432709765952,0.2368715831269774,0.15821611932859223
api_gateway,37,0,0,3,0.058641857262840436,0.2358451196142203,0.740278915776865
database,23,0,0,2,0.07348587839076877,0.3027922814728037,0.1837930563117619
auth,15,0,0,1,3.301592594764369e-05,0.12072554827709461,0.09826943837152327
database,16,1,0,0,0.041723442621454526,0.25496683944239645,0.460874529269855
api_gateway,20,2,0,1,0.044757229716190505,0.11755550853637217,0.39136931391554286
auth,21,1,0,1,0.06942318788231372,0.26680128360643446,0.2858472974293843
database,13,0,0,1,0.04026480247047592,0.22324299620353286,0.12232909004895792
api_gateway,27,0,0,1,0.035657998783348764,0.22991802105411516,0.765169102830458
auth,18,1,0,1,0.03283573523272054,0.20990841028720952,0.12449702844084472
auth,22,0,0,0,0.052548923020931754,0.22156496231103281,0.1556409269379434
database,10,1,0,0,0.02081465368656276,0.24497157119344776,0.07420862456885624
payments,39,3,0,1,0.10469857072466887,0.389157755755078,0.5391175981055201
database,6,0,0,2,0.029106664627211478,0.05535231119933268,0.41789193908737776
database,26,1,0,3,0.039868120868150704,0.2865867854046064,0.3356064672760873
payments,28,0,0,4,0.11072261322625344,0.08320982509329955,0.11305196897213876
database,15,0,0,1,0.02622407749136877,0.020605261281412796,0.3406077320686899
api_gateway,29,0,0,0,0.0446953971402639,0.1794448493258072,0.7174656091919849
database,5,0,0,0,0.05275675175818491,0.1287356878783626,0.13203778458311882
api_gateway,27,1,0,3,0.02896704144295,0.11316965268987067,0.208649173586136
api_gateway,23,0,0,3,0.04201571839087424,0.17464574948976763,0.22474252385464566
payments,27,0,0,0,0.14275536095858057,0.028366476575427815,0.22412799162695568
payments,36,0,0,3,0.12039843662283296,0.34365214390049337,0.3796585722436059
payments,33,2,0,1,0.0836137117005213,0.3882293330509442,0.5428156009287461
auth,8,0,0,3,0.048158905510787775,0.2324429162526761,0.12899854054015775
api_gateway,10,1,0,2,0.07562919131849015,0.233602605976602,0.31409066498026184
database,28,0,0,5,0.048319914319635324,0.009441116949552408,0.4526984298145557
database,13,0,0,6,0.021755264225040136,0.16603906162892765,0.14748178127854925
payments,37,0,0,2,0.05905228289859192,0.2372623982108537,0.4394810340292064
auth,17,0,0,0,0.03283122735424637,0.18682835770205655,0.07855323215759741
payments,36,1,0,3,0.012221084656941283,0.0260003155795554,0.1598505540611801
api_gateway,27,1,0,2,0.0051444940042957655,0.20004728485808695,0.7769792157347046
api_gateway,30,0,0,1,0.07974236193674877,0.15057442238457408,0.10919165635715308
auth,12,1,0,0,0.05232180199672923,0.15920644231873313,0.2688622456430733
auth,18,0,0,2,0.0029293705005370655,0.21501743480443516,0.27541383563739275
payments,11,0,0,1,0.037171866436036025,0.3972654955733914,0.12703550764741506
payments,14,1,0,3,0.13222287293833657,0.08905969409071415,0.21075959499008923
database,8,0,0,0,0.025535016809907277,0.1330381313808447,0.3435866620969917
database,19,0,0,2,0.017924192962588004,0.11744184532720825,0.24274579273300886
payments,28,3,0,0,0.0011036744438121804,0.3320130734512299,0.36808100648736725
payments,21,3,0,0,0.05832772447111746,0.39256628873346555,0.5886979197120531
payments,37,0,0,0,0.06729488874266012,0.33844767422204475,0.19004477665909247
api_gateway,35,1,0,2,0.06938562196888441,0.20700129966578265,0.6061003975708277
auth,7,0,0,2,0.0421229733685496,0.2046549498458334,0.16571973505952345
database,21,1,0,3,0.04874909692194033,0.0791720180312763,0.3778290276485166
payments,34,0,0,4,0.000352121080117973,0.1805983756477777,0.553212545973663
database,8,0,0,3,0.04618147947938591,0.23465184542195963,0.07615359379335783
auth,11,1,0,0,0.020445132623253006,0.160052298754946,0.22599823031920696
payments,15,0,0,5,0.04939819162237564,0.044953189971483766,0.26601850540859556
database,21,1,0,1,0.06782353784224132,0.051103628488735994,0.3972335112184261
database,18,0,0,2,0.07190073807839797,0.2695655028866886,0.09751172950315104
auth,21,0,0,3,0.060204954354935086,0.2675909738326816,0.25845146055932555
payments,33,2,0,1,0.12153886957759304,0.09416289953661067,0.4088897827627303
database,19,0,0,2,0.07221735478489595,0.24226520093304096,0.44235346845082274
auth,24,1,0,0,0.061200093755686816,0.16604548607529837,0.23717796244357026
database,7,1,0,3,0.07364485616802798,0.06977581435230866,0.3875454257960964
database,9,1,0,2,0.07086904208605282,0.0068819064915586195,0.12393044385968585
database,12,1,0,0,0.005789867441400363,0.056251793534764914,0.23174190343746065
payments,5,3,0,1,0.07727883392073205,0.3449736520564628,0.30956555116541185
api_gateway,13,1,0,1,0.014170120335816412,0.20149084162369577,0.6211820029232616
payments,38,1,0,1,0.07573992061341002,0.3735435183142958,0.1637106551571315
database,13,0,0,0,0.05372121949571088,0.030231032832978063,0.3249507263025455
auth,4,1,0,1,0.021372115282201745,0.027990353507176078,0.3525434625275009
payments,7,3,0,2,0.059408171615320006,0.18087317574404316,0.2087664664715032
auth,18,0,0,1,0.08837774582085867,0.19022641728423542,0.28390733040285265
database,15,0,0,4,0.018965032087814446,0.28850145643355823,0.32600509058811195
auth,23,0,0,3,0.07194894502594087,0.2223257393214659,0.3360657760320921
database,9,0,0,2,0.012685218355548101,0.08983548928398105,0.25219136507797024
database,25,0,0,5,0.02558035599301812,0.1692052594451006,0.1376250024913232
payments,30,2,0,0,0.01650265816913154,0.35612102284540814,0.5685246006079021
database,22,0,0,5,0.00798862595776205,0.28629102036350107,0.4852160331390256
api_gateway,11,2,0,2,0.046707385387774,0.03950177915089503,0.5380476483293622
database,12,1,0,4,0.037541747709034325,0.1099670706919463,0.30461649044283073
api_gateway,31,2,0,2,0.008211608294296725,0.23883624499493042,0.29272771271652404
auth,21,1,0,3,0.023212860210310594,0.18136879938127126,0.36490259536893377
auth,11,1,0,2,0.0808212830516503,0.08889061353578522,0.30321728745986687
database,28,0,0,3,0.04993105266224815,0.09074125488826783,0.09419851220516984
api_gateway,41,2,0,3,0.024222086186900027,0.21316126557117113,0.32288240864565704
auth,12,1,0,2,0.02673375624116643,0.14827077792228385,0.04417367213683686
auth,19,1,0,0,0.0991874544682311,0.1390150457598959,0.32152163582654747
auth,11,1,0,2,0.007323150427723391,0.01751886721774617,0.23939548701605748
database,8,1,0,5,0.07098368084033664,0.24607520766750104,0.30587476122687485
payments,14,1,0,5,0.0002142514618765079,0.38313412177940126,0.1347416528601959
database,19,0,0,5,0.0397600766587749,0.07059414465314623,0.15599019234705527
auth,17,0,0,3,0.0217460343603895,0.09288999711251794,0.13894905031902333
auth,18,1,0,3,0.0661821597989107,0.057403428810561784,0.21776551122546078
database,17,0,0,2,0.0028386724116557984,0.27608760238231844,0.3167839709415621
database,22,0,0,2,0.03940093266669071,0.07039728873678619,0.20543370160775162
payments,9,2,0,5,0.06002329092980985,0.11837053959211535,0.26887650251267303
api_gateway,8,1,0,2,0.05003242856111238,0.15094306437707092,0.34746315230002556
api_gateway,37,0,0,2,0.04055470452777552,0.010713141966046225,0.769158411108419
auth,21,0,0,3,0.051926341448784434,0.1760300291484082,0.34177036846605346
auth,6,1,0,1,0.08042337890322267,0.28358887348121536,0.22641683743790156
database,28,1,0,2,0.05976541874481463,0.1903893725291969,0.31954575699208665
auth,5,0,0,2,0.08591818901106762,0.15001869797706244,0.15390385216919156
database,18,1,0,5,0.03527041865078912,0.2388392366124902,0.23743018880731423
auth,23,1,0,0,0.04036736576240279,0.12327061769657639,0.18300999341509083
payments,29,0,0,3,0.10179901407403456,0.2495013537476931,0.27150280342683136
api_gateway,9,0,0,2,0.06186024297737329,0.207108397008229,0.49061821198734645
api_gateway,29,1,0,2,0.009914124772577334,0.22560187019083994,0.1687090580918242
api_gateway,18,0,0,1,0.009060964101501439,0.1537207489755182,0.7919564671093526
payments,32,1,0,3,0.01906539206561106,0.280865731459325,0.2327704509069778
api_gateway,9,1,0,1,0.01731774685827143,0.20475104529136426,0.6994142599387396
payments,15,2,0,4,0.10337150354705064,0.26890517597302643,0.10509312943053142
auth,18,1,0,2,0.06618292896781035,0.20017789379470471,0.12033184391714966
api_gateway,38,2,0,1,0.0031606312096580692,0.1511349451880675,0.39985170699603256
auth,14,0,0,3,0.0869047102476817,0.12043144859965949,0.10998857298010707
payments,33,3,0,2,0.10049302362888271,0.2749559650742858,0.38677236166580714
database,15,0,0,5,0.06486887756150331,0.286812254461856,0.33032591307314035
database,26,1,0,6,0.05568613006141109,0.08281326990684046,0.16025816057977446
database,22,0,0,3,0.0670676539436884,0.3224461507571125,0.06288674405027589
auth,19,0,0,1,0.007979704655945741,0.22299464809658137,0.26188457963842404
api_gateway,38,0,0,2,0.060738257065893315,0.2096592622304323,0.4945675221449166
auth,10,1,0,3,0.08226561227103854,0.24986071253939685,0.06448824418670174
payments,27,1,0,4,0.007940390335322739,0.23748231318057386,0.5220602345542084
database,19,0,0,1,0.011116661150681457,0.023900094304247048,0.41125814310920544
auth,20,1,0,2,0.07920192079401352,0.26678700662158666,0.38970769822920515
auth,9,1,0,2,0.030224939491319748,0.13612468618126541,0.1149685308563543
payments,9,3,0,2,0.12269452415237303,0.2017684158860852,0.37406644789894117
auth,14,0,0,2,0.03379014257750631,0.013955548903520599,0.2147466047900606
payments,33,3,0,3,0.05598110536576903,0.20206560731732592,0.4509573817111327
payments,36,3,0,5,0.10704110493952072,0.1317512268136871,0.5059114401561566
payments,29,0,0,2,0.09048332034869455,0.2781417002927479,0.5509134970059809
api_gateway,36,0,0,1,0.03832449242969279,0.20996951066330724,0.6055355820876985
api_gateway,28,2,0,1,9.954021627879506e-05,0.0032933046792989473,0.14268989313199504
auth,23,0,0,0,0.06567940046300318,0.08136645611523545,0.308256404646572
payments,18,3,0,2,0.03510866625262487,0.08450516677527858,0.3611998960727074
api_gateway,48,1,0,1,0.009597793378518089,0.07997496947481597,0.7319211759107117
auth,21,1,0,1,0.0567439251264473,0.25300833866159683,0.07287115785081275
payments,26,3,0,2,0.07356816127796771,0.271927250087988,0.5426455461114007
payments,25,0,0,1,0.012810372643631074,0.24260489012928757,0.4629462597559414
auth,20,1,0,2,0.0074796647996939305,0.2613396363246504,0.261258509604652
api_gateway,15,1,0,2,0.0433237006964234,0.22299821751612645,0.12697264339158215
payments,34,1,0,3,0.07256953448741944,0.12600331007590962,0.4912588490000281
payments,10,2,0,1,0.14366499872643337,0.34440352852320544,0.10948026828545926
database,18,1,0,2,0.0638322207115301,0.008115104127559308,0.10738950923419263
api_gateway,24,2,0,3,0.020898181352973114,0.0934038231858069,0.31604060664955397
payments,32,2,0,1,0.09349716506385862,0.007409830698382348,0.39299427101349527
auth,11,0,0,3,0.03461853077136389,0.2768783295521905,0.16475203947799708
payments,24,0,0,1,0.09321966339851769,0.10200146100043028,0.5992362848705998
database,16,0,0,1,0.031892727365408706,0.2015347011468632,0.4412415951672743
database,26,0,0,2,0.028190620728517225,0.11072225071706125,0.158559352954909
auth,11,0,0,1,0.04750167569934188,0.04155203334754776,0.2699958265811668
database,26,0,0,6,0.062285861276632985,0.10838782553218776,0.2010543165521175
api_gateway,40,2,0,2,0.07612547360281977,0.1341093093035616,0.5632857863370637
payments,36,3,1,4,0.012920365732355443,0.3191209488834431,0.06094581605704281
payments,7,1,0,4,0.12731513779219714,0.040096548107036556,0.2126973495132478
api_gateway,20,2,0,1,0.07073658228832025,0.13020622461086948,0.27946563485839127
payments,7,3,0,5,0.050527155217072905,0.13939119031826214,0.2786369680567109
api_gateway,45,0,0,3,0.05716804706787463,0.2041912481044397,0.48688861142269924
database,16,0,0,1,0.03651012745983561,0.1304559997820756,0.367655418280585
auth,4,1,0,2,0.008963454482082777,0.011018456671774668,0.27835438880696795
payments,5,1,0,2,0.061235627901944804,0.03769722656181025,0.5975847913329343
payments,20,1,0,5,0.017559661947279398,0.26003698045597257,0.07751035149620249
api_gateway,35,1,0,0,0.0376258903202976,0.04825806993654114,0.3780170206143394
api_gateway,25,2,0,1,0.03963180865174892,0.2360130880269826,0.553937397780098
auth,21,0,0,1,0.013645111827045853,0.049368862985946116,0.3829185695937346
auth,4,1,0,3,0.09633933783698491,0.1928083249644149,0.28505611993019864
database,15,1,0,2,0.06112694263930646,0.10590966412618452,0.21584539371838887
auth,22,0,0,2,0.01570588840991387,0.14731154095143678,0.08456907065278897
payments,32,2,0,5,0.04550464233212557,0.2780918622990943,0.5832395878282037
payments,19,2,0,4,0.034646896579209545,0.2552012940864993,0.31059463922807623
database,15,1,0,5,0.00026249032082405145,0.18462023257836752,0.2889060237946123
database,15,0,0,0,0.03136907123660147,0.08070126929394691,0.11350735774295181
database,23,0,0,0,0.036807860636393484,0.2799503776135119,0.4353687354441207
payments,26,1,0,5,0.009540215456669604,0.04699035955059716,0.31178992969207114
payments,31,2,0,1,0.10711787113873739,0.2069844037537165,0.34163613950143346
api_gateway,16,1,0,2,0.009630232896757471,0.10156801963346693,0.6505721039494258
auth,19,1,0,0,0.061025845519023125,0.2578585863339169,0.11525564618195111
api_gateway,45,1,0,0,0.011363437867464495,0.04788820057680768,0.7504220608059735
database,21,0,0,3,0.02282554890304299,0.26291340652470546,0.29062199013170115
api_gateway,8,2,0,2,0.06107240874865957,0.13874242565608783,0.16574332057040997
payments,24,3,0,0,0.08950844851593256,0.09097930162591986,0.0926171885977703
database,4,1,0,4,0.01757501003435854,0.3350614280948767,0.11060473627968856
api_gateway,15,2,0,1,0.02599935959807352,0.1763158862937477,0.37680815897442865
api_gateway,22,1,0,2,0.0027528836723619676,0.15477424583481506,0.46279625713869466
auth,15,1,0,3,0.07525186605703621,0.24679603771511072,0.11407165681696689
database,15,0,0,5,0.04503753879233623,0.2313030154406112,0.33141826019875936
database,16,1,0,6,0.05071131119139218,0.09082069758154851,0.4402224323975791
payments,5,2,0,3,0.06014554900325276,0.006335228377949687,0.11526063675793875
auth,4,0,0,1,0.08500840213306363,0.22536905667242463,0.04445078616208246
database,11,1,0,1,0.005767925532014395,0.2537825888743477,0.08958593997267358
database,19,1,0,4,0.0536212275771028,0.050754258588699856,0.23087871656917455
auth,4,1,0,0,0.037798811620996166,0.1300026091104969,0.04925104337144266
database,29,1,0,4,0.05020291919563008,0.23428688853102564,0.10825726720983442
payments,28,1,0,0,0.10359229685799544,0.11760135543798125,0.2989104768895704
payments,22,3,0,2,0.12818529960489614,0.25008461354300604,0.07846001381800563
database,20,1,0,4,0.031706452298889846,0.1783353063207897,0.47025838198252734
database,19,0,0,6,0.03548011060400333,0.11689447639310054,0.37942404229075477
database,27,0,0,1,0.05082073109175416,0.328924031250024,0.2780692304581982
api_gateway,24,1,0,2,0.009426308986804095,0.18832919703578882,0.7585427049581526
auth,12,0,0,1,0.03841601830924817,0.12466799833114266,0.24427631852542792
api_gateway,38,0,0,3,0.05279990930596138,0.024238905366533114,0.7815347887646295
auth,15,0,0,0,0.023406249257207492,0.24468477460410826,0.1622190159158992
payments,12,3,0,3,0.09085488606898134,0.3560075604595059,0.3737789358848088
payments,25,1,0,5,0.09197555411146756,0.007552351430493865,0.3410067972132411
api_gateway,44,0,0,3,0.07197041114179405,0.11718860083416088,0.4448581398570923
database,11,1,0,6,0.0037137108357403205,0.1649826713317276,0.16711607491632258
auth,23,0,0,3,0.026348337714290307,0.19161317452886237,0.03825946297215552
payments,12,0,0,0,0.10631484485184818,0.1355204679708452,0.11069528110683151
database,11,1,0,5,0.07894643474449398,0.24792147782439014,0.4568653110898609
payments,27,1,0,0,0.12020280874053728,0.3637216585624198,0.520204327207874
database,27,1,0,2,0.059584380237724326,0.17821872359832086,0.25845000067846546
database,16,0,0,4,0.05053580742584856,0.0712371512721496,0.3512323151548154
payments,25,3,0,4,0.06380347444049754,0.30738711826565357,0.16858498469520472
payments,9,3,0,4,0.08578462836884305,0.34486118331724874,0.2916167997803983
auth,20,1,0,0,0.05011666285631721,0.21567294459756328,0.37410705176321346
database,27,1,0,5,0.0035434821122734394,0.01271015876750734,0.27812112160435143
api_gateway,32,0,0,3,0.041922368477907805,0.10670391391879447,0.3443152101795264
payments,12,3,0,1,0.004660219536668447,0.2350777878125249,0.423116230523249
auth,23,1,0,3,0.06382322463602023,0.026446393275689737,0.3537314968514037
auth,15,1,0,3,0.08198821312594477,0.28598291723361896,0.09850422044359708
auth,21,0,0,3,0.045846761014572385,0.21014324090704253,0.34173500897641584
auth,7,1,0,0,0.017761981945520224,0.1316211622531236,0.0633029379649973
api_gateway,29,2,0,0,0.02352760989808429,0.16656280234119383,0.5611816597388142
payments,20,0,0,5,0.09555713302554412,0.39043187448858707,0.2264204277119351
auth,21,1,0,2,0.035997351817666945,0.22532685913271577,0.1724872512079913
payments,33,1,0,5,0.02034399240109701,0.20806408920975827,0.14380820790358514
api_gateway,8,2,0,1,0.061358690257770285,0.1825661744537836,0.36961584011527504
payments,11,2,0,5,0.05959369394188585,0.01735887143142434,0.21152202734713987
api_gateway,9,2,0,3,0.0737736786280148,0.11101393982322813,0.664983841930069
auth,22,1,0,1,0.06276247009230532,0.183362025557458,0.35558029486305753
payments,20,0,0,3,0.0073722585517765555,0.3051196211503222,0.5426081767210551
auth,10,1,0,1,0.08025483033945796,0.1285936707945548,0.14792044264044052
payments,37,3,0,2,0.015699095086184438,0.021961956364309733,0.4450308972397063
payments,24,1,0,4,0.04548122906395123,0.2786028733907557,0.16761138922239535
database,22,0,0,0,0.03425612902066983,0.008008445906889355,0.4383352919274903
auth,9,1,0,2,0.08266863036714514,0.09870378413517979,0.06371890409650591
database,18,1,0,5,0.012118804368965988,0.184483020042796,0.3213520788441728
auth,7,1,0,1,0.0702699032817232,0.13590720408036192,0.08516321442962514
payments,27,2,0,4,0.10646775753359587,0.1369062371158985,0.2863599595916167
api_gateway,15,0,0,2,0.01253139028872119,0.12519946017601186,0.7527738220220469
database,24,0,0,3,0.03618102100188868,0.18067606899179572,0.4288455806156255
payments,33,0,0,5,0.1345119824861617,0.1185392307522323,0.3292813028231165
auth,10,1,0,1,0.052228947331117194,0.2563288160345191,0.24037169666187924
auth,23,0,0,0,0.05998412211431142,0.09824291601438692,0.20883974545388678
database,27,1,0,2,0.005237097704161684,0.11149539036582921,0.3108010586626202
api_gateway,23,1,0,0,0.04515699706332004,0.19534470340247387,0.6608177318745921
database,25,0,0,0,0.04141733330420171,0.25511233165241226,0.32851609788404895
database,24,0,0,5,0.05038753415036013,0.14557267831030046,0.25907691783886566
payments,35,2,0,5,0.13559295977848337,0.12166210179418604,0.545957921822353
payments,39,3,0,4,0.13662513404846308,0.3316727119799671,0.32234437573566643
api_gateway,26,2,0,1,0.059604536905980395,0.11706085095651322,0.7037196522435637
auth,7,1,0,2,0.09353422813969053,0.18820113312759593,0.3742226302826883
auth,22,1,0,1,0.03728099892032055,0.18208362385146112,0.23019624069548802
auth,9,1,0,3,0.042814944199235205,0.09108151412612771,0.16972275965185352
database,29,0,0,5,0.03267902025451475,0.057636222180957285,0.08956142981657376
database,24,0,0,0,0.07831726131615516,0.03297849980757208,0.30632604544747305
database,28,1,0,1,0.07785226345162022,0.30185631925932077,0.4162157858437033
payments,28,3,0,3,0.04904131503820424,0.24359964442077142,0.13821663125337985
payments,38,3,0,5,0.04697730760554527,0.2798852308617349,0.546957617033505
payments,18,0,0,4,0.041101767057832125,0.18844414199910156,0.5780069614889952
payments,28,0,0,2,0.12017572549429872,0.2812126799896526,0.21597857272495202
auth,16,1,0,2,0.06252083217429301,0.2702346000565276,0.3979391663041001
api_gateway,33,0,0,3,0.04766482277840754,0.18046491325655256,0.17642914087783634
database,28,0,0,5,0.05556195974284611,0.32665536688231805,0.42740055269044985
auth,10,0,0,1,0.03884636426109966,0.10226571734075536,0.3869999017799609
payments,32,1,0,1,0.12117471777399334,0.11081017954784973,0.5109875607705976
auth,7,1,0,0,0.027331235865371964,0.2142790388465546,0.2788007287260669
database,16,0,0,2,0.04456614735795442,0.17111599352890022,0.31983103911606686
auth,23,1,0,2,0.057720223612595746,0.04251456247427173,0.1469858788241971
api_gateway,10,1,0,1,0.06255709199771282,0.15403886762647534,0.48850920602783154
api_gateway,20,2,0,0,0.06815181907566144,0.1439554591304378,0.6872064046869095
payments,8,3,0,0,0.09387617924735636,0.3210242992606512,0.12695543747484675
payments,33,1,0,1,0.07468037707714788,0.07081731781135896,0.2701205025463461
database,12,1,0,4,0.05206441940214671,0.24329829038462417,0.4167294807487202
database,12,1,0,1,0.04788047745924997,0.1211633238933957,0.3626406724915933
auth,22,0,0,1,0.09556554252415336,0.023243419789119157,0.06578633841391793
auth,18,0,0,1,0.0007541092715998677,0.19563325716561844,0.059049150737975245
database,9,0,0,6,0.01384318129109408,0.1699880772518385,0.4118860432731947
api_gateway,26,1,0,2,0.020153337066700906,0.2074049568673609,0.5555026889844904
payments,30,1,0,3,0.11556567041885055,0.31917727570132004,0.5873340800444434
payments,7,0,0,4,0.0680124345936402,0.09225545608570558,0.46190470226318575
database,28,0,0,5,0.0038924625599305253,0.07333529056788039,0.1468679659858895
auth,12,0,0,2,0.009597569669611295,0.21420081255705342,0.2522021084303834
payments,29,0,0,1,0.13426277591494717,0.3597812338215341,0.2774234253848544
auth,8,1,0,3,0.07701116522302855,0.18677354706638963,0.17479999531921456
payments,32,0,0,4,0.12468687076349137,0.28996410873443373,0.3751835981628377
database,29,0,0,1,0.06487930184441915,0.3019483560728418,0.1049567422676285
payments,21,3,0,1,0.1398972150813718,0.18245088357865333,0.25260597917160366
api_gateway,16,1,0,3,0.025106911892206478,0.02296432850051336,0.26081875521237713
payments,36,3,0,5,0.06957147370115643,0.3685830944866122,0.4344650777231522
api_gateway,31,0,0,1,0.02695354071001275,0.02459185417454743,0.1717707961747275
api_gateway,48,1,0,3,0.02891427106945413,0.04963569391761641,0.11775074775379694
api_gateway,22,1,0,3,0.027357958090557518,0.10784024688097754,0.10365137617375476
api_gateway,24,0,0,2,0.03394219286394496,0.035016760552801535,0.6295971655276505
api_gateway,13,1,0,0,0.04243424041801141,0.22450097257638765,0.7380578464986142
api_gateway,32,0,0,2,0.07926844988922989,0.12993058126366683,0.3262364100297259
database,8,0,0,3,1.9623240959445453e-05,0.11242047204257276,0.07049044316114823
payments,11,2,0,5,0.02424565406768877,0.38279670754817663,0.2629354667296907
api_gateway,35,1,0,3,0.03478934323785233,0.14462829657122786,0.4957141213086128
database,18,0,0,3,0.04737601440068112,0.3148173946587631,0.2405878815624602
payments,15,1,0,1,0.08488329076526384,0.3312173143097009,0.06395431842327358
api_gateway,36,1,0,1,0.07627100477605502,0.008081616091943772,0.7398672952666625
api_gateway,35,0,0,0,0.02114287668620377,0.08081857881964627,0.39053198317163695
auth,11,0,0,2,0.09534269834008133,0.27861725939761334,0.17756396662079119
database,13,0,0,4,0.060684059797739394,0.008439325841739093,0.1400393003127917
auth,9,1,0,3,0.07081516877406012,0.28498827026306744,0.2548947956923135
auth,21,0,0,3,0.0514987854727833,0.07269170509992641,0.28648761785326915
payments,28,3,0,3,0.04123434873856316,0.28620238184845154,0.532767088206003
auth,18,1,0,1,0.0975398477605226,0.24581094538030757,0.08419418122897726
database,14,0,0,0,0.040181355108175956,0.3212216883305202,0.4804111237983728
payments,30,0,1,2,0.07101524003910731,0.14686952577251686,0.3306187637431222
database,27,0,0,4,0.06634676733057247,0.29921881163956904,0.06979482582210489
database,8,0,0,1,0.009997489452146678,0.07626257246621027,0.30479021320562294
auth,19,1,0,2,0.0743888144118619,0.1609116071172377,0.26191734319082505
database,12,1,0,4,0.07316384632809247,0.20095444090132852,0.3635906078304482
auth,5,1,0,1,0.013837086181363823,0.1445116439532027,0.2313705097639374
auth,24,1,0,0,0.015806130029164932,0.16770196169576704,0.38843877370383717
payments,26,3,0,3,0.00010752880598696724,0.22925969919249828,0.5296163541635767
api_gateway,32,2,0,1,0.07113693107724867,0.02493583680720221,0.24369445060905195
api_gateway,37,0,0,2,0.0754587490613314,0.13772932689163364,0.792363545311146
auth,23,0,0,2,0.024626572398078573,0.13888120007315505,0.32036608516268217
auth,14,0,0,3,0.09049768817816814,0.24646195827769563,0.09373798131164164
api_gateway,19,0,0,2,0.0012885156925872732,0.1328885410223197,0.5500210649761671
auth,6,1,0,0,0.050102057201562515,0.17780341977412364,0.13552230772523555
auth,16,0,0,2,0.02151302264246792,0.09754423386934506,0.17538784729243814
auth,11,1,0,0,0.018710842291725305,0.16456169762135664,0.05395297344829783
database,14,0,0,6,0.016538824451325908,0.0754227057643393,0.4337614562812703
database,22,0,0,5,0.04875598067042189,0.20083656601181132,0.3702667091008732
database,5,1,0,4,0.015388197818588498,0.011492838220543172,0.23277310073489582
database,12,0,0,0,0.06655821189990697,0.13490608282080874,0.09671993457050014
api_gateway,9,0,0,2,0.00042076419449400327,0.16223220016309983,0.6946701106417295
payments,23,2,0,2,0.004394916465512755,0.19799311788498442,0.1549452202954689
database,15,0,0,0,0.0324281627217739,0.1635313338084235,0.35130413752891526
database,11,1,0,5,0.07127280773777099,0.14190337982504034,0.10404064501799337
auth,6,1,0,2,0.016697788222901046,0.2218450756863983,0.17990418219249316
payments,16,1,0,0,0.040166147190617625,0.39936849356950965,0.5733819593748835
auth,6,0,0,3,0.034154811692317634,0.0727193628755667,0.36053689253755083
database,23,0,0,5,0.06735146288005381,0.0016294535483737881,0.45267878416782953
api_gateway,13,0,0,3,0.003658160829567194,0.02261042193226742,0.36524013977758174
api_gateway,46,1,0,2,0.05106058401138776,0.2307138870244235,0.48531574881813344
api_gateway,30,0,0,1,0.016705191812743044,0.08142945024533885,0.29039424685961995
api_gateway,33,2,0,0,0.016306595803045852,0.13837113655366653,0.29363616205358656
auth,20,0,0,1,0.051864628942166924,0.2778398516319701,0.29869503142646714
payments,33,2,0,2,0.061936678438381985,0.36327583827860116,0.38181933311391864
payments,35,1,0,0,0.02983946696925575,0.04657820963388457,0.2648945932400432
payments,36,1,0,2,0.06491506225622905,0.13231719657106225,0.2598915742971321
auth,22,1,0,2,0.06338529008835424,0.065225050276577,0.08998881975181296
auth,22,0,0,0,0.09646855564468418,0.26065004181048224,0.2036878981138146
payments,35,2,0,0,0.13219463184211375,0.15942368965765105,0.3153483087096146
auth,17,0,0,1,0.0626947855241755,0.0034668843042556796,0.2130904550933537
database,9,0,0,3,0.05807227714119144,0.15650369846772774,0.2346604316592059
payments,6,0,0,4,0.005144685195496751,0.10135924302374906,0.07701979164051878
payments,18,3,0,0,0.08290558350683101,0.18003810743634374,0.20793374489069577
payments,13,2,0,5,0.026461786564182927,0.3239154114752419,0.39189626792376736
auth,5,0,0,3,0.08448056670360005,0.13831599915815646,0.3672731478729141
auth,22,1,0,2,0.09021541886529116,0.293399938068387,0.2529680224658356
api_gateway,41,2,0,3,0.010122667592471189,0.1176373810414886,0.21267342254237603
auth,20,1,0,1,0.07848913946638503,0.018730285208403228,0.280051500573954
auth,11,0,0,1,0.02019408645119826,0.2967117725267387,0.23601210645997325
payments,12,0,0,3,0.0027537575998835937,0.05529283471413487,0.26561624414197516
api_gateway,49,2,0,0,0.005010975335803538,0.05838249059190803,0.6601722428872124
api_gateway,20,2,0,2,0.008478353061722208,0.07699010212448845,0.6922752577610581
payments,6,1,0,1,0.00943612140270359,0.37720828385829447,0.0792163433094506
payments,30,1,0,5,0.10805598190983043,0.3099433608727824,0.5426893716298629
database,20,1,0,1,0.020098041544985838,0.11068695463534597,0.3541771232683619
api_gateway,22,1,0,0,0.06803605388589036,0.06902168210531176,0.13043340436812
database,12,1,0,6,0.032441079777942534,0.03777579934194576,0.46235936989227416
auth,17,0,0,3,0.09736076488006987,0.24500362178277701,0.19595081167074574
database,17,1,0,3,0.04279679327470648,0.2780869708981436,0.19000586227126076
payments,15,0,0,3,0.07191824672246484,0.2734798182898483,0.18073431816842583
payments,26,1,0,0,0.1401616191856822,0.21082837540538335,0.4442387441846538
api_gateway,46,0,0,2,0.00027115958152700514,0.1328884604130362,0.2959431580893994
api_gateway,16,1,0,1,0.07950616577830993,0.09493760077196745,0.29101472405331547
auth,11,0,0,3,0.038149129324222736,0.013040519797114446,0.2462433417320353
auth,23,1,0,3,0.07206763590925183,0.027372718234116276,0.28213497416433375
payments,13,0,0,3,0.011681848363693613,0.3444251745918878,0.5482735555570544
payments,18,3,0,4,0.07010810031718881,0.17491265929784705,0.1453552362166295
auth,7,0,0,1,0.028153504010689435,0.2993727965370859,0.31602180252111534
database,21,1,0,3,0.053879988865477534,0.34623810496784413,0.08542349059977869
database,19,1,0,3,0.060846813654202914,0.21483137396693028,0.496169832785518
database,13,1,0,0,0.021759438100819137,0.28714999563580346,0.38472493465528346
database,22,0,0,6,0.07364021009068945,0.19364071550667544,0.2299491333020373
auth,22,1,0,1,0.02899583218037868,0.24102707072944884,0.15985273014913046
api_gateway,27,2,0,2,0.040849267068369846,0.019633926068117175,0.16307478700092154
database,8,0,0,6,0.05045098311673949,0.13630791247217328,0.2556299645386031
auth,20,0,0,2,0.028496827757731158,0.13088014044132593,0.10407991892126565
api_gateway,32,0,0,2,0.053494363418766185,0.191145648931316,0.7723609048239855
database,10,1,0,0,0.007170614248794296,0.12625514457363016,0.2985297438599261
database,26,1,0,3,0.04089390789741878,0.3197740303765194,0.3465168912960025
auth,19,0,0,0,0.024349525918518203,0.24075796045899478,0.15206335525515385
auth,8,0,0,3,0.03246172423114774,0.04499131783904916,0.2934803051558229
database,18,1,0,1,0.0633477354294528,0.28813275372387565,0.25091699469909856
payments,21,3,0,5,0.03481178667992475,0.11579914604788787,0.2079669141200488
payments,26,1,0,0,0.01112642933914683,0.3164016296261629,0.42329227991844454
database,23,0,0,5,0.0429043023934986,0.09986847331113494,0.11502508282974527
database,6,0,0,6,0.036069938512179184,0.0756140785657529,0.13164462414340924
database,11,0,0,5,0.025775553918102982,0.04516011389367393,0.39285812812547366
database,27,1,0,3,0.04507217407784221,0.019745030431031957,0.10543833268657507
payments,8,3,0,3,0.031507100593810435,0.3565130659311002,0.18411150483276723
auth,19,0,0,2,0.0006488083780526455,0.051544853490383076,0.31087406536617623
payments,15,0,0,1,0.02116891774489828,0.2992647196114785,0.1648603612485911
auth,10,1,0,2,0.029190961379034364,0.04403812783108888,0.3471336417308436
payments,29,3,0,0,0.040243080064165895,0.12345305940958028,0.10696711135665826
payments,36,0,0,4,0.006715258303273031,0.2219227033095792,0.5209646296938643
database,28,0,0,2,0.0528393541056991,0.33157214872408686,0.22720667399688327
api_gateway,27,0,0,3,0.06702669455367027,0.06324887610605881,0.45002745821443013
auth,5,1,0,0,0.07340042545436842,0.03642472959358626,0.37920774232694365
database,23,1,0,0,0.04666366372880108,0.18288733245479138,0.187903755156459
api_gateway,13,1,0,1,0.025989871545209972,0.24654452810506167,0.5890330643687406
database,15,1,0,1,0.017795436463528214,0.07622949631631123,0.38546559946735065
database,17,0,0,5,0.05376469531083912,0.07430031306781393,0.2733581069795549
auth,8,1,0,2,0.07786746648941559,0.29515170256223233,0.21549686575716837
payments,17,3,0,3,0.1285094919758846,0.3166560288732252,0.20976488308491897
database,9,1,0,5,0.03620197793781751,0.2857942584141807,0.05811320400140428
payments,16,2,0,1,0.06701092879670892,0.04238236453761908,0.5058934115867327
database,25,0,0,0,0.03686961641870514,0.2242159934789453,0.16022886254466506
auth,6,0,0,2,0.07068443574290983,0.03127295966543325,0.2503532337501657
api_gateway,42,0,0,3,0.005358189935287614,0.13615930506040236,0.12889797960385063
api_gateway,34,2,0,1,0.043804908648348365,0.05182948616342922,0.23383324983412468
auth,16,1,0,0,0.05275259236745986,0.07255049848633964,0.041951707778678925
database,13,0,0,2,0.06744628162078853,0.04403611377019297,0.11302137932959877
auth,13,0,0,3,0.09868768469417205,0.23218823994696305,0.32044858415512145
auth,3,1,0,1,0.004547795130603694,0.2971193388275894,0.2893633422280759
database,17,1,0,4,0.015435919395008497,0.19934518263727258,0.3047869252701109
database,20,1,0,0,0.04801221184588918,0.007509394300465149,0.26796852775648844
auth,3,1,0,0,0.0779095255812996,0.17151289558753943,0.21084949454334562
api_gateway,8,0,0,1,0.06970051306241373,0.1488726360994848,0.17841014551774204
api_gateway,13,0,0,3,0.024561993779364154,0.10721860770888808,0.11803461662404233
database,10,0,0,4,0.029226689083798822,0.1077276223188368,0.08555855264739007
payments,21,2,0,5,0.004658531405273341,0.06904364516090981,0.39982219532253715
api_gateway,44,1,0,0,0.024263224591822983,0.12729311350228875,0.3167434036658707
database,8,0,0,3,0.011226909343400475,0.30169671461225833,0.32272777985454476
api_gateway,34,0,0,2,0.03214100383558634,0.23269047576024426,0.1818838743575854
database,25,1,0,1,0.007711285799554677,0.05084139003119078,0.21888776110086994
auth,13,0,0,0,0.009668971633774304,0.24862327971854306,0.37296803055444017
database,29,1,0,1,0.04958898102640824,0.09019168369188481,0.19144168806311976
payments,28,1,0,5,0.01492443392709572,0.020025810837317738,0.4890216498734073
database,27,1,0,4,0.02657910927172929,0.23294675467424242,0.18198013929806012
payments,35,0,0,1,0.037485258245533476,0.009027878629377062,0.3500184814313291
auth,6,0,0,0,0.057645985645923395,0.2582384669580511,0.39656784690489777
payments,37,1,0,5,0.08787945757918823,0.14879790391566475,0.12538282594511968
api_gateway,32,2,0,0,0.06697234760810711,0.038362518278477586,0.5360648798179898
payments,19,0,0,0,0.06004948026161373,0.1651357591035626,0.5643697955939813
api_gateway,44,2,0,3,0.012902367313847769,0.2078756798106741,0.25889955115886865
auth,9,1,0,2,0.09798031631041544,0.1598656909922609,0.2434697397782653
database,26,1,0,5,0.005914851481335806,0.23149104738434528,0.2258193200040685
database,29,0,0,1,0.05586295413044733,0.023331267147254135,0.13732856313192632
auth,11,0,0,0,0.009141654911451769,0.015050653049606599,0.3698271186130352
auth,24,0,0,2,0.020570429497656986,0.1100686985596125,0.053348933197711015
database,8,0,0,6,0.042985335618643816,0.33041487560753274,0.2537345428301567
payments,7,3,0,3,0.10285691532370213,0.28744149627607823,0.5959244317636145
database,7,1,0,3,0.029857979457731824,0.20506463976286396,0.4715533978789712
database,8,0,0,1,0.07807089504158922,0.08303128044525313,0.1707676719377017
auth,16,1,0,3,0.007681102763992054,0.13788350153208118,0.05443684880322256
api_gateway,41,1,0,2,0.03696824179792272,0.014337288301808637,0.24807779219151196
database,6,1,0,5,0.048153996208557745,0.12362253659716221,0.05067766142721364
database,23,0,0,6,0.049932996472630026,0.13854288306491355,0.22206061570805147
auth,23,0,0,2,0.06955851743035442,0.11088128928412937,0.13971773886128058
database,7,0,0,6,0.002493846585418469,0.2890359208640276,0.4638061714820704
database,4,0,0,1,0.018445350579126475,0.14838007972893846,0.06099550378256274
api_gateway,30,0,0,1,0.024508808243282065,0.15347641522798253,0.5439947103648494
payments,9,2,0,4,0.04483892251474998,0.054015254672218974,0.054953115345461385
database,5,0,0,3,0.021775931142125237,0.09810215139647709,0.4012701869871011
auth,3,0,0,2,0.03951248847745673,0.15250412880409095,0.05534609634778843
database,23,1,0,1,0.05224698007651002,0.042927484783730485,0.06935425158651465
database,14,0,0,2,0.011839481954432714,0.29498048423517786,0.051321982577576086
auth,12,1,0,1,0.059531954578289505,0.17217523318787367,0.3055577564292048
auth,5,0,0,1,0.09364464228117574,0.1715627149412855,0.3197131597771192
database,26,0,0,2,0.010143587546934132,0.19759709941211623,0.17810688071385505
payments,39,0,0,1,0.08285070201832542,0.13088847326458156,0.5738481947305119
auth,6,0,0,0,0.08059293661594656,0.0003730316598306027,0.20336770916936264
database,28,0,0,5,0.03993438052067727,0.218670870961609,0.493841914074782
payments,19,1,0,1,0.07943004225336861,0.16557042322103555,0.2394354254194535
payments,35,3,0,4,0.03802406298857856,0.23841206437992046,0.3633375476194754
api_gateway,12,1,0,0,0.013175554058799489,0.013674500465704426,0.5999590720260664
api_gateway,41,1,0,3,0.009402936610994646,0.15581955237759698,0.6298935288734063
database,24,0,0,0,0.05314869533237155,0.030583021881821822,0.09631655733559233
api_gateway,17,0,0,2,0.030059243954780622,0.1433790819442113,0.18352446180352194
api_gateway,49,2,0,2,0.07628828252382856,0.1844576710640175,0.5904557592828221
auth,6,0,0,3,0.07171194855322924,0.2956155420803717,0.1633699732294981
auth,20,0,0,1,0.05656334514375047,0.044062353890648075,0.12159796474810323
payments,25,3,0,4,0.09960183421014034,0.06253257535713544,0.25076391722135266
payments,12,0,0,0,0.05498267810688393,0.1253470777829113,0.22328107313417966
api_gateway,25,2,0,3,0.050536968214013794,0.032247114756414424,0.4936925133284995
database,12,0,0,6,0.031049495257630035,0.11115883437203017,0.19148624791514654
api_gateway,34,1,0,0,0.002570416051796558,0.19266179710340472,0.4339337467903305
database,19,1,0,5,0.05710984362193447,0.03694219784953264,0.4648909807049279
auth,11,0,0,1,0.09037249203738076,0.2322009938729279,0.17083907427805922
api_gateway,17,2,0,3,0.04142081627227225,0.06958213163615096,0.5418624221647639
api_gateway,41,2,0,3,0.06485202162107927,0.04672998381457649,0.3139644811711827
api_gateway,42,0,0,1,0.058350099865563505,0.05403817753390058,0.6863289145187198
auth,8,0,0,3,0.05909999590859538,0.09965377497099398,0.2155134741618071
database,25,1,0,5,0.06319781690924892,0.2654831169412478,0.27053036289319055
api_gateway,19,0,0,0,0.00895543521380799,0.14443925414260078,0.3158379040507954
payments,33,0,0,1,0.11225628741422738,0.10779602005334535,0.32934181524220263
payments,19,0,0,0,0.1489248197522963,0.0494289962397962,0.2980918395036728
auth,16,0,0,0,0.0438847809711364,0.21303122837784938,0.14497994503531636
database,12,0,0,5,0.012787479040018432,0.05042980636801192,0.42587852825162226
payments,27,0,0,4,0.0507831041155577,0.29379481612896147,0.15271045652852977
database,13,0,0,2,0.019202686749946418,0.2880017645149608,0.26667064573801186
auth,6,1,0,1,0.06892840817509648,0.16510094932858244,0.2512769543127987
api_gateway,24,0,0,1,0.05157021439550283,0.05608006075714328,0.14928803595652682
api_gateway,8,0,0,1,0.0022890182353437717,0.17892551356060774,0.10339430924668913
api_gateway,24,2,0,1,0.007340758130377587,0.18822317506137154,0.73636261869019
payments,13,2,0,0,0.06265628504594638,0.3872290011638714,0.5477929702869646
auth,15,0,0,0,0.0511515136083225,0.22014903582643677,0.351529780942167
auth,18,1,0,0,0.04086759787921972,0.13493338246971096,0.03965081607334707
database,8,0,0,5,0.042642200389016165,0.2226790536010705,0.43075529195331846
payments,16,2,0,5,0.1156864611049767,0.25750824324049787,0.3018585189234938
auth,19,0,0,1,0.017770446119681406,0.021289389985660646,0.13737418333742626
database,22,0,0,3,0.007340151026067661,0.29450680895407105,0.3910623382328573
api_gateway,31,0,0,3,0.005045529010661563,0.21688543231685062,0.6986744247187716
payments,10,2,0,4,0.09499033760062334,0.0767093833174684,0.18301912088561034
api_gateway,24,2,0,3,0.04110025299837611,0.17931400485345073,0.752829961466619
payments,16,1,0,4,0.023742457604906047,0.1380719353182522,0.3433359631909146
api_gateway,22,0,0,3,0.07092887316788682,0.05799143966017303,0.6806186955214406
auth,11,1,0,1,0.0812451131720594,0.01455778547300791,0.2514498394027068
api_gateway,19,2,0,0,0.06356540511642528,0.07955518109338955,0.43311353069685465
api_gateway,26,0,0,2,0.009542197621519977,0.10426573442840911,0.36245213194431924
api_gateway,14,1,0,3,0.0016006852136505323,0.139109893518093,0.2233867928925079
auth,16,1,0,2,0.024241591254486383,0.2084780089320307,0.07757025790309849
database,9,1,0,5,0.06532873644808601,0.20585743852807234,0.1831781845278802
api_gateway,48,1,0,1,0.07913801701183873,0.0353809085353842,0.23668817472386514
api_gateway,39,2,0,3,0.03259021864425971,0.23694562705521555,0.7324299192188047
api_gateway,22,2,0,3,0.01502053351239817,0.18999618109855895,0.15799882102103985
auth,6,0,0,1,0.0727012454699724,0.01399243527774332,0.14925907794000098
auth,20,0,0,3,0.060849108656361686,0.2956998069073521,0.09183619876195576
api_gateway,19,2,0,2,0.07721610347021649,0.10774474030380865,0.3493051299723354
database,25,1,0,4,0.05828925432963929,0.30165240569901686,0.2950675878312948
auth,8,0,0,1,0.07661763994699114,0.042313990075118144,0.08544632061655891
database,18,0,0,0,0.07677889795379099,0.10102697010347758,0.3988288614791352
payments,30,3,0,5,0.014706680716640974,0.0506181244785509,0.4700058678877709
payments,30,2,0,0,0.014028018539686425,0.09096869148941172,0.25433576638396527
auth,8,0,0,0,0.014738326759734854,0.27877467457294075,0.15526639064534237
api_gateway,17,1,0,0,0.05695347498003457,0.05252863137274355,0.33783874516990475
api_gateway,47,1,0,1,0.0656081188942937,0.11640177924018708,0.24384844948242582
auth,17,1,0,0,0.0697141350492399,0.09808752608105295,0.11455430465149541
auth,24,1,0,0,0.03934135763504242,0.26393856224803786,0.2404784950236357
payments,18,2,0,2,0.08143171985412077,0.20666570393754974,0.21959528884777063
api_gateway,13,0,0,3,0.06517563715308801,0.19895221196065527,0.13343564640483443
auth,14,0,0,0,0.0025547401121604144,0.03896784788962663,0.3029161298408891
database,8,1,0,5,0.007754276035274597,0.1039985168487885,0.3353954348046254
database,27,0,0,3,0.023791821852617884,0.10562404010894738,0.19947757343345582
auth,12,0,0,3,0.025435953880638185,0.09600146572840443,0.2193641478819049
database,7,1,0,3,0.0691864746163706,0.011385379105099024,0.3446803744512674
api_gateway,22,1,0,2,0.07366708903388765,0.10116664473402898,0.7070035010434657
api_gateway,14,2,0,1,0.03292876627082973,0.036801476207590916,0.372716180794741
api_gateway,27,1,0,2,0.04840355220166754,0.24603419393962186,0.3888172654429328
auth,14,0,0,1,0.09044637585523288,0.2486587719502655,0.37217802730090943
payments,14,1,0,5,0.12552951333398885,0.09219793494060835,0.1504583903090747
auth,16,0,0,2,0.06016700217635939,0.21952199207568154,0.3799232161360975
api_gateway,30,2,0,3,0.07471066958442092,0.23247689518298909,0.47939719241434975
auth,23,0,0,1,0.03250515236095876,0.01710197839490771,0.11034333840076996
payments,22,3,0,2,0.12482436805936775,0.33918867732503616,0.5466505968333228
database,19,0,0,1,0.012271473802153699,0.035392718975216376,0.08131671245854982
api_gateway,10,0,0,3,0.07083844548257145,0.10266339935416641,0.34488941000885165
api_gateway,31,0,0,0,0.07119777335078718,0.09971181586788452,0.3158204757178098
payments,24,0,0,4,0.10681079883718957,0.34796237355612836,0.17701719757140355
auth,18,0,0,1,0.02369563625881568,0.06356596183498725,0.20866379512989516
payments,21,0,0,0,0.08494843202497981,0.12138128657984248,0.2367216532829685
payments,16,0,0,3,0.05184302533511843,0.04316982198599755,0.19144742481343496
database,27,1,0,0,0.059128362896696575,0.15303907523908222,0.4205878407541205
database,22,0,0,5,0.06522734609102158,0.13122516797576508,0.41845690813607594
payments,39,2,0,3,0.06913031029044779,0.2984523912954569,0.20848221896835623
database,20,0,0,2,0.025173745816904666,0.021658073936169697,0.39414645966948014
api_gateway,43,1,0,2,0.0615875863151574,0.07867452061931593,0.24659230040298058
auth,23,1,0,3,0.03884369385525741,0.14187479129353728,0.3608146962158625
database,27,1,0,6,0.07081541535641231,0.13047396597965094,0.3199163175668495
payments,33,2,0,2,0.009734891930761418,0.325077217350313,0.5340722443885029
database,24,1,0,0,0.06688173267567783,0.17647695313479095,0.11688756249683044
payments,18,0,0,0,0.09986766022033064,0.3314668574134376,0.3114111371110295
payments,12,0,0,4,0.06415036287362536,0.15541245920241684,0.5382999632307492
auth,3,0,0,3,0.09951821206249388,0.013292943371497867,0.35105231067966447
payments,8,3,0,1,0.003297272221443437,0.11552398798163584,0.4020268383115309
payments,32,0,0,5,0.011804651279309858,0.09867537189759892,0.2975683499493813
api_gateway,11,1,0,2,0.057710443938773136,0.1603012963151453,0.2976834141129595
api_gateway,35,2,0,0,0.028136647765913417,0.07988881584638091,0.2738630207440448
auth,21,0,0,2,0.062130208917209884,0.2728497128822148,0.15024534153612187
api_gateway,48,0,0,2,0.045883761760859405,0.23947646624862703,0.7986055646972419
payments,19,1,0,0,0.016391916805223988,0.35804249029203683,0.3491415330709525
database,17,1,0,5,0.00994692587515722,0.21506062409067703,0.14704439611199688
api_gateway,34,1,0,3,0.04315945530894986,0.23777145030379498,0.2783282695275521
database,7,1,0,0,0.029422207449233264,0.14703606099201125,0.0962562825253841
api_gateway,34,0,0,1,0.04993841792262324,0.16679523970856056,0.18644727290254143
payments,28,1,0,2,0.040081484322911115,0.025727689277433408,0.41362182275414416
payments,35,3,0,2,0.09508341927486628,0.2488117917008037,0.3833602799191351
auth,12,0,0,0,0.09482445357224686,0.2282889953282426,0.22311408253739126
payments,14,1,0,3,0.07718566744017007,0.3129583234577837,0.24383706405400735
payments,27,1,0,1,0.007810860933190461,0.16078076984608783,0.46663040255017824
database,7,0,0,6,0.022371066244138146,0.3363060246074452,0.3890208098366255
auth,14,0,0,3,0.06132863938331298,0.08787170264500786,0.03658410930474532
database,7,0,0,1,0.02148893119283687,0.28057028841200643,0.44310354280812597
api_gateway,13,2,0,0,0.01080356225153417,0.21793857799749045,0.5532124076885674
database,10,1,0,2,0.04340568393630511,0.18448100471837392,0.28161919232343213
payments,33,2,0,0,0.08065381928864572,0.2942871947112439,0.5582813720251844
api_gateway,9,2,0,0,0.0008130297591831326,0.11841725317092522,0.37270409584543873
auth,10,1,0,0,0.00968921611641681,0.20139894521597707,0.33493527992395977
auth,19,0,0,0,0.008220158948193368,0.16985732621922206,0.24680859611896133
auth,19,1,0,0,0.03241544029621731,0.21397590937538125,0.13939367158194632
payments,24,1,0,2,0.08420337362840069,0.27922973539145957,0.12946163312703293
auth,17,1,0,1,0.06614020331187831,0.03887571900299532,0.1253955074962977
api_gateway,34,0,0,3,0.06668995547722498,0.13596640832567738,0.6809392161044422
database,29,1,0,0,0.0729274538845956,0.34811402993206353,0.07881962817696317
api_gateway,37,0,0,0,0.0009071246587511705,0.13937180688158055,0.524784783006788
database,21,1,0,4,0.04858472327585143,0.16983363916060998,0.4327605156030679
database,6,0,0,3,0.02077882643733983,0.23233150041877507,0.28500161873486146
api_gateway,49,2,0,2,0.07598416729984617,0.09925756461231067,0.7584286178666043
database,20,0,0,2,0.05096275272581677,0.12267019936432678,0.1835800238997166
api_gateway,44,2,0,1,0.059047950184622076,0.17627731821372788,0.1421506327521429
payments,24,3,0,4,0.11583604138399148,0.005631865313156271,0.39335972043079825
auth,22,1,0,1,0.075987870403879,0.09697403518320212,0.31595262936682733
payments,17,1,0,0,0.13209758661968668,0.13125887220602747,0.5596064133280109
database,25,0,0,0,0.03835488712476261,0.3123074665697422,0.04555852293663726
auth,15,0,0,0,0.09899231424207285,0.11070892691477935,0.23656683618184424
payments,19,1,0,4,0.04249447919965533,0.02918733317027509,0.2301509990161711
payments,32,1,0,3,0.03695223708634528,0.19905982180208728,0.1625264878604767
database,8,0,0,0,0.041462380995935424,0.16958806994099335,0.1525188511455035
api_gateway,44,0,0,3,0.02004731713590175,0.03029311480689842,0.36080734623209665
api_gateway,19,0,0,3,0.05618920817070865,0.2273206702909088,0.2890829146262331
auth,17,1,0,1,0.016928621027278944,0.03259463373987914,0.359778382880257
payments,32,1,0,3,0.02855726794455521,0.039047504214059586,0.5807673926004553
auth,4,1,0,2,0.0931607495147661,0.07189563990482846,0.07073526294689796
api_gateway,27,1,0,1,0.01536967209717277,0.09256060291722201,0.5895060134129967
auth,23,0,0,0,0.07062281699579737,0.11546383826529454,0.36990907385384686
auth,14,0,0,3,0.003791694407363333,0.11092575239190838,0.2652226079544495
payments,19,3,0,1,0.09300020002161126,0.268604722912415,0.3718711811650253
auth,3,1,0,3,0.087932165926506,0.23459828565331808,0.24953715315973451
database,25,0,0,1,0.04965792096193613,0.3392530268278742,0.3174114008662901
auth,23,0,0,1,0.0064873637835107245,0.25462109777795217,0.1627665845583219
api_gateway,20,2,0,1,0.06351045345435861,0.20427702816919274,0.43837252932393667
database,21,1,0,5,0.047971296315799064,0.10682254191699692,0.2511476156593836
api_gateway,15,2,0,2,0.038957775470186896,0.07867493957557634,0.3154216058270391
database,12,0,0,5,0.0056446364212339355,0.21105729690049269,0.41564590117465866
database,20,1,0,2,0.07067885938684183,0.2565665150620543,0.49620759877208953
database,13,0,0,4,0.00839015106792008,0.3366076946073325,0.3329829724759546
auth,10,1,0,0,0.032456428425547634,0.2227710332227368,0.34084667916753275
api_gateway,46,1,0,0,0.05673246910418129,0.1524068453391104,0.30808544441661706
auth,4,0,0,3,0.019578380686040488,0.13520648658155657,0.3311489594294512
payments,17,0,0,2,0.024374762321166216,0.003701008974360942,0.46999755355092365
auth,12,1,0,2,0.017723619777235345,0.08458749814279364,0.05355543329917281
database,6,1,0,4,0.026732618067770497,0.298991152982587,0.3226060341059152
database,6,1,0,6,0.030487987967410365,0.1354864554291055,0.24959859565493067
database,21,0,0,5,0.026354630445238947,0.3054704539436972,0.18271623567522574
payments,26,3,0,0,0.09954370811509494,0.08468671138478628,0.47642366463420677
payments,17,0,0,1,0.06303744027113128,0.10976505265427271,0.37466448946557973
api_gateway,27,1,0,3,0.029740645244035326,0.10391135933264345,0.614587646050737
database,22,1,0,4,0.008195095181286449,0.05313190926391986,0.4310639996303653
api_gateway,48,0,0,1,0.0058414643517703535,0.0669083859098124,0.3946669401765718
api_gateway,13,0,0,2,0.032212336907159196,0.06778993325690036,0.7846664357957537
payments,21,3,0,5,0.12744002624736872,0.07759758248935889,0.25449164520099465
auth,20,1,0,3,0.03245763356293674,0.13358373505117338,0.32357874394482866
auth,18,1,0,0,0.03539955695446667,0.05001997434160298,0.07915884691818423
api_gateway,29,0,0,3,0.0021144076153285685,0.24679317698535908,0.17041286447596637
api_gateway,32,1,0,1,0.03230244031614521,0.226289150154058,0.37202863236055583
api_gateway,46,1,0,1,0.03170432848758568,0.07077528837251343,0.7354926615727901
api_gateway,11,0,0,2,0.03351695396226582,0.038003939423539745,0.35185867461778453
payments,39,3,0,5,0.058730564940244374,0.3883416791470801,0.3609089279746901
api_gateway,17,2,0,3,0.02684963637828397,0.1079879117967992,0.7994192392691566
database,7,1,0,2,0.028449346416445618,0.30259512160575486,0.23587274243129724
api_gateway,33,1,0,0,0.003686775690795123,0.011616590588948983,0.5288196028622201
payments,26,0,0,1,0.13032016437267305,0.040212143476734366,0.5319118492237416
auth,13,1,0,3,0.06310141935045312,0.05625841438396825,0.1385190216872642
auth,9,1,0,2,0.02448117312841356,0.024322474844189635,0.35169986805094966
api_gateway,34,2,0,1,0.07047570829106901,0.2470223510268893,0.4512456951246049
database,20,1,0,1,0.06940640246352278,0.13729991018240928,0.3954362209719227
database,16,1,0,3,0.042087267022700894,0.18900489519074842,0.09513562457028182
api_gateway,47,2,0,3,0.017406574626717648,0.14293417689299198,0.548615223039306
api_gateway,13,0,0,3,0.03448763370619532,0.04991988783434362,0.7527778026864762
auth,11,1,0,3,0.09973206116397705,0.26445931441260184,0.1722167800217081
payments,5,1,0,0,0.02532504099788551,0.3573836216668464,0.18129307616428497
database,14,0,0,0,0.007283173536779044,0.22703291536192438,0.2709286816023017
auth,16,1,0,3,0.08954140580670197,0.15369459337699862,0.3507096312327931
payments,37,3,0,4,0.019547698213693638,0.3242921860921651,0.10455699156208323
database,28,0,0,4,0.006912732780811118,0.02222691424858283,0.12375722929511723
payments,35,3,0,5,0.07630589763244,0.17272204031436483,0.4316956596141015
database,26,1,0,1,0.005920366055960198,0.04478651156063901,0.13107772836213546
payments,37,2,0,2,0.057935459294863434,0.1120536475101519,0.16245669610866653
auth,15,0,0,3,0.0031108584187416136,0.28304976891117806,0.20258542321078973
auth,4,1,0,1,0.08563533488135087,0.29741376553448867,0.09930788928970682
api_gateway,33,2,0,0,0.06388633028101277,0.17380848675785698,0.7962070234066678
payments,26,1,0,3,0.08087906911909716,0.2756436325947296,0.44385141536947875
auth,5,1,0,0,0.08014303822086451,0.273640770576955,0.09080602245445907
payments,16,0,0,3,0.031555812229475365,0.11625718772261245,0.30542159847635525
payments,28,0,0,5,0.018497773661293838,0.30430372335478006,0.23216759804271675
auth,13,1,0,0,0.0958554007949528,0.21495815286642142,0.05949075359481986
database,8,0,0,2,0.04914636328485845,0.24173323641650013,0.08621325998346469
auth,15,1,0,2,0.06289883872243522,0.23466870014163702,0.3990174832348944
api_gateway,44,2,0,1,0.011415438035124322,0.009073664243224866,0.15143982695972377
auth,4,0,0,1,0.040423575583947935,0.04168378078282452,0.033967437070922486
payments,19,0,0,3,0.009102460342602347,0.10999167678945608,0.18563958247987067
database,26,0,0,1,0.03287298345062828,0.1207914625521397,0.3104139513595127
payments,37,3,0,1,0.0017669814429963015,0.13724620656680378,0.12190410670181748
database,20,0,0,2,0.07386192690828396,0.3034856128282548,0.41404660386667874
database,5,0,0,6,0.005469670344847187,0.27516950189225986,0.493338509520274
payments,26,0,0,1,0.1334754591132466,0.169375521959917,0.4772731797940547
payments,31,1,0,3,0.026174772959693275,0.23617044124315656,0.3105680845562961
auth,3,0,0,1,0.0509722705566481,0.11212005504944021,0.32376805863614533
auth,22,1,0,1,0.013706269597417954,0.09526744188590541,0.038649702896314336
auth,8,1,0,3,0.08384826905658242,0.10846664876107848,0.0708192498452589
api_gateway,8,2,0,1,0.05508273189569289,0.0743116866862363,0.7673455052417588
database,4,1,0,6,0.0114815731313805,0.32421201706528935,0.3440993148977343
api_gateway,30,2,0,1,0.04612245215110267,0.21816591257171616,0.437382199992568
auth,15,1,0,1,0.053605635432708736,0.06823743314187619,0.3347224826199836
database,16,1,0,6,0.05398956847229277,0.20673493225320913,0.04015840927288889
api_gateway,42,1,0,0,0.003470282326004801,0.19325029651536405,0.4860521571042157
payments,13,3,0,3,0.11620094057726973,0.38465619692612163,0.16890371562876147
database,19,0,0,6,0.07073313401547864,0.16739522268909032,0.47175234915568837
api_gateway,12,2,0,3,0.04145691366091663,0.12438785623713738,0.584234481909491
auth,20,0,0,0,0.02653063701204189,0.10769112890610259,0.3641013877384589
database,25,0,0,3,0.07813204445267742,0.17882104216151676,0.3040152426720067
database,26,0,0,6,0.06366914513417879,0.3332125683874007,0.3292790938357213
api_gateway,8,1,0,1,0.05996289482816442,0.10107705398208475,0.28197967629218046
api_gateway,33,1,0,0,0.05071766443569616,0.04671450390085394,0.6547269003801779
payments,33,3,0,2,0.07917181624434311,0.063965298009651,0.5480192126202291
auth,8,1,0,0,0.0572670583191121,0.22815966063133092,0.04732116417666419
database,5,1,0,6,0.0018555312341474207,0.05277002738388534,0.06636400139889292
payments,39,3,0,0,0.08784815031431988,0.25928367097942234,0.3666456179321623
auth,18,0,0,2,0.08324867746196452,0.16298800811132255,0.14366710312458048
api_gateway,23,0,0,2,0.006516749133173834,0.012793188082989043,0.4289684044140799
api_gateway,36,0,0,1,0.0759729147593306,0.012861504555501724,0.4369383195407033
auth,11,0,0,3,0.03093267742168119,0.28699802652726397,0.038438834454420534
api_gateway,45,1,0,0,0.06990166302185917,0.08441470189420397,0.1305708406962054
api_gateway,46,1,0,3,0.012604070227987627,0.2490241779256118,0.2633365844090781
auth,22,0,0,2,0.07183602189143816,0.29255772332145796,0.26080868765072374
database,27,1,0,1,0.05323092990280256,0.00482569659059282,0.29012299661417024
payments,8,1,0,3,0.05805750179023304,0.14889811807442857,0.2846706893386926
api_gateway,24,2,0,0,0.019653340804766613,0.11793699519956743,0.12910682587511957
database,14,0,0,3,0.054280418146139535,0.3086140697065332,0.21220186975704514
api_gateway,15,1,0,3,0.008916409505271687,0.22140921880089617,0.30723959098547693
api_gateway,46,0,0,1,0.07666103417489094,0.16653809895685195,0.7995999617827262
api_gateway,33,0,0,1,0.07170100750286189,0.08887171886629597,0.35329712530536383
auth,24,1,0,0,0.029665717611806086,0.25810510044256696,0.33532954811469207
payments,29,1,0,3,0.06447468862695038,0.3790931216025222,0.16766358054057598
auth,4,0,0,3,0.09986478849342208,0.0513334000012289,0.08407723244145902
payments,15,3,0,3,0.0674705986056643,0.24170380639477007,0.19604930164178275
database,25,1,0,5,0.011811234228204714,0.05924083347141602,0.08815284785738031
auth,17,0,0,1,0.07644328623701921,0.2803123621147504,0.36678406373450556
database,15,0,0,2,0.07041377445126053,0.0824308165047811,0.3066133312783835
payments,31,2,0,2,0.14839199176595774,0.3091495745527413,0.48678948986068515
payments,35,0,0,3,0.13635083832535544,0.326840853201046,0.23674090552188126
payments,28,2,0,2,0.08862068002768737,0.052129578680931266,0.5107510042424609
payments,17,0,0,4,0.04800893462753737,0.03003745832212559,0.12031959984978255
database,10,0,0,3,0.06327723190949593,0.3207581201362524,0.16323198837822123
database,6,1,0,4,0.04695564519307614,0.18310351475987757,0.20537813837636865
auth,14,1,0,0,0.04232591427658292,0.1517499538969807,0.08590705889460148
database,24,0,0,4,0.03735073773066569,0.07290901717476111,0.4634405696987992
database,10,0,0,5,0.07846459427920044,0.1342905905734486,0.4994389866444129
database,10,0,0,5,0.07456815679794915,0.24335594873855917,0.2462549103555079
payments,9,0,0,1,0.06809382495717896,0.33894202156374675,0.47722254924254004
payments,6,1,0,4,0.0005745435750483862,0.03199299311870192,0.31752500444509757
auth,17,0,0,0,0.09917863552879298,0.17212327276337594,0.03432997192003027
payments,14,3,0,4,0.11919943385968335,0.23320745897765455,0.26107566169559304
payments,33,3,1,1,0.015827046960180162,0.19880945911088266,0.16607108161473846
payments,19,2,0,4,0.0036586489665145104,0.200852656367813,0.28642100301116674
auth,19,1,0,3,0.01539609941044262,0.020787794839992647,0.14908888686426527
database,28,1,0,6,0.02841864256532321,0.09392182353699237,0.3202245460166634
auth,21,0,0,1,0.09927870182635865,0.01403314505703399,0.3606902780625072
payments,8,3,0,2,0.06592616706713277,0.3966376942656667,0.37650891869574565
api_gateway,16,1,0,2,0.005854456994679361,0.11266164783680666,0.21646213862022345
database,5,0,0,6,0.06817878531385019,0.04493836042418287,0.2670174227080864
database,15,1,0,2,0.017645445890955413,0.2261873256511331,0.38047950650888746
auth,24,1,0,2,0.010848125756641569,0.15569863692964947,0.3765862073511199
api_gateway,43,1,0,0,0.0727376754874367,0.14038731665952786,0.3005808992655142
api_gateway,20,2,0,0,0.02778179054923787,0.0032504749532603072,0.5956973953175713
database,6,1,0,3,0.05685003619045647,0.12668914388751099,0.08370137637676396
auth,21,0,0,0,0.054968425585323624,0.030241435460567276,0.2346704134784143
database,18,1,0,5,0.07570375363507531,0.2036574217620717,0.4907241104111345
payments,38,2,0,0,0.14789012529373766,0.05032093453842053,0.48472411173564334
auth,11,1,0,0,0.027687051696515665,0.04452303701479114,0.0727104467938984
auth,23,1,0,3,0.059930038901637256,0.2818300868688562,0.3730870605436458
database,19,0,0,6,0.01417209756048262,0.07201116371613063,0.4189555794969329
database,6,0,0,1,0.06561769581932225,0.16318684474515552,0.3478280388515139
api_gateway,22,1,0,1,0.012647642969484379,0.059557373344397924,0.6472445792553753
auth,21,0,0,0,0.08561495725959416,0.26314761248101587,0.3746695521582869
database,24,0,0,2,0.03373232054574708,0.21833233079893768,0.456655385751372
auth,11,0,0,3,0.04983518913104606,0.24941288511431114,0.10147112811505526
payments,14,1,0,2,0.07245211692659256,0.10836368929874847,0.5138327951905656
database,25,1,0,1,0.011994455163200853,0.21226724658366064,0.47088271967327855
auth,22,1,0,1,0.016962409303157244,0.185116273831263,0.16301046152528434
database,24,1,0,5,0.05540701117373055,0.21390407157920518,0.23726088446516755
database,13,1,0,5,0.025044534977311177,0.10005374247619708,0.25858094754633526
auth,8,1,0,3,0.07590909613960271,0.14405203255787685,0.21445466593416723
auth,18,1,0,0,0.0783960787061018,0.02482425116696142,0.2055365818868555
api_gateway,15,0,0,0,0.06174050913815989,0.04677270393240068,0.6922237800428509
database,19,0,0,6,0.06727588158438572,0.23433049766070424,0.45198848035356365
payments,13,3,0,5,0.059441589373755085,0.21660251284899515,0.14343767114364098
auth,9,1,0,3,0.07356975053062538,0.10848490238454972,0.059003717978995646
payments,10,2,0,3,0.024609538239800277,0.20926325992705666,0.43776898724483293
api_gateway,30,1,0,2,0.0018477698645302976,0.03372907215340826,0.4369248830703276
payments,27,1,0,5,0.08176251192898353,0.20128768287318485,0.3459437485807298
api_gateway,22,1,0,2,0.04521979607707988,0.05635761764791272,0.5339834895691752
payments,6,2,0,3,0.10975579090847273,0.38024470989715614,0.30732845249866236
payments,38,3,0,0,0.07457509210765285,0.3260720927879557,0.1504646768713575
auth,11,0,0,1,0.02299896132914453,0.23188006210792667,0.2740223832278833
api_gateway,12,2,0,2,0.04712358703853628,0.1129466374401997,0.7894169015250934
auth,9,0,0,0,0.07889771878522939,0.29073495928222154,0.21612090789477922
api_gateway,25,1,0,2,0.041452983010778204,0.16924154568221025,0.7147671825112561
auth,20,0,0,1,0.06611908997319381,0.07781399856635418,0.14605453639499738
database,8,0,0,1,0.07358728191909411,0.04698121908601349,0.20819874524842394
payments,32,0,0,4,0.014258480524884664,0.2645061225060366,0.07318272932961381
payments,30,1,0,5,0.031030781313343168,0.2899483414319522,0.08051616813735085
database,21,1,0,6,0.020656351426964,0.3144481350024925,0.3752060041167586
api_gateway,23,2,0,3,0.027933687842508697,0.11475431318703189,0.6047864632323396
auth,16,1,0,2,0.08977052264725804,0.055532619128353576,0.3957461358734363
payments,11,1,0,0,0.02523548686627378,0.37638631513711757,0.18753121718058424
payments,22,0,0,4,0.07391720187974335,0.22602951659204212,0.45188878639958735
api_gateway,16,1,0,2,0.058517532921146434,0.07007488340974921,0.2544783927703599
database,19,1,0,1,0.04309053180258432,0.10194136381142939,0.19819547226822126
payments,29,1,0,2,0.007044663361150094,0.37170439007915684,0.22600604408588487
database,29,0,0,6,0.03350957757817764,0.07296547261525052,0.11279939751274706
auth,19,0,0,0,0.0370923425109065,0.1969411181660828,0.2948717311257969
api_gateway,8,1,0,1,0.043344985168384,0.22986997436795092,0.6676807017134004
auth,12,0,0,0,0.03170824173929506,0.017971410301009128,0.0858570474582091
api_gateway,19,0,0,2,0.07514868536243395,0.1881238711329215,0.7202753793878565
database,23,1,0,2,0.034911460754387356,0.2944561023520576,0.41805096798224695
auth,3,0,0,0,0.07291032835948762,0.05775566154593939,0.22790516172300826
auth,10,0,0,2,0.03163339091885522,0.1940897052063926,0.250336559655858
api_gateway,33,0,0,0,0.05216680405533691,0.22776769716242484,0.6531032479890665
api_gateway,27,1,0,2,0.07509603549515076,0.016435257109805063,0.11656668954261917
payments,32,1,0,5,0.1312120610233462,0.18870252375634974,0.09677399171833911
api_gateway,25,1,0,2,0.05026832142962097,0.21001080338195593,0.1285996812944707
api_gateway,14,0,0,3,8.86418726148186e-05,0.14634101077220776,0.4653561274072089
auth,13,1,0,0,0.07507896749485082,0.010625691984259122,0.1810648998925829
auth,16,0,0,2,0.09666726667052931,0.11397155658546786,0.15470542474061363
api_gateway,8,0,0,2,0.07944928639291444,0.005284935262201501,0.43744486680639927
payments,6,2,0,0,0.12773057578468885,0.07338315390354602,0.42406033413830246
payments,20,2,0,3,0.017064293820682412,0.01181678744459731,0.18457740346779988
auth,5,0,0,1,0.06079882311965377,0.22726103603916875,0.15566876953664546
database,23,0,0,5,0.0642141483710056,0.014151933430305018,0.3693752880730107
auth,23,0,0,1,0.07545395326953876,0.05747848490532691,0.30170036599314964
api_gateway,9,2,0,3,0.02268391561331395,0.2437000715450579,0.20500723724046133
api_gateway,40,1,0,3,0.062124744808875663,0.059002148582095404,0.6711211514952908
api_gateway,40,1,0,2,0.02698771595417104,0.12142459700121766,0.2828017333777863
auth,22,1,0,2,0.0814768681347025,0.18720853115184413,0.35711848849083816
auth,6,1,0,3,0.007090792233184174,0.09212472392500234,0.13284451813846443
api_gateway,33,2,0,2,0.07428939775915534,0.05506814179121519,0.1787956310503815
api_gateway,31,0,0,0,0.057087999392382835,0.03821136605047312,0.2194030119727509
payments,10,3,0,1,0.09790921856658362,0.29688040364845303,0.31413019240906465
api_gateway,45,2,0,3,0.04123643593575285,0.07462018229037337,0.45035846610225727
database,19,0,0,4,0.006333360038028966,0.17732723458754676,0.31924755509989555
database,25,1,0,4,0.05705231871143929,0.014690748896682987,0.20992426273646947
database,15,1,0,1,0.07549045253068677,0.11302289631873591,0.30400459236003885
api_gateway,19,1,0,0,0.06108992394893615,0.12615899886711976,0.47104969124692964
database,13,1,0,0,0.025235557286551826,0.2593200614330133,0.1805075857431128
auth,21,0,0,3,0.010401029772814076,0.1120853316930924,0.25241788167419943
payments,30,2,0,0,0.09753826066404923,0.15090079428627817,0.22680436287129246
api_gateway,39,1,0,2,0.007913878459707107,0.12181531749612229,0.7502708015843002
api_gateway,26,0,0,1,0.003804631990777381,0.10131763591004114,0.32117209369027255
database,29,1,0,1,0.04847890162120458,0.2535145902849074,0.4965262273377283
payments,27,1,0,5,0.0019515320138809077,0.3751547904379534,0.45045747080225823
database,10,1,0,0,0.05441763230869114,0.18078876385770998,0.4931778922837064
auth,24,1,0,3,0.07575269941328445,0.2126115601647009,0.18741617312417228
payments,22,1,0,3,0.07233378455059898,0.033549495420804834,0.32172357681465324
database,20,1,0,6,0.06079714066441988,0.23015366038116508,0.05905837321908085
payments,37,2,0,5,0.04825295530519641,0.013670235616434968,0.2630101455214314
payments,28,1,0,3,0.07444426882509596,0.35056837744179714,0.20062950083795406
auth,22,0,0,3,0.06650481123825601,0.21746115171421998,0.10845604401139505
api_gateway,26,0,0,1,0.06977833357873169,0.2130832548114193,0.7394404070107691
api_gateway,27,1,0,3,0.015469981819509293,0.004121450513333874,0.1408967393962284
database,9,1,0,3,0.023347001876837227,0.1325477680617699,0.3246904263236985
auth,3,1,0,3,0.09662762518973961,0.055469218566959806,0.1553718920857177
auth,17,0,0,3,0.06334320312819601,0.19408183472419155,0.3830505702238707
payments,14,3,0,4,0.09921993079854778,0.027118558331245036,0.4142022371415084
payments,18,1,0,4,0.1015610568987672,0.20128376670061723,0.16587421853015955
payments,5,3,0,0,0.08258179509299933,0.2672722647831621,0.2394410586356805
auth,18,0,0,3,0.04496616631129226,0.011394666288058563,0.3674511948870085
payments,39,0,0,5,0.020455665754418755,0.13282955632952817,0.48571936823544337
api_gateway,21,2,0,2,0.015162705939787404,0.06175340998894019,0.37816448140805814
auth,4,0,0,1,0.059696028684552795,0.03992599175183922,0.03274551391584057
payments,24,2,0,1,0.07502969032841779,0.33788366683034504,0.11935648279307512
api_gateway,21,0,0,1,0.03804909690013462,0.11128723912514613,0.765342717082779
auth,12,1,0,2,0.07981250480064295,0.14840048466820302,0.07802805670637537
database,8,1,0,4,0.0675878565014895,0.21227530205354608,0.46646943194297
database,20,1,0,1,0.052420900984060735,0.04403045220002572,0.2989156034429957
database,29,0,0,4,0.05314412802079429,0.12776794427589677,0.287126678217948
payments,17,2,0,3,0.06180266084274846,0.26968785297895875,0.3552954307907081
payments,10,0,0,4,0.09590622008141632,0.11567726078634788,0.25021510806801145
payments,17,2,0,0,0.013351460234401324,0.16428016023461725,0.11689258987405182
database,16,1,0,0,0.03935268117318939,0.02719936170123433,0.30718283925588374
payments,19,3,0,3,0.12927657349422447,0.021573033136348486,0.33965324493885857
payments,31,1,0,1,0.14403995377381,0.36150690455964263,0.4077010582724951
database,19,0,0,6,0.06530705495233952,0.053702960223171115,0.21350288637613504
api_gateway,34,2,0,2,0.07775592300705719,0.18688515765777336,0.38822230234053845
api_gateway,27,0,0,0,0.004616858711160896,0.0793369747049591,0.5958726769054994
database,7,0,0,4,0.048055111348766645,0.29739242865859117,0.47399192856874295
auth,17,0,0,1,0.05738627739626502,0.17875981605857896,0.34321222679457764
database,4,0,0,0,0.05458259236816883,0.24982665767206394,0.19065023161409422
database,29,0,0,0,0.07186627487390825,0.2662946483415646,0.10076004080220508
auth,21,0,0,1,0.03346650099845449,0.02030254896767999,0.2534412610535657
payments,7,1,0,2,0.02837080444901101,0.1350843098896898,0.5103083814501106
payments,36,0,0,3,0.06371912719971176,0.01918309297479506,0.5041192952887129
database,20,1,0,1,0.004915833283540714,0.33389149992818995,0.254738830427367
database,19,1,0,3,0.03487679913030113,0.21967148774860376,0.14265255506534624
payments,21,3,0,2,0.018763336475460527,0.22273776525382505,0.42192855427226256
auth,24,1,0,0,0.07212540974297396,0.17674194476331706,0.09251305468765858
payments,24,2,0,4,0.10392017979448631,0.08771811300193227,0.5081813176953175
database,24,0,0,0,0.07849439625511805,0.061785186418434175,0.2857028448027131
auth,18,1,0,1,0.04794462287370058,0.12566119867381415,0.09643123219384175
api_gateway,22,2,0,3,0.07935726594829019,0.1288991990143277,0.4379405930204795
payments,25,2,0,4,0.03849925348438716,0.15734113549910475,0.4746838776441055
payments,5,1,0,2,0.12358445724369964,0.11277475373670338,0.519157457443359
api_gateway,10,0,0,0,0.026904234590052322,0.045140080975235364,0.11979995987544007
payments,28,1,0,4,0.13073277846873715,0.11197493187676266,0.2229621497265808
database,7,0,0,5,0.06520147982962006,0.036147189848379335,0.14050256052648624
payments,5,3,0,4,0.09809913321303725,0.15961618081932163,0.5477112343399984
api_gateway,30,2,0,0,0.06261540397540304,0.09720980828067369,0.13234780466233825
auth,4,1,0,0,0.09015856262098629,0.016095649202907226,0.21902782304312568
api_gateway,28,2,0,0,0.03990147224341142,0.011727395436469168,0.3019680143638074
payments,37,3,0,5,0.10095122494330154,0.3454308012556584,0.22107293778134113
auth,21,1,0,0,0.09039761718765772,0.0874401072292011,0.34473185858103683
auth,9,0,0,2,0.08883636828012642,0.17164132414960603,0.1183467530782372
payments,11,0,0,1,0.0076836444606469875,0.06306441071876319,0.3961452184459161
api_gateway,23,0,0,3,0.052756228899556536,0.11017420296538025,0.1767947228799509
database,6,1,0,4,0.007661228808519587,0.1884192095836549,0.40107664068473453
auth,21,0,0,1,0.05880927915139572,0.19432672838580126,0.07128052718238602
payments,17,2,0,1,0.011804786506126418,0.2551288717037641,0.2109370000829059
database,18,1,0,6,0.07810503200885119,0.13557690433747294,0.22623818714009575
database,12,0,0,4,0.048996115876586005,0.06546580728447486,0.27451171719000017
api_gateway,18,0,0,0,0.05246447856136247,0.2393587257013646,0.6325499817476867
payments,35,2,0,2,0.024707662041447136,0.15055501509379013,0.1982589312888527
database,18,0,0,3,0.07125199131236776,0.3194584657008709,0.1205509538751745
payments,32,1,0,3,0.058415202011650985,0.2772838168875471,0.05397097085204477
auth,4,1,0,2,0.025137400729041384,0.04954461363299232,0.15676620707074515
auth,23,1,0,2,0.04116507968016314,0.17908541887854473,0.2374212861618782
auth,10,0,0,0,0.019776762761751845,0.2137182905858964,0.2757606497431865
api_gateway,45,0,0,2,0.05548716723215076,0.21802405440657002,0.22269408113950073
auth,22,1,0,0,0.05892009067638531,0.07578583818053239,0.04633773817134054
auth,3,1,0,0,0.09062657925730495,0.26237385491620274,0.3699428811668637
api_gateway,23,1,0,3,0.0523248985537139,0.05235994352195453,0.19158381470542818
api_gateway,27,0,0,3,0.048289961708049306,0.19996804153402553,0.14236869165165783
database,7,1,0,3,0.06232571588790207,0.1729301151309064,0.492552717696387
payments,9,3,0,2,0.005819918209333119,0.36543120456107797,0.3431668088185405
auth,8,1,0,2,0.05460913252963926,0.01997158419073053,0.26548107749218774
database,27,0,0,5,0.0759024619599349,0.33333831092238303,0.13961169569453238
auth,11,1,0,0,0.06830498980295634,0.23968875757709135,0.10195842537027032
database,4,0,0,6,0.01606181186835401,0.29162469635978117,0.34734919877345566
database,18,1,0,6,0.07611175650087343,0.19613169305872627,0.27461389604949715
api_gateway,40,2,0,0,0.05973287269717913,0.0672937644343049,0.5390112577478401
payments,5,3,0,3,0.1372708230607344,0.23847306776095076,0.33208543138026553
payments,18,0,0,0,0.11194707188536152,0.02053374852947103,0.20766258664598897
database,11,1,0,1,0.06167704195883016,0.20918922588681463,0.204838933989515
api_gateway,38,2,0,1,0.07748465104559554,0.050866503359908805,0.11118486041826936
payments,12,3,0,4,0.09717555579123398,0.11113315982586172,0.5026655698376704
api_gateway,15,2,0,1,0.03856145262897488,0.1962661995373058,0.7938887291995825
database,19,1,0,0,0.021164730239646802,0.30880186363296824,0.46685892390021944
payments,26,1,0,5,0.005788734290720077,0.09361127012274983,0.5525981390849168
database,16,1,0,5,0.04354080174475863,0.03596440481220622,0.38688749405734796
payments,30,1,0,3,0.14022330606657019,0.25497815148716085,0.5332836711043417
auth,22,1,0,2,0.03203619704923062,0.27653932695105266,0.31527275228565754
payments,39,3,0,4,0.03228657307514305,0.2782710652861356,0.508694919154503
payments,33,0,0,0,0.10853018599966328,0.346776417132205,0.3128323924175018
database,23,1,0,0,0.010996755126830111,0.031306886948696024,0.4421202097601019
api_gateway,22,1,0,3,0.07615511149540079,0.061359422298033844,0.40863176735496964
payments,24,3,0,0,0.14988109484151613,0.08395713692199887,0.23649818729447397
auth,15,0,0,3,0.03206647262228499,0.08422558522390235,0.3828160184864364
auth,10,0,0,0,0.07041223542324347,0.09018807196159456,0.12084143448073008
database,19,0,0,2,0.0699275616111472,0.3168287232354791,0.4694533190795569
auth,7,1,0,2,0.023005436774689705,0.11039547208131237,0.30247425735728617
payments,11,2,0,0,0.055008286289069855,0.3591183225568104,0.19321854730978938
auth,13,0,0,2,0.06717727263622299,0.08145497331992141,0.38986920139250003
auth,12,0,0,2,0.03359636485536521,0.03446492732363667,0.29674504288650716
payments,31,2,0,2,0.10159510295034892,0.34059377972559757,0.4363178783972347
payments,21,1,0,2,0.13302473092034386,0.3421632648417152,0.44490341555920626
database,21,0,0,2,0.07885278780465907,0.21869443540409772,0.09417059672860664
payments,38,0,0,2,0.003155535369070295,0.0827348442466434,0.4677590086526495
api_gateway,10,2,0,3,0.03385550452028105,0.20040681534283247,0.30453378523245345
payments,38,0,0,3,0.059578032947569325,0.0417485832331316,0.5834014318825722
payments,13,2,0,1,0.0654105720328969,0.05213628942762876,0.4795196504227679
auth,24,1,0,2,0.0871636770520055,0.2145515857828742,0.305946388043424
database,15,1,0,6,0.01646164175634971,0.09741703141215277,0.053634433419792515
database,10,1,0,2,0.03092401477799508,0.126864958826202,0.15175792007950029
api_gateway,36,0,0,3,0.05263681471066511,0.22171948232458338,0.14923213437120214
auth,8,0,0,2,0.07139554232420517,0.11180282864875137,0.21073370843247605
payments,30,3,0,2,0.13406612816429173,0.06648021472349819,0.507724180927148
payments,34,2,0,5,0.03812209201917216,0.30157507377656967,0.09001930693179491
api_gateway,48,2,0,3,0.036135437258318505,0.1473134914162305,0.7353384764082104
database,10,1,0,6,0.027266981948023742,0.31139859571654704,0.3416805276063477
api_gateway,35,1,0,1,0.06130166507687099,0.036918779652344386,0.24193070393543367
api_gateway,15,2,0,1,0.07869631822667604,0.04364983270467304,0.6670740241460468
database,16,0,0,5,0.028310432517088806,0.2487347096644449,0.4088934550511462
database,19,1,0,5,0.06240208516591117,0.0729991599151249,0.35494896439082724
auth,4,1,0,3,0.050041949583508175,0.13621957689960362,0.1974452249209701
payments,37,2,0,1,0.059957932646164135,0.20780074190599246,0.3380198199994418
auth,5,0,0,1,0.007153882189037642,0.11554222089347385,0.1470955767060076
auth,19,1,0,3,0.011429468114238351,0.23473182284966246,0.14836804500191153
database,16,0,0,5,0.056774585844584904,0.10076177093332436,0.12480876671890948
auth,10,1,0,3,0.00835822220003557,0.23540279421866325,0.2281417948504653
api_gateway,8,1,0,0,0.040077821931224826,0.03455007333700244,0.7305756290287779
api_gateway,48,2,0,2,0.015801393080778565,0.060230915236885035,0.5784708627744755
auth,4,1,0,1,0.05002645074774619,0.20828313512389174,0.03563011598566156
api_gateway,48,0,0,1,0.04393899806417604,0.032387740260810066,0.24009628604822686
database,15,1,0,1,0.04333672198991352,0.10516470808486844,0.20004806728137756
payments,9,0,0,0,0.13796888576691543,0.2840693066360643,0.3503543444018099
database,18,1,0,3,0.012533751566678478,0.17821763661027482,0.2989164589494159
payments,5,0,0,5,0.1397597137130737,0.27588061394474744,0.43199808572050064
api_gateway,37,0,0,3,0.03350974713788503,0.11956598700811355,0.30976754857801014
api_gateway,34,2,0,1,0.03837306840284569,0.001963049012345619,0.7188852004096922
auth,9,0,0,2,0.09601884300099253,0.10139880939357687,0.1709998851376531
payments,23,1,0,1,0.06095496079161922,0.07199984664427475,0.20990912623987062
api_gateway,8,1,0,3,0.0482636790942704,0.03174601476470226,0.6732337448853598
api_gateway,45,2,0,3,0.05811317490448523,0.057189382250976695,0.7382333882128466
database,7,0,0,6,0.008712642676039063,0.2608318485699462,0.3374260090105957
payments,19,1,0,1,0.05461815852622581,0.3773712429061142,0.41538936030559287
api_gateway,27,0,0,2,0.008790520998615197,0.2239815794637556,0.514365758351224
api_gateway,33,0,0,2,0.06690753320973869,0.12995208955490203,0.37460244742933013
database,18,1,0,6,0.07276996235297452,0.26228957801441977,0.39058456309715817
payments,16,0,1,1,0.13749646540408741,0.020341587533495933,0.4239102178667461
auth,6,1,0,2,0.00044016090037862776,0.1937072005348615,0.30009937506628903
database,29,1,0,1,0.07778709426751046,0.24845850631303448,0.08058731894626897
payments,11,3,0,5,0.04028983993718962,0.2636622178400538,0.4720030655795065
api_gateway,34,1,0,2,0.06705419342656409,0.014375465471022225,0.11671993290047529
auth,17,0,0,1,0.06826418014450607,0.1702019788706807,0.25981536307736974
payments,12,0,0,3,0.01364031748695617,0.17318921993588254,0.5740421165370453
database,27,0,0,6,0.0029569880176448307,0.19470635151420732,0.33588029413582665
auth,3,0,0,0,0.02400384187641498,0.2505378490029612,0.11976459627277732
api_gateway,20,2,0,1,0.04210019254116623,0.2443094310836091,0.1971880320013991
database,18,0,0,0,0.058307921549168897,0.2907331401882044,0.41650933723982486
payments,30,3,0,5,0.04747031760922479,0.049164473016898,0.37775974666420353
payments,29,1,1,1,0.10104147479950426,0.06341446339996941,0.39857847174878774
auth,8,1,0,2,0.06436413728787263,0.268799685504274,0.32411068739140403
api_gateway,23,1,0,0,0.07890387530371051,0.052633352727190746,0.2768464916678762
payments,27,2,0,3,0.0071123454210127385,0.13510239485289163,0.48848176626254003
auth,4,0,0,3,0.08894899903995301,0.013457500855615744,0.12497554933044336
database,8,0,0,5,0.003231119272999665,0.17550307607393129,0.05897737376696005
auth,12,0,0,3,0.012223419285452609,0.23172231663697251,0.15674060129395984
auth,16,1,0,0,0.08045587144686302,0.2105264316775495,0.39122049216170474
payments,31,2,0,2,0.005673020482805297,0.31395319335511773,0.14742450013615138
auth,6,0,0,2,0.014386574280684385,0.2237750813995669,0.2456059197892182
database,17,1,0,1,0.04513852502860573,0.2289115524435509,0.34306773398413076
database,4,1,0,1,0.056309882647595975,0.2530531412500358,0.4615190926536845
database,7,0,0,0,0.05135100028343025,0.2555276592732556,0.18724589274261622
auth,3,0,0,2,0.07842947047887265,0.17968999089716264,0.20308221507484037
payments,39,0,0,4,0.09230217609428613,0.1775134317129343,0.38507246452314503
auth,3,0,0,3,0.04895395420941543,0.14279279059792382,0.15123236107100785
auth,8,1,0,1,0.03955221362514192,0.2869526238704235,0.16852163034440892
database,17,0,0,2,0.0204751166141301,0.27100195163340607,0.09208054565088632
database,7,0,0,5,0.03727790610778026,0.00503957038648683,0.07629953437138112
api_gateway,49,0,0,2,0.07375093060064754,0.09451440711916345,0.40126444264358807
database,5,0,0,1,0.03146189261271913,0.3382685806628603,0.16035773594926003
payments,24,3,0,1,0.048837169877851715,0.04228982417245395,0.4436220640674172
auth,16,0,0,0,0.02229774747876814,0.19141446034410328,0.03508521883565416
auth,24,0,0,3,0.053762460074735466,0.11638052270366078,0.1088554360390566
auth,12,1,0,2,0.05654721315502503,0.017445908396955034,0.23633860473994966
api_gateway,49,0,0,0,0.03169671810393141,0.07843243719116677,0.14701630887585393
auth,16,0,0,0,0.071983846135049,0.11137048034223584,0.29845912301242106
api_gateway,45,0,0,0,0.05865457024977422,0.24774126591063575,0.6673299374209098
database,12,0,0,1,0.011724960225149177,0.11149324812608599,0.21650996284780194
payments,28,3,0,4,0.02024677291074631,0.06230064914621192,0.2953628689188532
auth,22,1,0,2,0.06431614511633417,0.23714770687449915,0.1759566531633839
database,11,1,0,4,0.06878998000562148,0.1593786965629183,0.25801677729067685
database,7,1,0,1,0.04860214897402708,0.11858364708073708,0.4449676283813034
database,16,1,0,6,0.05868899222653338,0.024682718826012598,0.35415718390931766
api_gateway,35,2,0,1,0.04269774824477257,0.2051994041035072,0.4006684059330561
api_gateway,23,0,0,1,0.026663009078594417,0.043194037423478604,0.5345594597074556
payments,13,1,0,2,0.028294836963611222,0.04276794575192855,0.5235117654182827
payments,14,3,0,4,0.1354910433358371,0.2894322801759924,0.11389942625654001
payments,9,1,0,4,0.01200951037934484,0.12372968974328918,0.06449103270665468
database,16,1,0,1,0.07284418006572772,0.03287128527417717,0.3565950759332775
api_gateway,12,0,0,3,0.0254488591546271,0.020260935952362946,0.7624879415154375
api_gateway,29,0,0,0,0.011977832182139592,0.06845711683296932,0.5860696150480408
database,4,1,0,1,0.042756919579344646,0.2194247589196214,0.4438197431788359
auth,21,1,0,0,0.029709096878032082,0.2173070804489507,0.21833170997796214
auth,15,1,0,3,0.024054884821458702,0.049665953932408156,0.14568514103798685
payments,24,1,0,1,0.03445744255248476,0.1460334693137603,0.3329107855810611
auth,10,0,0,3,0.09882471556902454,0.09149865549080573,0.28965703508039464
api_gateway,8,2,0,3,0.07104034937578461,0.19557248874003033,0.6726058580625968
api_gateway,10,1,0,0,0.0583311159756198,0.1029927156893787,0.38427370042577536
api_gateway,21,2,0,0,0.0421987873028495,0.1244627248047524,0.6507012016473585
api_gateway,33,0,0,3,0.06766620427122337,0.14859229312766403,0.16297213321735604
database,29,0,0,6,0.06376840178672748,0.01317576439086706,0.2788171368868986
payments,24,2,0,2,0.14526286957506118,0.12690208657988,0.08979168044361704
database,14,0,0,4,0.05367446343632873,0.17039700128621565,0.07377265907892891
api_gateway,49,1,0,1,0.03166728843663674,0.11619724063206768,0.6986158661659735
auth,18,1,0,2,0.012104877617233868,0.013533298656118164,0.1067861501027368
database,15,1,0,6,0.014572652886322368,0.12385847297387567,0.25150502567824334
database,18,1,0,1,0.06075160734375732,0.19540491857995657,0.10782076070836483
database,29,0,0,2,0.03436363589748823,0.24963370320706993,0.10897300824688391
payments,10,2,0,4,0.0367918957461551,0.3930752958365303,0.06375226206782567
auth,12,0,0,1,0.07307623018532994,0.07019894363718833,0.335855744675272
payments,15,0,0,0,0.05892586147221035,0.16719968676814065,0.07127672704145535
database,10,0,0,0,0.012467118784329472,0.01050367072094941,0.1722036657269507
auth,11,1,0,1,0.07329326220175225,0.08684090660176086,0.17560018468553967
payments,30,1,0,1,0.10461474258557887,0.3493565831636878,0.3967205093197997
api_gateway,8,2,0,1,0.021433985211242304,0.24823613005787787,0.3007584790986069
database,11,1,0,4,0.006166562108853952,0.10746467392147388,0.07672960508328754
auth,4,0,0,2,0.026244806696384015,0.16064991462671208,0.07046095534134
payments,31,3,0,3,0.05752216838625637,0.39879620112502046,0.5071199691947601
api_gateway,27,0,0,1,0.007644829839634628,0.0744200859194562,0.38324008133408094
database,27,0,0,1,0.07320627214536134,0.08929072762391532,0.4986731169875667
auth,24,1,0,2,0.05426592821365677,0.17277314022521892,0.1572407220033756
api_gateway,26,0,0,1,0.06939601531956385,0.1630607952496319,0.5237180712184053
api_gateway,32,2,0,3,0.04818667710514651,0.17120552704687894,0.4711207638856627
payments,16,0,0,4,0.04808513790247485,0.08141420899272195,0.34635065198731796
auth,3,0,0,0,0.06819051664607716,0.23154546363079223,0.21715781674145623
auth,21,1,0,1,0.06615767405740584,0.15334817881239504,0.2756392392007085
auth,8,1,0,0,0.06094615860107644,0.084620287363283,0.36757934708036577
payments,28,2,0,1,0.1240301770760043,0.13422288067866286,0.27523516415329263
api_gateway,44,2,0,3,0.03595502459240246,0.016839054110056206,0.11885005286414371
auth,23,0,0,2,0.09855193569028654,0.12026799547998795,0.2996820084459504
database,21,1,0,3,0.06169453568945825,0.1174051922750827,0.4814515276718577
auth,15,0,0,0,0.04984418404349944,0.22300837514637725,0.30920096346638315
api_gateway,40,1,0,0,0.058123348109590404,0.0577329300028489,0.3079902150610776
payments,27,2,0,4,0.002712163830852815,0.24909651055099102,0.2715892684261469
auth,5,1,0,1,0.043539763021159965,0.057744230331126495,0.05130897663744398
payments,6,1,0,4,0.07849293739503747,0.1806188091269698,0.2720661357630906
api_gateway,44,2,0,1,0.008375398618243936,0.14780341478409317,0.7411743561329861
payments,20,0,0,5,0.01814409933577385,0.03022179750510783,0.5546385999766914
auth,23,0,0,3,0.059247464756361494,0.012050344185174366,0.15376253358427389
payments,25,3,0,5,0.08447465826809324,0.39283095145425234,0.1654625074204164
database,15,0,0,6,0.019942229309310566,0.22440694704581196,0.20885697185267035
payments,39,1,0,4,0.045249336244672325,0.0038155816102179775,0.39421566632783545
api_gateway,46,0,0,2,0.025269793881801127,0.17749713654214203,0.5898767251458511
auth,19,0,0,3,0.04314057036697854,0.04490325167113463,0.3849540122650499
api_gateway,34,1,0,2,0.0501513717521159,0.0746948049279228,0.35145165615777607
database,7,0,0,2,0.06522796586083444,0.02043733314850389,0.1979097779081169
payments,9,0,0,0,0.04804481137451137,0.17661891555193218,0.546595556139854
api_gateway,31,2,0,0,0.025748810545875012,0.02915762049753426,0.2766949447981709
api_gateway,14,2,0,0,0.048539332124507596,0.15096773865542826,0.505729376338862
database,26,1,0,2,0.07225471319305118,0.0901374075842042,0.18405744333806387
database,16,0,0,4,0.005359167401010394,0.2515099352835048,0.15095123900877422
api_gateway,35,1,0,3,0.024135411560656267,0.13429720989149665,0.10830614168389142
database,23,1,0,4,0.017334576091679415,0.3469193036117165,0.09488348021780509
payments,27,3,0,5,0.05760286109474372,0.16115601242001945,0.2750290833546922
auth,16,0,0,1,0.019323599148486716,0.08847784015359379,0.1381069697846663
api_gateway,49,0,0,3,0.048355965027101114,0.20552596296771117,0.7633892202111213
api_gateway,16,2,0,3,0.07372268915505498,0.15834703936164013,0.64412752225293
auth,12,1,0,1,0.06220595092821081,0.19282381039008387,0.29122089153986075
payments,21,3,0,5,0.0426432433643189,0.28408393932650594,0.051350022544114325
auth,13,1,0,0,0.012376066608401105,0.0799400823627608,0.22618104769376768
payments,26,1,0,4,0.07902257490756201,0.19064818252421617,0.10332326594469309
payments,7,0,0,2,0.030023131687405023,0.21230024095525693,0.27163504006786676
database,13,0,0,2,0.02619896070985047,0.11502059041042591,0.3469152453099128
database,22,0,0,4,0.040017982474843665,0.13290452405767098,0.3632552402084105
api_gateway,35,0,0,2,0.017202822936379498,0.1684462214112357,0.36585495736398976
payments,21,2,0,2,0.14186647458695206,0.16196432570793762,0.4718568914894231
payments,16,0,0,4,0.08319307368167174,0.36382217137488104,0.4616179959153586
auth,17,0,0,3,0.009291166132970331,0.15811319904860432,0.04233716820781461
auth,8,1,0,1,0.026282302621238873,0.11106884574749205,0.15514011135752706
payments,22,3,0,3,0.1116628880719989,0.37549995531193314,0.07061837627831263
auth,18,0,0,1,0.029771984805851692,0.06532878556470534,0.12665665437676524
api_gateway,45,0,0,3,0.056547660555641255,0.010088804981412847,0.35022871426169266
api_gateway,39,1,0,2,0.015917817485999713,0.24616217180838845,0.18777795492720045
api_gateway,8,0,0,0,0.040560674316903134,0.21037525501781476,0.39336285782563996
auth,20,1,0,0,0.040997972588656686,0.12404738744810404,0.10345561544260322
api_gateway,28,1,0,3,0.006588210051352803,0.05907529892128227,0.6735931789240746
auth,9,1,0,3,0.08155869805157687,0.2045044770337251,0.0675210141078864
auth,14,0,0,1,0.06967136003530283,0.20554836018425585,0.1229880183917367
auth,8,1,0,1,0.02604875790573491,0.1890716437148713,0.14243840014920406
payments,14,3,0,4,0.14484797621496184,0.05925356880655324,0.561809114869565
payments,6,3,0,2,0.06326613629041888,0.37734291948395265,0.22182324372379747
payments,23,1,0,4,0.025042526855170378,0.34145197141118283,0.3092524605951486
api_gateway,13,2,0,0,0.022848347628773844,0.02555058638632715,0.29837524225696127
payments,11,2,0,4,0.003457063260991111,0.11899706799706729,0.4996240410891166
api_gateway,12,1,0,1,0.0702369839098833,0.03252830247377056,0.18888110565905936
auth,24,0,0,1,0.06738653939196881,0.1498186797513197,0.19373876983759858
api_gateway,26,1,0,2,0.02012274979131026,0.13040325526022287,0.752070974929047
auth,18,0,0,3,0.0679551862285185,0.29178832241892566,0.3826899312872889
api_gateway,25,0,0,2,0.044758164463892705,0.20734998188125783,0.45621050584993195
payments,21,1,0,3,0.1305295035738363,0.3028602321229757,0.4946531592124315
api_gateway,20,0,0,2,0.03195834216802605,0.09811619572820504,0.4657146217900765
api_gateway,14,0,0,0,0.03486769317201799,0.14203514920801036,0.50215868363044
payments,8,3,0,0,0.10247633448597271,0.11517363763728761,0.20042657620633886
payments,30,3,0,0,0.05546067163090331,0.022736228284955386,0.0631787618183484
database,11,1,0,0,0.02774894965178273,0.04525372990997509,0.1375800648985155
payments,8,0,1,3,0.015919502896352914,0.21533054880396485,0.35460700372730286
api_gateway,38,1,0,3,0.002413615444559225,0.24692743072899578,0.550531689841147
database,8,0,0,3,0.0781890326326909,0.2661859777394304,0.2549262382653745
database,11,0,0,5,0.0791751772953176,0.3324737398410656,0.09983752307023608
database,8,1,0,2,0.04640198418535758,0.21054377737523128,0.05107572743018762
auth,19,1,0,2,0.018027153601837608,0.017588867729584633,0.17961919426501086
api_gateway,33,0,0,1,0.011266234214983442,0.09422310436980302,0.5356340351871488
payments,27,3,0,5,0.08071419961816668,0.321230256935098,0.09895174789047381
api_gateway,17,1,0,3,0.03470276570127782,0.07298643100057509,0.7605751519800925
database,10,0,0,3,0.0331253733261469,0.01491465092979054,0.200646853818203
payments,20,1,0,3,0.1400119690535182,0.11946886295501989,0.342661123610352
payments,20,1,0,0,0.06764797539725155,0.30563720008519263,0.44954274695907914
payments,19,0,0,1,0.12291417805055475,0.13389413063171163,0.17703149151881736
database,25,1,0,6,0.0065491523195876505,0.13400197884323,0.4165628732089754
auth,18,1,0,2,0.07287092484753525,0.09959501836298652,0.303934891697755
auth,4,0,0,0,0.037749770913752256,0.2549406782407061,0.19846094366651706
auth,4,0,0,3,0.03256464921874532,0.2926471494993167,0.054412934152998874
auth,4,0,0,0,0.007331645212076543,0.14734595229313513,0.21257342920814937
api_gateway,13,1,0,3,0.02058353100976838,0.12376454571512982,0.4433761360136883
api_gateway,16,1,0,3,0.06498655080187173,0.16409402734996364,0.7964706842019856
database,24,1,0,5,0.0028272835687780606,0.31174640958507244,0.2114197127093181
database,6,0,0,6,0.052936167411376446,0.32810406120937397,0.22670438956206318
payments,17,2,0,3,0.13705912410096888,0.05558396209956649,0.07812240095868345
database,28,1,0,1,0.04008944938648692,0.06381523043580034,0.16540223829889167
database,10,1,0,4,0.07856655208603504,0.2568376604743714,0.4846717669551056
auth,8,0,0,3,0.047598305486054704,0.15229799893536927,0.03161713857082452
api_gateway,24,2,0,0,0.06849208012834718,0.1330329226754452,0.4019267321163642
database,7,1,0,0,0.001174338805418822,0.1413184816595337,0.4197596650988755
auth,4,1,0,0,0.018064373322469497,0.24026603114375383,0.32190111499321816
database,18,1,0,1,0.05931469756615839,0.2890636942522336,0.133406711831985
payments,32,3,0,1,0.14795248844162429,0.05233694453952791,0.2554053192359971
payments,20,0,0,4,0.128847082068333,0.08549467519276428,0.4236664184618343
payments,38,1,0,1,0.05510107729159199,0.1350991986939389,0.17962791288189017
database,18,1,0,5,0.032861075191260455,0.039678473182069206,0.049290132755823515
database,11,0,0,2,0.07533986897849639,0.035945591976479875,0.19319714146518047
database,6,0,0,3,0.029517616762842983,0.13507533792594129,0.20374042838114895
database,23,1,0,4,0.02595787666584889,0.2871676785816683,0.04554296429795922
auth,20,0,0,3,0.0993911988231782,0.2348204524071083,0.17088400169835632
database,6,1,0,4,0.00860707556798995,0.07964605708337304,0.4650814597679241
auth,6,0,0,0,0.04577140514982325,0.15191901139573774,0.3678502511602333
api_gateway,18,1,0,2,0.04283085043764984,0.17162201706403765,0.514744595859934
payments,13,1,0,4,0.11353902676905206,0.13318009878494932,0.1966868868504678
auth,15,0,0,1,0.0017122085797161902,0.01721654238212722,0.2560521546914226
payments,18,0,0,4,0.03979276336290786,0.09941429757083715,0.5433711839378764
database,9,0,0,3,0.043372648601867916,0.23621783191018075,0.09422759049248236
database,18,1,0,6,0.00870738582620369,0.1422685951102543,0.4107525456210303
payments,33,3,0,4,0.00705917968154211,0.3659544600486016,0.4753172220629064
database,5,1,0,2,0.018734743669543058,0.2976489466956712,0.4036354119419958
payments,12,3,0,4,0.06623010155683454,0.28756277784191614,0.3245663269432966
api_gateway,12,1,0,2,0.025189872249953914,0.15421946543822893,0.19314435755436477
database,13,1,0,4,0.010288028498015347,0.30816038167869636,0.3752558350766519
database,28,1,0,4,0.06752375722942915,0.046642303009545444,0.2325985844494233
api_gateway,10,0,0,0,0.030569026479327244,0.11852612756070224,0.7101593249533515
auth,23,1,0,1,0.06120470796577557,0.2199943983797718,0.053869665973072516
database,24,1,0,5,0.012320229882583984,0.24375444488757944,0.4409703967684408
payments,8,0,0,1,0.03952101685407723,0.37214047085322716,0.2672919789635059
payments,36,3,0,4,0.047958127400978136,0.07574435031674512,0.42245489801996045
database,23,0,0,2,0.03367188179805755,0.018970283094711642,0.267874715951551
auth,24,0,0,1,0.006316773090303107,0.27036262075248374,0.2500014279611218
payments,13,3,0,3,0.13545759796537732,0.05531021107112344,0.36318797570217
api_gateway,37,0,0,0,0.04287041431130494,0.1977734660460075,0.12977007898833756
auth,15,1,0,3,0.09447090508254123,0.06830961402774778,0.31649104357865576
api_gateway,45,1,0,2,0.04586902506478727,0.17708399504149416,0.10849836572356261
auth,13,1,0,0,0.054110291645415115,0.002901761654075763,0.08202805204644505
auth,8,0,0,3,0.0698902571894143,0.01529162064566698,0.25764818614926
auth,8,1,0,0,0.0001145950628256287,0.2687651511202641,0.38070922550493547
database,20,0,0,5,0.0055138577076116226,0.2626507970918521,0.4740836118695979
api_gateway,27,1,0,3,0.017705065448855625,0.02851509442070771,0.5608613335277771
auth,9,0,0,1,0.023515557000841705,0.13483103259241364,0.11034681343901934
api_gateway,21,1,0,0,0.024562785594654867,0.15558179457296073,0.7304368507533928
auth,13,0,0,1,0.02104622171420034,0.00751090087123315,0.3290807676009788
database,15,0,0,4,0.002044342771950358,0.22753870990483543,0.4891765095101716
database,24,1,0,6,0.06838952198266209,0.14880875554536954,0.13915542278124113
database,9,1,0,0,0.05459596690806331,0.11164782096057521,0.31169681545432293
auth,17,1,0,0,0.018277390266349638,0.09890846601151553,0.08980692419818648
payments,22,2,0,3,0.07026918556306298,0.2199915945535457,0.15791860814366238
auth,22,1,0,0,0.07876011464616445,0.05791162238813325,0.255559505005586
api_gateway,14,0,0,2,0.0694121963606394,0.1372086800692194,0.3180770452845205
database,25,0,0,4,0.0016932358089659428,0.24420393165592666,0.25666869860859387
api_gateway,47,2,0,2,0.004770564651056768,0.017427856038531364,0.19381350702203115
database,6,0,0,3,0.07613017806226485,0.034528513694814106,0.10320279526477058
payments,19,2,0,0,0.1261644255924152,0.26940671472690364,0.4508961746849124
payments,15,3,0,4,0.08538453181371719,0.2193603746967647,0.5016107902578338
api_gateway,30,0,0,1,0.060053261083858625,0.11406361324915465,0.3526597765787861
database,14,1,0,3,0.05868211127506426,0.2976715660038972,0.4546760442012638
auth,19,0,0,0,0.021292595048260123,0.23336774274994623,0.08953495506649513
auth,12,0,0,3,0.07405183646824492,0.1265908141826225,0.0938367292542302
database,15,1,0,3,0.04636195471311288,0.09892813647705521,0.45348211388814663
api_gateway,34,0,0,0,0.07815860543167098,0.20315352489081595,0.7445219585868258
auth,19,0,0,3,0.010521847414182429,0.21181229518745048,0.21806598269822197
payments,25,3,0,4,0.13602998660097537,0.3201456753821381,0.2941697281796954
database,21,0,0,6,0.06468318533575787,0.07458436340196792,0.26906831064773673
auth,14,1,0,0,0.08246314679891133,0.26464269426775827,0.1398145719776609
payments,23,1,0,2,0.04104995773821865,0.3244650415516529,0.3184507431457367
payments,22,0,0,0,0.025289857265105523,0.13489510033433683,0.1333733515462757
payments,36,2,0,1,0.045218427961600194,0.11611347092590414,0.2049091553264551
auth,19,1,0,1,0.00503629989933958,0.208068736791141,0.395845632857197
payments,27,0,0,1,0.031234771291232165,0.23181454765999243,0.2463410306770621
auth,24,0,0,3,0.09702937327487524,0.2879954724713026,0.15905251775684776
auth,6,1,0,3,0.07905083811731563,0.05106439046460145,0.062117692274415034
payments,29,1,0,5,0.14532220358667067,0.22602891321467747,0.26684202952265984
payments,37,0,0,3,0.09821636269263903,0.1801532852156032,0.1052422298240813
database,16,0,0,5,0.0475155242245487,0.015232731018158373,0.22915927236194036
database,26,1,0,0,0.03349070848383833,0.33999145360843586,0.16714476191466543
payments,9,2,0,1,0.03504135480543553,0.2727332128131435,0.304931314197203
auth,10,1,0,0,0.05873546311379894,0.21166895710825115,0.38767811821389886
auth,20,0,0,3,0.08731592873828264,0.1135060809785736,0.26039649976939094
database,9,1,0,5,0.07866572781097886,0.13794579707041926,0.09029879536421136
payments,39,3,0,0,0.08668156221613636,0.23198712808125715,0.17089039157905805
auth,8,1,0,0,0.06638101052502829,0.11934467853667761,0.16994247503723733
payments,9,3,0,0,0.12638017625277023,0.004555867235421118,0.21493715703069272
payments,9,0,0,3,0.13010319586730368,0.24029590978015736,0.4186450277551754
api_gateway,14,2,0,2,0.01163719850476154,0.24890909875086895,0.34789698893888843
database,21,0,0,3,0.006352659543821186,0.10064584778174461,0.42693140881189257
payments,21,2,0,4,0.06316783566511223,0.19255308469937102,0.11600151228928843
payments,7,2,0,1,0.009998974473495913,0.21496677543992282,0.27701969001183646
payments,18,1,0,2,0.008015190358652573,0.13156791128428977,0.17004821556936234
payments,28,0,0,0,0.005629298629770468,0.34097555425674925,0.10878585629786726
auth,19,1,0,1,0.016544164001887775,0.10739034766789966,0.13879100311738862
api_gateway,33,1,0,2,0.016834639751458137,0.10929037819261195,0.6805192649301343
payments,12,1,0,5,0.06611324151619767,0.0964827098512092,0.45850197506982554
database,19,1,0,6,0.06542984460031412,0.07338757229827755,0.3715788052006362
auth,5,1,0,0,0.08090185422666975,0.20729224534546917,0.226398933393454
auth,8,1,0,3,0.024366101254184494,0.06403479967338278,0.3811788965791658
api_gateway,26,1,0,3,0.04423338822451571,0.15857357355010962,0.11848145243252803
api_gateway,18,0,0,0,0.07476638911055693,0.18014051509845624,0.7809261968090004
payments,31,2,0,2,0.016403385466421828,0.2005403974534984,0.5671738842815953
database,12,0,0,6,0.03266288958700992,0.12795749500645237,0.24031900248643734
database,20,1,0,0,0.051500955996225735,0.1542721783912374,0.13580212049388882
auth,17,1,0,1,0.06674280060069894,0.006476973342802617,0.19920838379796305
api_gateway,49,0,0,1,0.07194201852941726,0.051523955808763594,0.3861919130526107
payments,39,1,0,0,0.07804854392870786,0.39712159127440577,0.08036969471272311
payments,7,2,0,0,0.07642633098363029,0.278488574448509,0.18928494967213794
api_gateway,37,2,0,3,0.0722120559171641,0.1471108245046449,0.3881340224773576
database,12,0,0,2,0.017697492486196495,0.31578923928183983,0.265823926100014
api_gateway,45,2,0,3,0.04494145191265613,0.10549919857262524,0.4927077917180256
database,14,1,0,4,0.07763222405463255,0.2521541098447388,0.44238582025071344
payments,31,3,0,4,0.07576733336160095,0.05994511955462065,0.3576160296422548
auth,12,0,0,1,0.0923542756936226,0.2814989335729556,0.3705057995154746
auth,19,1,0,0,0.09664348100843197,0.13165102142523927,0.37615925727482125
auth,5,1,0,2,0.003723120175229178,0.28434150550874043,0.31136888256315054
auth,24,1,0,1,0.07785353710034054,0.11388793992381341,0.2617550899159351
auth,22,1,0,3,0.007398888420190508,0.0608015718921914,0.13856203670717615
payments,17,2,0,4,0.1082173735664358,0.0796329251311831,0.1340127374171891
auth,4,1,0,1,0.014564579602649775,0.2830139156984253,0.22909586612494967
database,13,0,0,0,0.04764155279027474,0.07490625353330216,0.20342043404372304
database,6,0,0,1,0.0637941544306546,0.2446264193958421,0.3650314270952063
api_gateway,38,2,0,3,0.05655985639685887,0.21932528147824756,0.7812682917272439
payments,21,2,0,3,0.07296635807128117,0.31064273591855623,0.3597589508464886
auth,3,0,0,0,0.052744104555777854,0.08356881403492064,0.049969874043837806
auth,9,0,0,0,0.07925871600335686,0.20302996237189216,0.3772160852765448
api_gateway,12,0,0,2,0.04584095015954105,0.10309881157844275,0.270347341072477
payments,12,1,0,2,0.08902446237327771,0.0027152696094359108,0.4236241659224544
api_gateway,12,2,0,1,0.05287486851146087,0.09916480657388721,0.38907441041402435
database,14,1,0,5,0.03986115994360143,0.10303312560727915,0.04356696795965523
database,28,0,0,5,0.02127843131147146,0.14961385093195714,0.14041150929454108
auth,6,1,0,3,0.00014257282875326238,0.18389575861910654,0.39306050225248457
api_gateway,46,1,0,0,0.024301746993348427,0.2141343808841474,0.15790586980820398
auth,17,1,0,1,0.056207813756564876,0.03140687048509635,0.34821845548760033
payments,29,2,0,4,0.052834646260611795,0.39225928782561986,0.4818615773520537
auth,10,0,0,1,0.001912635062373036,0.11977175090075375,0.16562783635245137
auth,21,1,0,3,0.023756584338348485,0.07280831953672037,0.08018576456263321
api_gateway,22,0,0,2,0.027608857119099214,0.1429073993025274,0.7288737952053383
database,17,1,0,4,0.07789447635185652,0.10777944084104876,0.17492879916087117
database,20,0,0,5,0.07656802567041937,0.27510518310395154,0.28849617583487813
database,22,1,0,3,0.03440094409232779,0.19561842540591043,0.05811266990237439
api_gateway,46,2,0,3,0.07423725535954277,0.19064165697171156,0.5454574286902413
api_gateway,19,1,0,0,0.05258988732654025,0.2484566756442403,0.7624812144421893
payments,34,1,0,0,0.05062155685694578,0.004268050802465106,0.07226830338056744
auth,20,0,0,0,0.08826056237288415,0.0760045093418577,0.22916257863158712
payments,32,0,0,4,0.033687357398085156,0.1452530361037849,0.545673212637784
auth,5,1,0,3,0.03122318396207352,0.019707128802194017,0.10167965089273803
payments,22,3,0,1,0.06985883665012463,0.05304159629872443,0.5382644301776924
database,12,0,0,6,0.028032715585443072,0.22630578268508905,0.37889540841736663
database,18,0,0,0,0.026906777628373808,0.3017865792286939,0.4357529356615044
api_gateway,16,0,0,0,0.049041205776795056,0.0876964290616476,0.16130572133591722
database,26,1,0,2,0.03562160225452492,0.27200589369094014,0.29553801592825024
payments,13,2,0,5,0.01587075372847713,0.13995818545895947,0.06015103047366245
payments,5,3,0,2,0.07563951911895472,0.10138285186920651,0.5312373822432647
api_gateway,33,0,0,0,0.07959647550155119,0.07198073477637373,0.18705914118579553
database,19,1,0,0,0.06060042407643811,0.03847709951989619,0.1584030703769772
payments,13,1,0,1,0.05490423986197729,0.34449289090415436,0.4137171792577766
api_gateway,32,1,0,3,0.05620057682920335,0.10989392733956721,0.20152367743531774
database,4,0,0,5,0.06965600887187366,0.07956312878131823,0.36557114734654794
payments,26,3,0,4,0.10155567223230152,0.10552242997854303,0.5753042058911273
auth,16,0,0,0,0.03688979435205936,0.14702720736430844,0.26148756536419476
auth,14,1,0,2,0.05555073523270457,0.0737115277454027,0.2231710093900423
api_gateway,43,1,0,1,0.05247338747928182,0.1166245793856733,0.2866728758654189
database,15,0,0,2,0.04570562012448279,0.31446217196749365,0.10643461968166931
auth,17,1,0,2,0.045237417702330064,0.0029860877140093,0.23120237027405266
api_gateway,28,1,0,1,0.03948282211456261,0.0961448711704116,0.1825520149551614
database,5,0,0,2,0.05085120878463677,0.2513854944816776,0.18871436637443867
auth,6,0,0,1,0.03818717522345005,0.1395717945539808,0.24446331098754695
auth,17,1,0,0,0.0408193081817418,0.06328581577582601,0.34171257066867144
api_gateway,22,1,0,0,0.01396297108760174,0.2466250507028525,0.1873624237590421
auth,9,0,0,3,0.09226949839543673,0.0541139306625214,0.2140422104118277
api_gateway,26,0,0,1,0.05599535162050143,0.22498388245349296,0.5738550034949197
database,12,0,0,5,0.041072702222053836,0.31773161400658806,0.0699481585522601
api_gateway,39,2,0,3,0.024187687065207825,0.187750084169567,0.27976686038717
payments,16,2,0,3,0.04552558637219283,0.02311527880794566,0.23641492096536443
api_gateway,12,2,0,1,0.0004666562388679196,0.01829880282959251,0.6377411659479512
payments,10,0,0,0,0.010760301562113744,0.01795240658908721,0.07949561470429704
api_gateway,23,1,0,0,0.07138834967521078,0.020217917106458844,0.25252936663827896
database,9,1,0,2,0.055039361490854415,0.08278204979562923,0.05798712025743194
database,6,1,0,1,0.06622513954753002,0.2570385566596055,0.3262596160880079
api_gateway,11,1,0,3,0.015497155226037522,0.009343102339328141,0.7977183296084156
auth,5,0,0,1,0.03256667322780941,0.20748884717963964,0.2873822657991192
database,12,0,0,0,0.06062591952243637,0.3340139129875742,0.04776359979465211
auth,11,1,0,0,0.04532846463376582,0.22829206935949595,0.06888167021380387
payments,15,0,0,4,0.13411493041592387,0.13610999289361234,0.19487198657571447
payments,22,1,1,4,0.14186620755126914,0.06506088727596025,0.5571509594647823
api_gateway,28,2,0,0,0.05143319858432104,0.1990325227366177,0.5827944008690669
payments,27,0,1,4,0.002228418376125568,0.2615319855310711,0.28558853693922825
payments,19,2,0,2,0.09100743029550058,0.2677648257014574,0.5818417599154206
payments,38,1,0,4,0.0275369441032719,0.030433890706202907,0.5535101431654333
auth,23,1,0,0,0.0007130020221006062,0.09927356570351238,0.05523630685480842
payments,10,1,0,2,0.028686319361418203,0.05664454024715973,0.30253752170675124
payments,33,3,0,2,0.04293364608599915,0.3291552273174008,0.1560410464665526
api_gateway,33,2,0,1,0.06633534006027157,0.16014969168283824,0.3951066639506404
payments,8,1,0,0,0.12309623405317181,0.19847037044044613,0.10512554115358634
api_gateway,37,2,0,3,0.03795098736742669,0.10334805116953308,0.7407581931028655
api_gateway,21,1,0,3,0.0247178166834144,0.14805613169283818,0.36222773799684427
auth,16,0,0,0,0.09270691160511851,0.21398451671467086,0.3051921894735694
api_gateway,24,0,0,3,0.012177602316057454,0.23433836009017595,0.5199841775197537
api_gateway,23,2,0,3,0.07513780136385406,0.05271750861205532,0.5890700537958551
auth,22,1,0,3,0.06521139786237483,0.221377181243655,0.06168852637340246
api_gateway,29,1,0,2,0.036741097502774774,0.0889996305638151,0.1742466819545498
payments,22,0,1,3,0.1002820042670978,0.19567860719224625,0.3109049519860404
database,5,0,0,5,0.023618398189730785,0.3295391750191071,0.23654507699154226
database,21,1,0,6,0.001415452890941662,0.2942957286964109,0.19112631940019617
database,26,1,0,5,0.052653980761103225,0.23173103698236708,0.184302333879552
api_gateway,8,1,0,0,0.014907573381094786,0.10866993764797644,0.22317098754153586
api_gateway,25,1,0,1,0.050687283502244454,0.191430650886717,0.6841754417214913
payments,14,3,0,2,0.12166568494579771,0.12073386435715805,0.32842706984998404
api_gateway,48,2,0,1,0.061455378670625456,0.12952451834139708,0.6347846683717715
database,27,0,0,0,0.02250685926451319,0.2744066688199232,0.3708504861744422
auth,10,0,0,1,0.07554990686967872,0.266685676707192,0.15957959814865852
database,18,1,0,4,0.04860908208265878,0.3000914593122569,0.34384236939384344
api_gateway,29,1,0,1,0.05095379152451433,0.24837004756662331,0.3604098412778344
database,25,1,0,4,0.03388619084653764,0.1324830652121386,0.4629047101384713
auth,7,0,0,3,0.031921103588727254,0.19663971044292886,0.3899573599093543
api_gateway,12,2,0,2,0.02035530142885836,0.14468611476659354,0.7787142748071352
api_gateway,47,2,0,1,0.007454797747663618,0.04635883356596693,0.5329169635127308
api_gateway,29,1,0,0,0.006916156152252731,0.16370839702626702,0.6203941812166064
auth,14,1,0,2,0.08098764150385694,0.21032015493296322,0.11723175975952203
api_gateway,46,1,0,0,0.04148589269005209,0.1607591477050386,0.26257331646572035
database,20,1,0,5,0.008281061521334605,0.10922555640339784,0.04948205306449775
auth,10,1,0,0,0.024382385260040485,0.17050882765427813,0.3633255626256271
payments,30,1,0,0,0.010582509556484187,0.20807229462670387,0.24829310481840627
auth,22,0,0,2,0.04523141747634776,0.044317058519139495,0.33952832306280256
api_gateway,25,2,0,1,0.004079163223783215,0.06649842705297782,0.6877065821068064
api_gateway,19,0,0,0,0.055611605394106374,0.22397983162665552,0.24925058511963002
auth,17,1,0,1,0.05517900635794957,0.10484234878745077,0.36187635503292825
database,25,1,0,0,0.06827386156073144,0.08411233435241186,0.46912253668045734
database,16,0,0,3,0.04566200143730429,0.2832610814689451,0.44191823935858193
api_gateway,30,1,0,2,0.06778259673517091,0.11806711528584238,0.23617782473519308
auth,17,0,0,2,0.0682226376705991,0.004194237551853552,0.348420233144902
database,24,1,0,4,0.03966021029282839,0.06818828185572619,0.49743581689132177
database,24,0,0,6,0.05751829977415199,0.2848084962200928,0.16913623108110648
api_gateway,31,0,0,3,0.0572279992312841,0.2318133893191348,0.5864179649503648
auth,17,0,0,1,0.04202326328014601,0.2838588851845696,0.19232327308700617
database,24,0,0,5,0.05104824073098099,0.29147415996597087,0.3486518268972081
database,16,1,0,4,0.032458375439093475,0.31630968225826467,0.4088521078596776
payments,14,2,0,2,0.14108059516544214,0.18415447027001625,0.17187638674169603
api_gateway,48,1,0,3,0.020491021831679283,0.10482689034946194,0.3265769929903186
payments,9,3,0,3,0.10720441335099333,0.07248721744544691,0.22701564936072616
api_gateway,12,2,0,2,0.06403392763457996,0.1886764705067736,0.2836712139244244
auth,19,0,0,1,0.09058605637925271,0.07567176572308566,0.031017868354950767
api_gateway,35,1,0,0,0.02105637191138781,0.12722553544764081,0.14173869731311084
database,18,1,0,1,0.07136186445688712,0.22863617537457404,0.24197844497379242
payments,13,1,1,2,0.056703742415160296,0.3043565891844961,0.0787017817882186
database,6,1,0,3,0.07648761305002788,0.3252636094964232,0.08801338725700877
database,17,0,0,3,0.028121329992858088,0.15294000177187955,0.3783545282503202
database,27,0,0,0,0.04513999638103926,0.19492660908246634,0.1440884101554422
auth,7,0,0,0,0.08103031373334708,0.22657095935998556,0.3987008804854235
payments,30,3,0,2,0.041951078481966476,0.03355918425156373,0.5781387788607907
database,24,1,0,1,0.046717972183061354,0.27301461104286767,0.14321473296899723
auth,20,1,0,0,0.04516366846832235,0.0679014835312458,0.2509360195556932
api_gateway,29,2,0,3,0.07959652969011623,0.03930333648754322,0.1663542625235425
auth,21,0,0,3,0.04349591063512168,0.2872471593063663,0.12163053643560374
auth,15,0,0,2,0.09416892084419493,0.29996143148224014,0.302601420050877
api_gateway,23,1,0,0,0.0378585627621257,0.14381545302516754,0.25311006410055953
auth,24,0,0,1,0.02708321403399593,0.2376317338244874,0.24687561994031976
api_gateway,8,2,0,0,0.044151571928416726,0.21799335322017407,0.42829112912503786
api_gateway,39,0,0,1,0.0128557310968712,0.17087961368520993,0.47698643075127
auth,11,1,0,2,0.00442954309969924,0.004649975007096308,0.20177875389766192
database,7,1,0,3,0.020067188777737163,0.14344395390484108,0.2755972267170968
payments,31,0,0,3,0.054684964127979664,0.16897831601235166,0.5066006316397316
api_gateway,27,1,0,3,0.07216792953213493,0.17641847570042118,0.6350642163076691
payments,16,3,0,3,0.01820578868229295,0.1438172578080014,0.4387347774182479
api_gateway,46,0,0,3,0.012048367567341574,0.06320181666492863,0.175646906381524
payments,10,2,0,5,0.06844888857335978,0.040322878855634105,0.14600023592692307
auth,4,0,0,2,0.06722715076341926,0.003948831429569277,0.24271765614582314
auth,15,0,0,0,0.09694001125661868,0.011385145878264447,0.13145681387229058
api_gateway,37,2,0,0,0.028734498719465932,0.19855710014635308,0.7589802501401605
api_gateway,18,0,0,1,0.05119230696247071,0.1657413482029715,0.1985912517013974
auth,12,1,0,3,0.014378517301619221,0.22017801708974594,0.11438772759346243
api_gateway,29,1,0,0,0.013333361859326338,0.14295358289933502,0.7478918626938329
api_gateway,10,0,0,2,0.06731286789896915,0.24608213666860407,0.4994454333512953
auth,3,0,0,2,0.04814936785493943,0.1705065137959862,0.12565415326163315
api_gateway,28,2,0,0,0.02914602821973577,0.05804438686111857,0.5577305002038498
payments,36,3,0,4,0.0506998171542735,0.32359109984548345,0.5776917776576407
auth,9,1,0,3,0.021005292017930523,0.11748056427646664,0.16268608934403317
database,13,0,0,6,0.04948895679118455,0.04299062212189528,0.41852562134876226
auth,20,0,0,2,0.02299251635455606,0.02556422607053127,0.3373762252466057
database,28,1,0,5,0.027311177758476603,0.24172526459882532,0.45337244714947683
database,20,0,0,3,0.060368509250908295,0.17752353641012364,0.19363973317700683
api_gateway,30,0,0,1,0.06068208555804341,0.22293985074073563,0.6740390225176895
api_gateway,39,1,0,0,0.00617351149054068,0.1104461147480757,0.5405642071441022
payments,19,3,0,2,0.06700330826169973,0.268389883794314,0.2791897651159764
database,4,1,0,5,0.048210592028376194,0.18636807240120593,0.06991769147174891
database,19,1,0,4,0.02729440436802846,0.12342568228700576,0.04666479563327279
auth,9,0,0,1,0.07899117002228051,0.29720866976975413,0.06250678820081038
api_gateway,23,2,0,0,0.025631940401398295,0.06147472767004136,0.5537633688549685
api_gateway,18,1,0,0,0.020668609209472635,0.08382917751457913,0.19278667995624288
payments,28,1,0,5,0.043026996847079994,0.19675038378432952,0.4404424883597994
api_gateway,17,0,0,3,0.07911248265596751,0.13572796624812056,0.6471521755030692
auth,11,1,0,2,0.07969747788958131,0.21638048804562515,0.17762737916799146
database,11,1,0,3,0.07216154395916347,0.05604184153261856,0.34336884561107917
api_gateway,45,0,0,3,0.02272326136527835,0.04591086307128958,0.22997004071402588
database,6,0,0,2,0.06289998625989822,0.10983566810963884,0.15199398408086154
database,29,0,0,1,0.07115104739385855,0.18968767559913538,0.3881646861411127
database,29,0,0,3,0.004329237424291952,0.3242608030676958,0.33210877223306234
database,11,0,0,5,0.06532264788537638,0.22465127256705691,0.4726177470082616
payments,13,2,0,5,0.09458830459628152,0.2581111021294252,0.38380725412459715
auth,14,1,0,1,0.033444618687832474,0.18946107292279812,0.056745906043617234
auth,14,0,0,1,0.03965637167970809,0.16770326777905253,0.36430655358773323
database,22,0,0,6,0.07467519913922076,0.2168234540480223,0.14715758034687051
payments,5,1,0,3,0.03757244201246452,0.1146642325148092,0.33197843978084624
auth,20,1,0,2,0.02593916074208559,0.1182725963504749,0.19126066640578454
auth,5,0,0,1,0.07083589360386612,0.06879568509229618,0.09076165436004117
auth,12,0,0,3,0.06181522902595574,0.2898036288382816,0.16583776309166037
auth,8,1,0,1,0.014418946390615306,0.1284527062386451,0.29142750129950923
database,16,1,0,3,0.07297618304199459,0.331170074191857,0.44361869651995806
payments,37,1,0,4,0.0038758458330016786,0.22224686187296117,0.3745640322894589
payments,28,2,0,1,0.1331627287007532,0.202066284609093,0.1138294026615129
api_gateway,42,0,0,3,0.010853810157519055,0.150520930231594,0.30257497961535407
auth,21,0,0,0,0.003048326031138804,0.1007763844871719,0.25951214331605055
database,28,1,0,6,0.04300518532661712,0.29880502328753406,0.3742864555280842
auth,14,0,0,2,0.011114782746710895,0.10926836434386332,0.09891885745577073
auth,4,0,0,1,0.02799296216564434,0.2210938787163455,0.30258700814176864
database,23,0,0,0,0.010903126204949595,0.28078512629644686,0.2587570195375628
database,24,1,0,6,0.031111826451211168,0.330535589204213,0.05517266780911718
auth,13,1,0,3,0.06279374932994601,0.07209683054756005,0.2761472819993102
api_gateway,34,1,0,2,0.07845462522275948,0.1735582705043408,0.26538844669481804
payments,15,1,0,1,0.09633144555040461,0.3939486264454408,0.236273782451367
payments,38,2,0,3,0.11584013352562586,0.1253002961955288,0.4233267909362358
auth,22,1,0,2,0.013062396686929179,0.2793474273331867,0.18984169785938695
database,28,1,0,3,0.06563146823991906,0.2432426355118656,0.27362351929358636
api_gateway,10,0,0,0,0.005471104986763864,0.1824331126424728,0.44124594727454913
auth,13,0,0,0,0.014730134571189303,0.2768619523463672,0.1303051289395567
payments,13,0,0,4,0.030930407385266825,0.06502682746539144,0.4744174584709101
payments,35,0,0,1,0.11501525345075035,0.17441931918903514,0.22313209304432685
database,11,1,0,4,0.06348215613395869,0.05250778744904677,0.4100430677688558
api_gateway,40,1,0,1,0.018507738527016385,0.10223575666653362,0.248982919943231
auth,18,0,0,3,0.054487328428573525,0.25272924064513413,0.30314099504992664
auth,19,1,0,1,0.06675482723343372,0.16172670156203814,0.09057115271121502
api_gateway,37,1,0,3,0.0755450949344486,0.047664355408162495,0.27507368714077896
auth,10,1,0,0,0.09656889165603694,0.08599105585447821,0.26911744950506916
api_gateway,47,0,0,3,0.036822170816907696,0.18498649551491003,0.30733046094987176
database,22,0,0,4,0.023660135781082402,0.27959560555401114,0.39418741713776023
auth,11,0,0,0,0.0007697802954712785,0.14939703832643056,0.09509840401695697
api_gateway,38,2,0,1,0.07614010041422688,0.12352879558843965,0.7448923840330042
auth,22,1,0,0,0.0780338247625157,0.19064490466394646,0.056830733644898115
database,13,0,0,2,0.07886140846598508,0.07581983065393816,0.17475337217675505
payments,7,1,0,3,0.00658216325531154,0.0676230996534823,0.2572595585588911
payments,28,1,0,0,0.09223545218504041,0.12521014188063254,0.3263912946859105
api_gateway,10,0,0,2,0.03869421732179105,0.1390890026860487,0.7542600211318339
api_gateway,21,1,0,3,0.05150976512512864,0.02643280451236632,0.2564971791669962
api_gateway,48,0,0,2,0.0033530872286212077,0.056900382807181404,0.30832397562508596
api_gateway,29,2,0,0,0.0100558316122366,0.10952704842648428,0.4188804996975589
database,15,0,0,2,0.05657606983592258,0.17453100728652904,0.28457269815131314
database,7,0,0,1,0.03783899688051791,0.15340635814073172,0.4677385826238859
api_gateway,30,1,0,1,0.03753640004957106,0.09838273649735857,0.36662884667375806
auth,5,0,0,2,0.0780206572201191,0.01914929760783406,0.09692339414192228
database,20,1,0,1,0.05615194750951789,0.32308305605929216,0.47886288956684236
database,11,0,0,2,0.004151779294810476,0.11441936353833726,0.35617534271251644
database,21,0,0,3,0.025858686165428343,0.041565581269012684,0.22641331083694036
api_gateway,22,2,0,0,0.05736026492456776,0.13654617565668736,0.27537454207992884
auth,6,0,0,1,0.008316173313246489,0.03889512014733859,0.3956667780609452
api_gateway,14,1,0,0,0.01837652692330029,0.05064582111221602,0.5040137487157215
auth,17,1,0,2,0.05719826853440127,0.11633494723391367,0.10728968267005982
api_gateway,16,0,0,1,0.00628822248711554,0.0652371437562369,0.7526489280843024
database,14,0,0,1,0.004367222164095725,0.03878406099282242,0.3835577671218874
api_gateway,18,0,0,2,0.07506388258620876,0.01856121874273453,0.3435607791383606
database,28,0,0,4,0.011229018510888046,0.10933904935351821,0.266877262203115
api_gateway,41,1,0,0,0.008212254265759649,0.1396001722316169,0.6984111810423436
api_gateway,16,1,0,2,0.016665679805888366,0.026372765093563677,0.2754942040468339
auth,23,1,0,0,0.0981808022717827,0.17866521036974573,0.08645035489108785
api_gateway,18,2,0,0,0.0740359557275233,0.15121168182741643,0.11178025149804079
api_gateway,20,0,0,1,0.00011379877937029548,0.2208376299796764,0.1411825049948497
api_gateway,16,0,0,3,0.0560218263785892,0.1419376427907185,0.4866201344900325
api_gateway,14,2,0,3,0.06641769812146839,0.00246428485884323,0.7688660858677342
database,22,1,0,2,0.03891230040776891,0.0812381370079216,0.3645931554093903
api_gateway,16,0,0,0,0.0272369426278439,0.19611721206150162,0.15981767270990221
database,10,0,0,6,0.018294009470929514,0.1680430561666544,0.4045393499467713
database,19,1,0,6,0.07980571042932284,0.1498626633400262,0.2821128814505782
api_gateway,42,1,0,3,0.043561810474262316,0.20729139108386813,0.24855325486394986
auth,6,0,0,3,0.033482785155535065,0.13897324364514238,0.22904506370831662
auth,11,0,0,1,0.08344499573477632,0.1465540919987259,0.1800443319394391
database,12,1,0,0,0.010605829381562435,0.17369718067009074,0.2605035610961121
payments,21,1,0,4,0.018189734003870504,0.08481114020089159,0.5987814133010356
database,27,1,0,6,0.04131556372730432,0.2032620717074432,0.40071851593572333
auth,20,1,0,0,0.08625892413413638,0.14309036732878336,0.21636070216579306
database,7,0,0,1,0.0008960892310588165,0.3132382325253526,0.15928938913654392
auth,15,0,0,1,0.02361719824828773,0.2289739720542519,0.3863337217223175
api_gateway,29,1,0,0,0.03267178619251118,0.24352042660473272,0.5100356706964576
api_gateway,45,2,0,2,0.027278283791944028,0.21278264166508742,0.3698785802450306
payments,38,2,0,4,0.12152101361181918,0.3131736690959469,0.3113751068509571
payments,13,2,0,1,0.04745631110815243,0.27718871750946694,0.4841152470094825
auth,19,1,0,1,0.09336575454082717,0.07949423187506491,0.03369769669767119
api_gateway,28,0,0,0,0.040393873345092014,0.06746222117209413,0.426330847388648
database,15,1,0,4,0.026102039292099092,0.139249136522733,0.3193894411590239
auth,20,1,0,3,0.005620955786622217,0.2273439917082798,0.06902228310348518
database,19,0,0,4,0.04487260224562968,0.2917531116016871,0.47907405134495346
database,6,1,0,4,0.0726409301971372,0.2841876130476524,0.3268867777980474
database,12,0,0,1,0.049258706678571615,0.31601840838201184,0.14977885750711273
payments,32,3,0,5,0.020759637895218685,0.08859741954385601,0.45835166031745606
api_gateway,35,2,0,0,0.04152305037507216,0.1600429611550717,0.18183494513812765
auth,19,1,0,3,0.0850118868056112,0.03545904315449563,0.2562986166190403
auth,16,0,0,2,0.03381157716595628,0.29686898454874194,0.17982993889557877
payments,8,3,0,4,0.03285887595898249,0.16286571938685002,0.2407180395560377
api_gateway,11,0,0,0,0.06702220739724506,0.039607373701301685,0.5991192051997012
auth,24,0,0,3,0.009325486978537079,0.06902178633111102,0.28351389541157246
auth,15,1,0,2,0.09461737047963453,0.033313916187569494,0.2148379976959217
api_gateway,43,0,0,1,0.026277976780037217,0.07218483061641368,0.648928791681795
database,28,0,0,5,0.050603955569484466,0.003583300901598385,0.33238013841077807
payments,7,0,0,5,0.06111118220320281,0.020907467024638617,0.28014573434392537
api_gateway,44,1,0,3,0.03763499317457047,0.24073418621992182,0.7267647066237567
auth,20,0,0,0,0.0007591416173914124,0.18655682564537274,0.3545042927460227
auth,17,1,0,1,0.06875449055283309,0.04818420794076112,0.22070630576255784
payments,5,2,0,3,0.08894771216332409,0.33862031032794515,0.5604048079760047
api_gateway,43,0,0,3,0.028375058678571864,0.0847739633099141,0.46567206600503375
database,20,1,0,2,0.05231778605686131,0.010039950773946498,0.3518477569054054
auth,20,1,0,3,0.039122822128348306,0.0073242944466666345,0.2651823806592072
auth,9,0,0,1,0.0889964607500909,0.12898192433553562,0.27760305627015625
payments,24,0,0,2,0.13611947645196382,0.3556522142819434,0.4603451861150911
auth,12,0,0,2,0.060436147496120474,0.10752067160814498,0.3233600452279143
payments,6,2,0,0,0.11882849074128676,0.013367197882023785,0.4760968924351378
database,20,0,0,6,0.0357689125985426,0.0380883657044615,0.17245671003101307
api_gateway,29,1,0,3,0.038799179399441934,0.06816379100773154,0.2562500746148492
database,13,1,0,5,0.029862288925817566,0.11349030024428672,0.3706614719150569
database,23,0,0,5,0.06511845385382391,0.14822326358975385,0.4535984664630414
database,5,1,0,4,0.06377456227263141,0.12368296042627043,0.29292599572933514
payments,12,0,0,2,0.07978994663291872,0.28157436293113236,0.28422770848572904
auth,19,0,0,3,0.026855410620967947,0.01758861012677518,0.18871741100410258
database,11,1,0,1,0.0563935853041419,0.24590546979319464,0.19061967207029795
database,6,1,0,2,0.04527175706840003,0.2148851783988039,0.4858169425396693
api_gateway,26,0,0,1,0.012788258946940072,0.031720367220897355,0.6425411331905249
auth,20,1,0,1,0.0105617045261736,0.22532114365440314,0.09807204411603625
payments,39,3,0,0,0.11171260974448834,0.1849827268260592,0.48250206227893383
payments,22,1,0,2,0.1093860373646352,0.22657747403465064,0.4473383826623271
auth,10,1,0,3,0.09011312392861719,0.10404221979537115,0.23844432759756404
auth,19,0,0,2,0.014874150987149748,0.09836661559114342,0.1805728995154746
auth,15,1,0,0,0.06340369734136087,0.13661032005106905,0.05884152568943994
api_gateway,10,0,0,0,0.03624013448164874,0.12752489304405512,0.43054634116163326
auth,5,0,0,2,0.0811016110262656,0.21716131149441517,0.05234869145338298
auth,23,0,0,0,0.0829425404186332,0.22063717550262638,0.06741619047310038
payments,23,0,0,3,0.028691605655609558,0.18441342723912482,0.28849242279592063
payments,28,1,0,2,0.01078600759746684,0.20229691934217775,0.5722455904125084
api_gateway,15,2,0,2,0.03370849677228607,0.17077010351165955,0.7771765252997761
auth,8,0,0,1,0.07000340409648555,0.1937081605151754,0.06231875573812881
auth,5,1,0,3,0.0017589916212524593,0.2196652680158584,0.04716961267428724
auth,11,0,0,3,0.056572791134429236,0.12976934978052942,0.11632184639656781
database,5,0,0,6,0.0034882706868970105,0.23913016789135685,0.0528443947297744
payments,18,3,0,4,0.1254659606064185,0.11938026445910421,0.18333034763796596
api_gateway,12,1,0,0,0.051659361388695646,0.18443098915558492,0.28806118434043126
database,25,0,0,6,0.032069059104394115,0.13781614013284713,0.14514315541443867
api_gateway,30,1,0,3,0.06929019692877467,0.0767061297483135,0.1980245070211739
payments,20,3,0,1,0.05746040545897601,0.29187985097868835,0.10133046614840452
auth,14,1,0,2,0.05292555409507502,0.1987114873188747,0.14409151251471203
auth,18,0,0,2,0.08858827375717444,0.08532609717113747,0.25509637855760725
auth,21,0,0,0,0.0781043121076968,0.009162593444921508,0.10156894892158393
auth,21,1,0,1,0.05408120707980756,0.1320099459012016,0.06854316886495418
api_gateway,26,0,0,3,0.05594576187445279,0.11182739724706509,0.15687949188508427
api_gateway,36,2,0,1,0.03863281746802371,0.14148627838966832,0.47067802867676134
database,4,1,0,0,0.0691725286188811,0.22977440940261057,0.3669381821965067
database,13,0,0,6,0.0662168952650726,0.13725044188252397,0.1086084496462087
auth,8,0,0,3,0.044433516708297,0.05731354819658859,0.14190849053747395
database,22,1,0,4,0.02266871975699039,0.022565390633222885,0.04326956366041545
auth,11,1,0,3,0.0372932132470092,0.021308297400384323,0.1653091961721772
database,14,0,0,5,0.011416028786348065,0.266733484703602,0.3458763405691337
auth,10,0,0,1,0.0929652877790556,0.27970556937037316,0.27780680354449483
auth,20,0,0,3,0.025653261761097848,0.0456179183334097,0.3979892602371734
database,12,0,0,2,0.034009351912943776,0.0018712151513787078,0.26750831710100814
payments,34,2,0,2,0.08863741392408402,0.1391874664620866,0.4955381195260751
payments,23,3,0,4,0.11508500912388345,0.2340486643708499,0.25599488384807256
database,26,0,0,4,0.023679438573258296,0.02425087108160921,0.1185343886015365
api_gateway,11,1,0,1,0.07108621886693417,0.175839427618215,0.22241902747607828
api_gateway,12,0,0,0,0.06880136560088852,0.16890840386106112,0.6163645543194065
database,11,1,0,0,0.06615030562077015,0.20960927734960189,0.0890443936797072
api_gateway,28,2,0,3,0.0647507512848989,0.14147455452882046,0.20798540825051098
api_gateway,44,1,0,0,0.045195623845271156,0.24728272227668024,0.2419215788703123
payments,30,3,0,3,0.019632170783036394,0.2837257179213934,0.3675379488580036
database,13,0,0,5,0.037494441497025986,0.028405793812764975,0.31815020383764425
auth,13,0,0,3,0.002633870174855202,0.13297720240780034,0.10807853824537092
payments,22,0,0,4,0.10040225261441942,0.29672259009846885,0.4231549519924383
database,9,0,0,5,0.06944924585787844,0.19531688443601855,0.37922859694433303
api_gateway,49,1,0,2,0.02581400009714634,0.016195523631171882,0.41986713059704683
api_gateway,26,0,0,3,0.005683026198341885,0.08926422432662234,0.3690285707151092
database,27,0,0,1,0.055882268566539176,0.1069376513757604,0.3387086733233949
auth,5,0,0,2,0.09300268378881624,0.047030831200500674,0.19880991956312896
api_gateway,44,1,0,2,0.03763348477142251,0.02890388950417616,0.38297721652197336
auth,21,1,0,2,0.011790631182028423,0.25587212631762446,0.18177585195490695
database,17,0,0,4,0.05229035458538523,0.012538255649704753,0.4963529132283952
payments,27,2,0,1,0.12567620713582778,0.33422828398582416,0.4094189126320361
database,8,1,0,2,0.03780623479100283,0.02048610874638184,0.4081840097905612
auth,5,1,0,3,0.0037949730239870806,0.07493070385779459,0.07148075704971527
api_gateway,25,2,0,1,0.009727343151929588,0.19892419047684498,0.7250435345032751
payments,25,0,0,3,0.055775517684962916,0.39771519430442365,0.34074641064514055
payments,35,2,0,1,0.08703427982987126,0.06837795742703433,0.5724752551327122
api_gateway,30,1,0,1,0.06767564474217229,0.04980350562469105,0.24308272696749983
auth,3,0,0,1,0.04390706147419396,0.2957445317440547,0.3659106174811205
database,8,1,0,3,0.0015159324275847564,0.07196982851476963,0.48972414500971595
database,4,0,0,1,0.04354175154406605,0.17479965894924496,0.044052143401017506
payments,25,1,0,0,0.12024638847470509,0.32474467993303363,0.1181665568454417
database,11,1,0,1,0.06809551761414138,0.12888056620629113,0.07056109475277382
database,13,1,0,4,0.023927097379507736,0.3226268865133528,0.49868302706713735
payments,20,1,0,1,0.007394949361375491,0.24256391069752015,0.5557818806817901
payments,15,2,0,1,0.04027501142962431,0.3904055702395177,0.14802820440137088
payments,36,0,0,0,0.1341137053886768,0.10408454717430145,0.08894808576217048
auth,13,1,0,3,0.005164179722275664,0.24931603226920146,0.19284910070853784
api_gateway,31,1,0,0,0.03807470260876678,0.016758150576581282,0.5894572021715887
auth,9,0,0,2,0.05941593578796515,0.03724805596434324,0.23202249806742736
auth,3,0,0,1,0.06102489782898049,0.23844907848129804,0.0876274111256094
auth,24,1,0,3,0.014542285909543984,0.25999707720867193,0.13099330102697432
auth,13,1,0,3,0.012068846784624044,0.2695835422902667,0.21920275183133986
auth,14,1,0,0,0.06948870858072802,0.19505343778830359,0.2524059127078284
payments,12,2,0,0,0.13324082947672589,0.35502522872647657,0.09967520816449016
auth,14,1,0,2,0.008828249858491644,0.06210024946741355,0.18981229489799134
database,13,0,0,5,0.03845476290779429,0.20065331561455196,0.2640424832741866
database,28,0,0,3,0.07511127995722458,0.06500587335731203,0.30008664888289177
api_gateway,46,0,0,2,0.06735126092658435,0.0891934285021285,0.23302379922542432
database,29,1,0,5,0.06391305342286825,0.2907728364754215,0.11969494835298755
payments,5,2,0,1,0.005754233218196197,0.224096585513221,0.5220958303375032
database,6,1,0,4,0.004258182790042478,0.2929510040523214,0.1869381998416888
payments,15,0,0,4,0.008457278077984737,0.1581956304734281,0.5200108429176822
payments,35,2,0,5,0.10666827255229287,0.3840047523276502,0.23100273417311773
auth,21,0,0,0,0.09424578385332963,0.0247039487237359,0.08534819007794386
database,8,0,0,6,0.01625660746083449,0.09172482427575188,0.25127452862572885
auth,19,0,0,3,0.06925773793969058,0.07261199783281398,0.278090031488944
database,26,1,0,3,0.022044465229752487,0.14338697653811122,0.29779435856329944
payments,30,0,0,1,0.07558331951869103,0.3064103598077186,0.054592355632573315
auth,9,1,0,1,0.0828694942244002,0.18743997662182446,0.22803855465845138
api_gateway,39,0,0,2,0.011850967638030969,0.2105923110672563,0.2404251190247612
auth,13,1,0,0,0.04572608045918206,0.08141070450751692,0.23782654869504566
api_gateway,39,1,0,1,0.04750021121441301,0.1190403399647097,0.7456671909705955
payments,21,2,0,1,0.005912637768054446,0.15525323240089972,0.32142520023993915
api_gateway,24,0,0,2,0.025305397942990027,0.1264381214580748,0.16717873213829104
auth,15,0,0,1,0.022099815752363517,0.2704932533310928,0.060947943515808796
database,7,0,0,1,0.04814297315256926,0.08001737031030579,0.4374258580586515
auth,7,0,0,0,0.06224833190290374,0.13348999702052655,0.34249132463736986
database,20,1,0,3,0.01369485787229742,0.08937020265267179,0.2236239481457872
database,14,0,0,0,0.01879494215591323,0.25107981267974144,0.48411028586194743
payments,5,2,0,3,0.13263677608934313,0.09080051973536825,0.35208819925784185
api_gateway,48,1,0,1,0.01564383891017779,0.12751763474123823,0.6408114697752654
database,13,0,0,1,0.06794286657244174,0.1381663450073248,0.420220996846339
auth,21,0,0,0,0.0739289628746437,0.029778044792758473,0.05260961903350522
auth,6,1,0,3,0.008745015650275368,0.09193731940513518,0.3808366128717219
api_gateway,14,2,0,3,0.002443663498839257,0.1523387799163971,0.7266532407426858
auth,17,0,0,1,0.011346050152476906,0.26377471292333543,0.10253080463029784
payments,35,1,0,1,0.12941561661888384,0.18010607739865528,0.24312902980624662
api_gateway,33,2,0,0,0.02427034052800739,0.18084108686934633,0.15476887533688796
payments,37,2,0,4,0.14339700882391085,0.341269191458689,0.5191258625205618
api_gateway,13,0,0,0,0.018086200585778995,0.1097178047507148,0.7418723164652246
api_gateway,41,1,0,1,0.07974326122191701,0.13902974644414362,0.5961677648727127
api_gateway,20,2,0,0,0.01427946623656239,0.1326267029010202,0.7565502683398342
payments,38,0,0,1,0.02283423208753002,0.17022235107868702,0.05851535252563344
auth,16,0,0,3,0.04411488250468019,0.2871319658568097,0.27899674405137176
payments,33,0,0,5,0.10539443646568737,0.2436781565573305,0.3563862629761544
auth,21,1,0,2,0.08129477019446214,0.11596736211944779,0.31582572730334146
auth,13,1,0,0,0.08614748123426944,0.01467354758354611,0.12697474195658287
api_gateway,12,0,0,2,0.035916364107092875,0.2181744225268916,0.6776333266909151
auth,5,1,0,2,0.04733541793328011,0.04010107465941064,0.3047746846609827
database,9,1,0,6,0.05978596547613781,0.0010888071681349808,0.42355850090071545
database,26,0,0,3,0.017949794489404463,0.075176513558739,0.437011004372802
payments,34,3,0,1,0.032522141389366245,0.16286949543955012,0.37463935089283185
api_gateway,30,2,0,3,0.06419330391356122,0.1220635544080548,0.6841870310135799
api_gateway,39,2,0,3,0.024113826405051143,0.13556386206844126,0.13876085869724286
database,27,0,0,2,0.007564878021397439,0.14822066409933157,0.12654655641232718
payments,17,0,0,5,0.1351361595400486,0.23254662288182995,0.5569500812920862
database,15,0,0,3,0.07179380569826764,0.18011255858241157,0.07443047122335902
payments,18,1,0,4,0.1406221758598657,0.08291300901989423,0.5387534681496252
database,19,1,0,6,0.03980685629654954,0.2667152277597458,0.27184020721497526
database,20,0,0,5,0.028719833325569148,0.28997030348637076,0.07757516696983953
payments,10,3,0,1,0.11743854213863586,0.3153100832683319,0.5511788706730693
database,13,0,0,6,0.03245455204017042,0.06136468188782019,0.42433456682455695
payments,13,3,0,4,0.14005183591994028,0.0744660142984281,0.11988094594672088
payments,35,3,0,0,0.07911846955825982,0.055351425016767354,0.4405797706780768
database,11,1,0,0,0.024642901994258785,0.23626771810122724,0.3374712769372426
api_gateway,41,0,0,2,0.07551587174882451,0.09799608368566076,0.6722514662086346
database,22,1,0,2,0.04216314599340791,0.1695142058727273,0.4868222305395853
auth,16,1,0,1,0.022973465411852856,0.07055107173738352,0.21365867894995605
database,22,0,0,4,0.07696467584221106,0.3294834374919602,0.4107592890960852
auth,6,1,0,3,0.056392445792096325,0.25993463419027923,0.26088774779795165
payments,18,1,0,3,0.040602540645259665,0.06912802058258093,0.546011074042919
database,21,1,0,2,0.004316090581928176,0.06531217618171066,0.24399422924811784
auth,14,1,0,3,0.04647237562500374,0.2557500731638436,0.12649281264404832
payments,17,0,0,2,0.08135798402856581,0.0502644582318331,0.10713058465334577
auth,17,1,0,0,0.06545222690109419,0.2825084494504978,0.37625072063860876
api_gateway,37,2,0,1,0.04588298393300839,0.04792669274043443,0.5471545328744791
database,8,1,0,0,0.042727204857901165,0.3107908800371816,0.31810085067406424
database,13,1,0,1,0.003909596696565245,0.25283973711204866,0.3089587226142558
payments,23,3,0,0,0.07756768962853793,0.13035605735745712,0.3632315281394316
payments,31,3,0,0,0.013383325208585789,0.11919191786490782,0.15964257091957745
auth,15,1,0,2,0.03826411550655715,0.26833961379452714,0.15336466053502612
auth,19,0,0,3,0.032938732198659636,0.11865508293226713,0.36626606921586546
api_gateway,24,1,0,0,0.034972001934524086,0.1128586840303058,0.6724396432789933
api_gateway,11,1,0,1,0.013228638192742928,0.06209732170155749,0.3079838306384226
payments,6,2,0,1,0.00844999166988597,0.17511090875582758,0.3149349109067875
database,17,0,0,6,0.0777592078864581,0.3147670598565973,0.10901829157380336
auth,7,1,0,2,0.05220484161712585,0.1735535377228336,0.29254005506728253
api_gateway,16,0,0,1,0.07531598801197224,0.05392811812454054,0.7464597353765844
api_gateway,10,1,0,0,0.022518974174476458,0.06575923088849209,0.5570596696554385
api_gateway,16,1,0,3,0.006127540131291873,0.08325314369275155,0.3623887465769141
auth,19,0,0,2,0.09148151491912278,0.1879509921798289,0.0368747236003867
auth,23,0,0,2,0.09666149922642142,0.19745922246401001,0.051647646036291475
api_gateway,18,1,0,2,0.053555662018337793,0.1651685629613309,0.44564550439715167
database,14,1,0,1,0.003970748322926268,0.20216381660081256,0.34431913260064717
payments,5,1,0,5,0.07000247337462963,0.34569224090462286,0.32024199964783184
database,27,1,0,1,0.0038233187096097156,0.03787714824859187,0.4303885214821046
auth,10,0,0,1,0.05355366777971948,0.0052894226802074115,0.17444591803567958
auth,19,1,0,2,0.06092974392914144,0.1134092300622931,0.3354543803845439
database,17,0,0,5,0.055627919720666816,0.2204814362444186,0.1729437003968377
payments,12,3,0,4,0.08405230115254851,0.37564347932409625,0.16892809191504518
database,29,0,0,2,0.05312172853759834,0.10390051873810249,0.17639568175289003
payments,22,1,0,5,0.1141508974424333,0.16224775610217695,0.46249284140898633
auth,15,0,0,0,0.07343234082185247,0.2047734411270248,0.1176308136416815
auth,4,1,0,0,0.035248472759806186,0.16239039487689655,0.20507106784660648
api_gateway,43,1,0,0,0.07980222661785595,0.03309864601557766,0.4260015053600026
database,7,1,0,0,0.05775306794494687,0.15772688613532362,0.14462267108470572
database,15,1,0,1,0.039835085080970674,0.13545434114751795,0.09345377697876588
payments,33,3,0,1,0.049429562066099504,0.17996511243420216,0.40623999113462633
database,17,0,0,6,0.06503204781365962,0.016606616201017565,0.17002128354463353
api_gateway,39,2,0,2,0.016565587739246147,0.04124703301120239,0.6775130707645036
auth,12,1,0,1,0.08679939333361106,0.07047187833937157,0.1767340676852836
payments,26,1,0,0,0.05921629751575243,0.06740585738367369,0.28643551696866637
database,25,0,0,4,0.0756569091986927,0.07575293972131858,0.06583643569063499
api_gateway,46,0,0,1,0.0417582298415127,0.20236908779768492,0.12785493189456268
payments,37,1,0,4,0.0670909452235683,0.09057184203506,0.2748640139487875
payments,19,1,0,1,0.0733426389657678,0.14527564948649002,0.11908698693616614
api_gateway,23,2,0,1,0.013840589617388854,0.122512456231853,0.507227023733002
payments,36,0,0,4,0.0635037041026179,0.29472673273188005,0.29207931359586525
auth,23,1,0,1,0.0291653185394699,0.2857757943952257,0.11516707318236535
database,19,1,0,6,0.027682102722139775,0.00985774790586813,0.3003267164908521
auth,6,1,0,0,0.02946182996849034,0.19840179251657478,0.36782224627990256
auth,20,0,0,0,0.06698908678584069,0.05677059328478101,0.2841482338791874
api_gateway,31,1,0,3,0.0023730811343240267,0.0920741301834678,0.5410515939405506
auth,16,0,0,2,0.059872334105673046,0.11223172119495166,0.04554687876855307
auth,23,0,0,3,0.08908118943138031,0.2616331226379081,0.2625935497604904
api_gateway,16,0,0,1,0.07175846701244629,0.1468040230597289,0.521778731542426
api_gateway,27,2,0,2,0.06187473728804459,0.12913861150414313,0.39664131209830467
database,7,1,0,0,0.03715786095677381,0.24271830672508243,0.42005830749728224
payments,17,1,0,2,0.08046155746200456,0.17941701974738378,0.14585327317574837
payments,7,0,0,1,0.054995655014468466,0.20122732905281127,0.3662244212763027
database,18,0,0,1,0.014884002624695958,0.13227693722076858,0.43592684071661464
auth,16,0,0,2,0.019986029727419887,0.17289264596671697,0.04999464916872387
payments,31,0,0,4,0.028361648066752326,0.3165410894609338,0.24221685026945555
payments,13,3,0,3,0.018040644469291028,0.012742705011304034,0.3807521948445365
payments,27,0,0,4,0.1373124302200055,0.22827327002879147,0.0952282718308303
database,15,0,0,6,0.018639759044236204,0.14310469633374762,0.19142173703251583
api_gateway,25,1,0,3,0.030704305995604725,0.09499056171681225,0.5639322693102619
api_gateway,10,1,0,2,0.020922931356462032,0.1339153645730322,0.1439586285271935
api_gateway,40,1,0,3,0.0769387651754169,0.052675008969529424,0.559478865221926
database,26,1,0,6,0.050626345044368935,0.32036605424898085,0.13821882319333054
api_gateway,37,1,0,2,0.062110660682906646,0.10012768406942485,0.21788315318270002
api_gateway,43,1,0,1,0.03658573786480606,0.16599705691596298,0.18110474504153096
database,4,0,0,4,0.037910629867539035,0.07456636137025552,0.19197041770365494
payments,39,1,0,0,0.11375771573848767,0.009486544122316243,0.49920990370997476
auth,12,1,0,3,0.09590084436087262,0.2779636624306882,0.2526696292770828
database,9,1,0,5,0.013620390617771694,0.07146967190747162,0.49617309951374367
database,27,0,0,4,0.01081926284996448,0.24924636956540588,0.0781819308401536
payments,11,2,0,2,0.07262767474838952,0.3019760800633316,0.38992063857232634
api_gateway,37,1,0,1,0.0176761633254522,0.040002718814707156,0.12594702456051646
auth,9,1,0,1,0.05960985276700958,0.20560163457640687,0.3914952760519609
auth,3,0,0,2,0.08838761119858818,0.014264282664349048,0.14910698252527405
payments,17,0,0,0,0.09293738892406302,0.10072588080365269,0.37333713056137985
api_gateway,38,2,0,2,0.0562647221474022,0.0877972414632773,0.7901259959314179
api_gateway,47,2,0,2,0.0014682457838803575,0.031773431231284094,0.3368214011782867
auth,8,1,0,0,0.007625156434625347,0.11566886403309601,0.39312181853612516
database,18,0,0,0,0.013441419063762092,0.028600164962706686,0.38225981711780016
database,9,1,0,3,0.004642444950689644,0.19816108961441728,0.4812494361543645
api_gateway,30,0,0,3,0.05590321690278218,0.1476188681108859,0.3715184080966636
auth,19,1,0,1,0.08959344962919022,0.015193597933117897,0.18779197608401033
auth,3,1,0,2,0.011043437130871648,0.15226149752762266,0.3754866250424008
api_gateway,24,0,0,1,0.00742588542091128,0.062035713990638675,0.7868166547587653
api_gateway,13,2,0,3,0.0722203736666335,0.012403198836927254,0.5994674585431808
auth,10,0,0,3,0.07793632650477184,0.12472631630268056,0.22246637870245267
auth,8,1,0,3,0.01698203458957346,0.07404352354621084,0.2202714322846577
auth,21,1,0,0,0.034909698649408204,0.016039717237688534,0.1503381458794828
api_gateway,38,2,0,3,0.021914798278310724,0.07764125761682067,0.6963561777251704
payments,21,0,1,0,0.10945176204708619,0.16669962424962126,0.3614022913745563
api_gateway,17,0,0,1,0.07682736210775234,0.03195776671215367,0.6564292374301351
auth,12,0,0,1,0.05702481249473995,0.12875160832771862,0.12005181332642528
payments,11,3,0,5,0.10321764888095254,0.04259270531388255,0.5218973725000472
api_gateway,8,2,0,0,0.0782277316596027,0.18996402920996347,0.3829079107588934
auth,4,1,0,3,0.009895230168653492,0.023394849896994994,0.06440270228457276
database,11,0,0,1,0.06600930967280706,0.15905220330117456,0.41604458450784926
payments,5,3,0,3,0.12132878085503479,0.18846902375125674,0.4500685116152733
api_gateway,8,0,0,0,0.03235613898354083,0.2491699347884441,0.3036168564744785
payments,29,0,0,4,0.10599637826234008,0.2604790848381386,0.14752118943745468
database,29,1,0,5,0.03705893885898729,0.012557888626097163,0.2056716171956553
database,20,1,0,4,0.029292277017382125,0.0693348502109198,0.3868323687035765
payments,33,0,0,5,0.02211795138992693,0.06475824402094336,0.36922999117908084
auth,17,1,0,2,0.09199013664369214,0.12676000646549304,0.1635920883629322
auth,10,1,0,0,0.08977740682550511,0.29413849053294916,0.31104487750557686
database,27,0,0,5,0.014438135687273866,0.05419096136770636,0.1201329354758719
auth,9,1,0,3,0.016774440613960273,0.267029527256301,0.16607662869707754
auth,11,0,0,0,0.013249895626628662,0.2614791452854683,0.2825552186926935
database,17,1,0,1,0.00836194172514495,0.06876507779733615,0.4914569170208444
database,6,0,0,1,0.007018773150471347,0.030106365647288177,0.20028669364067062
payments,27,2,0,3,0.047188145012109974,0.09660249074242451,0.37482431175622166
payments,20,0,0,3,0.008036483941111188,0.3771650845567026,0.18492077389228895
auth,5,1,0,3,0.07946621542939619,0.050582041886854286,0.17922465855737724
api_gateway,49,0,0,0,0.04921085529335586,0.1304033695880574,0.36989159750017453
api_gateway,20,1,0,1,0.06267118823218983,0.13944943116924896,0.4586619204893757
payments,39,1,0,0,0.01909678181200875,0.3239652481224362,0.20277022721249027
api_gateway,38,0,0,3,0.02534411202255111,0.08851473217391095,0.726082428545674
api_gateway,13,2,0,0,0.0566104334693879,0.06051666517113086,0.31967461637938455
payments,13,0,0,1,0.04692669420085022,0.20270801628711524,0.24178654596363808
database,20,0,0,4,0.013519433990269976,0.27498872862161083,0.13535032069057393
database,29,1,0,4,0.004616037559283548,0.28266820102562906,0.18231128673304095
payments,21,3,0,2,0.018942520887685343,0.24694170039522684,0.5922858747270356
database,12,0,0,0,0.0195609932155237,0.1535940464506537,0.49319393884171936
auth,5,0,0,3,0.06699491810030801,0.1713785485327858,0.18022213611436808
api_gateway,46,0,0,2,0.04769093420869475,0.11695860279383843,0.478594335777768
payments,29,1,0,0,0.08832154052343348,0.35052558796620353,0.17529041564207087
api_gateway,45,0,0,0,0.050205791730981594,0.05868518767075137,0.4409534937795432
database,6,1,0,2,0.02181242105227427,0.14281656582708674,0.22337640616935267
api_gateway,46,0,0,3,0.014485990512166796,0.22131636472067642,0.20254167169390114
auth,8,1,0,2,0.02264606037580549,0.08569760087486483,0.0390395844438446
payments,22,1,0,2,0.13125130496159554,0.134466135431832,0.21501676432752315
payments,38,2,0,4,0.05094909307221641,0.1903625309892803,0.3163171861678848
payments,7,2,0,0,0.015441921705042926,0.3944111712785719,0.05562862102481664
database,19,1,0,5,0.0257937732890763,0.009665731636725365,0.28080925677272944
payments,16,1,0,1,0.07505375405765853,0.015701221228399963,0.48732739738133724
payments,27,3,0,5,0.11707067075702324,0.12644195517635826,0.06928572196029528
payments,37,0,0,4,0.029241415345523974,0.010578761039066987,0.28673204944838176
payments,32,2,0,4,0.04032923174685099,0.10802338644062229,0.43155771428408063
payments,9,2,0,5,0.10343013133581228,0.2974010143116301,0.5599461607547939
payments,16,3,0,2,0.028036094467517723,0.17056242259678914,0.2877492082834927
database,21,0,0,4,0.009814202336207414,0.04056490173496382,0.2676515193919236
database,17,1,0,1,0.02264110424647579,0.181557752526148,0.20999411350949768
api_gateway,41,0,0,0,0.03365446216612086,0.0882818819202206,0.38998429483884745
database,28,1,0,4,0.07955711759168012,0.27369434875184834,0.12221167654489137
database,8,1,0,5,0.035732638926472084,0.0722592167649471,0.09678240445882487
api_gateway,36,0,0,1,0.06484663426486985,0.2084965854827639,0.3342735823160782
database,22,1,0,0,0.042426827902936406,0.07094461792257369,0.07511553768920588
api_gateway,11,1,0,3,0.010872849784786266,0.10801628497621574,0.5871045410379454
auth,8,0,0,0,0.014934845031947343,0.21820605512278785,0.10970196094699189
payments,36,3,0,5,0.10288144126296969,0.12148838143647547,0.5768006280972925
database,23,1,0,1,0.013517540441585565,0.2098525310087668,0.435807338406518
api_gateway,23,1,0,2,0.0540159735870347,0.04088218034785088,0.7436053269982896
api_gateway,44,2,0,2,0.05115335014108631,0.00929152821107132,0.1478154444068656
database,12,1,0,0,0.07599728704725899,0.2282591944821149,0.46638351846530934
api_gateway,29,0,0,1,0.02487269621824404,0.15122138351963768,0.17490219720520944
auth,17,0,0,2,0.07836735930196038,0.18309233446202877,0.340094123881572
api_gateway,12,1,0,0,0.03422091262796207,0.14115262711600274,0.711332573546498
database,19,1,0,3,0.06436893608202728,0.05803156478930304,0.384326089055023
database,7,0,0,5,0.028862771327322314,0.16355333351995746,0.21843980997807913
database,12,0,0,2,0.05801273210398637,0.1901122562059616,0.17390014189734596
payments,18,3,0,2,0.11494561066783501,0.3574138333993748,0.15895730683259807
auth,19,1,0,2,0.04722634607952153,0.14157273297437625,0.15825668691685787
payments,39,3,0,5,0.06045581368606982,0.23744421777856575,0.5089605589044456
auth,4,0,0,0,0.02182470547811538,0.007654064659430892,0.2682945308347717
payments,32,1,0,1,0.12638073440979555,0.32675119435751315,0.5026981409537842
auth,3,0,0,3,0.01170414826884435,0.035933513965068296,0.2700554910941888
database,11,0,0,3,0.05254296087715434,0.016228859084777548,0.26619011630909356
database,19,0,0,2,0.07340971759653271,0.043272868568304854,0.30345266487544437
database,7,0,0,5,0.04523187881175716,0.24460073068546295,0.318837142614144
payments,36,1,0,1,0.07908827249260157,0.21885105702756025,0.12335968015075854
auth,15,0,0,0,0.039768113514503434,0.20391258878372853,0.3055318687770763
api_gateway,46,1,0,1,0.03521164863243306,0.12379381260401745,0.41145902527115397
auth,24,1,0,1,0.003072717965049954,0.061849453389362125,0.1418029567425861
payments,21,1,0,5,0.10290363359038365,0.19533396520173385,0.22754797374261382
payments,9,3,0,1,0.14233743272830726,0.29015584066473304,0.5708981508365555
auth,7,1,0,0,0.021581118641865817,0.15767849694851205,0.2852169187185457
payments,16,2,0,3,0.012992964128204105,0.08861086076094682,0.3546098453762213
api_gateway,24,2,0,1,0.06984324718541524,0.2286156630472367,0.3130315150759031
payments,37,1,0,1,0.028780977660675226,0.0746931976389484,0.5080172676489928
payments,11,3,0,5,0.14961344085803313,0.09676230903670313,0.16828930930577884
database,10,1,0,0,0.007802079223744718,0.14324179894491873,0.4499850458655235
payments,6,0,0,0,0.0812640479911523,0.03731495388878741,0.19584948132167757
auth,23,1,0,1,0.03120919159070821,0.17380908519796417,0.19533126415215984
api_gateway,46,1,0,2,0.030148392671434623,0.13744026198507137,0.48585253132753126
auth,10,0,0,3,0.05018981804026647,0.23101179470463695,0.36746518215867774
auth,7,0,0,1,0.06591135216215475,0.1950490597552931,0.2667420973228217
payments,5,2,0,1,0.05475713500389023,0.35463583846757857,0.19721671787319345
database,29,0,0,5,0.05638418758726887,0.07687329700221664,0.22929245424809006
payments,7,3,0,0,0.14739786172403538,0.02665119936414988,0.10224265473752167
api_gateway,40,2,0,2,0.03052237661685984,0.013898095270436173,0.31481588832361757
database,26,1,0,5,0.0008837088045318709,0.21442956332993054,0.28887800769755795
api_gateway,17,0,0,3,0.03116727981578153,0.1327668457166494,0.16968446344967703
api_gateway,21,0,0,3,0.020759065765442113,0.18442695333073955,0.11133403990411964
api_gateway,16,0,0,3,0.07761451306423163,0.01196342376269613,0.5340924915604672
auth,11,1,0,3,0.08429724020485632,0.03487372580698139,0.18946753656522272
api_gateway,35,2,0,3,0.07784933488075059,0.24949552178196893,0.271623847003032
database,24,0,0,6,0.061546447105970785,0.20532171069318436,0.4593614560153448
api_gateway,9,1,0,3,0.0008076807862830115,0.044639258132897486,0.5204609180319331
auth,15,1,0,2,0.09319224356855871,0.06762063443064006,0.2675611442928404
auth,18,0,0,3,0.08970574683722922,0.2926445977343283,0.1260799185679112
api_gateway,18,2,0,1,0.008654343800562793,0.07756986985633874,0.18804985712463357
api_gateway,35,1,0,1,0.07957830153833223,0.050720283845472725,0.13632585456422783
payments,15,1,0,3,0.07310622118818673,0.3684277945198326,0.3356040453173992
auth,19,1,0,3,0.05239116767043972,0.22488634666909288,0.2818308535090125
auth,4,0,0,1,0.09394316270997966,0.2153489328422674,0.09777129216273824
payments,33,2,0,2,0.10246043627851861,0.012825406837816633,0.09088197979446908
api_gateway,8,2,0,1,0.0005772251100511206,0.16964847177106465,0.4751905311087631
api_gateway,21,1,0,3,0.06938396277668178,0.026249865480660634,0.3182166414930826
api_gateway,43,2,0,2,0.059825418476819846,0.21722965291767787,0.28343163143030636
api_gateway,25,0,0,1,0.023801080074029726,0.06595725917110071,0.6691709507342921
api_gateway,12,0,0,0,0.06291854662793128,0.11989111448289616,0.36748420792434655
api_gateway,24,1,0,3,0.04753840201187345,0.01532437682106147,0.6864897515115768
auth,17,0,0,1,0.03141674127919636,0.27781841183602585,0.3415457422958479
database,20,0,0,5,0.030616502815200217,0.08015906922568201,0.40990487031073713
auth,7,0,0,0,0.025804389403671548,0.10749687857681496,0.37485695940829045
payments,16,2,0,3,0.06726117615238993,0.3440991243909859,0.4821801827165648
database,10,1,0,5,0.06838489250538249,0.05341745774758061,0.2129759664134904
payments,6,3,0,4,0.053021621269256816,0.0021356567878754174,0.3263191903139446
auth,16,1,0,0,0.029767197934630375,0.268931230715621,0.2938724423101048
database,14,0,0,6,0.06532866810837731,0.2755825112565348,0.42744608721123334
auth,7,0,0,3,0.08097840267383138,0.2989670217704247,0.14483444907710935
auth,10,0,0,2,0.06858724552314402,0.14254415404706475,0.171315008671599
database,17,1,0,3,0.04021770471637792,0.17787794559089368,0.28239296351657517
api_gateway,40,1,0,1,0.026754649419975313,0.17626279219357033,0.2696153132248476
database,28,0,0,5,0.0353951351343048,0.2902107186997056,0.3364073817409544
api_gateway,9,0,0,2,0.0724763400009377,0.029910631134763915,0.13522021035250348
auth,11,0,0,2,0.05425702034080679,0.08715097415958573,0.2540641105013818
payments,38,3,0,5,0.14458740181097826,0.20875378477099132,0.0994820033735285
database,29,1,0,3,0.06046705003013398,0.2365900338869433,0.21346949063552978
api_gateway,26,0,0,3,0.05519050771816135,0.11798838609992779,0.36565141512913635
database,9,0,0,4,0.011653084149094068,0.3091559323067995,0.45488983552125434
database,24,0,0,3,0.07197928727837954,0.3338583836343657,0.20613516504470572
api_gateway,16,0,0,2,0.00869323140630355,0.03604807476892505,0.1102230121552682
database,6,0,0,6,0.022675668760435634,0.3275039419325795,0.13848986939487812
payments,17,3,0,0,0.06041783010697424,0.16377917505092365,0.3068320750400888
api_gateway,10,2,0,3,0.07556628770107145,0.13289604368264749,0.15488808010258287
api_gateway,47,2,0,3,0.034510513839863644,0.09427825495586067,0.4791858651244809
auth,11,1,0,1,0.08744443882061596,0.15425645427630338,0.27194958166113836
database,24,1,0,1,0.0640910966639012,0.20303217812136642,0.3710542504180371
api_gateway,32,0,0,0,0.07146140922417724,0.07300785285557448,0.7991774375006881
database,7,0,0,4,0.02945245922902303,0.010106694243007735,0.24452808126155576
database,15,1,0,2,0.07229699453043133,0.08435792349519441,0.1109094354558316
api_gateway,22,1,0,3,0.018228512169402578,0.009577637314482579,0.3388952272220224
payments,14,1,0,1,0.12528660902382985,0.31254248735808016,0.08905372912242371
payments,25,2,0,3,0.10785342306504014,0.07216952883254817,0.06218774454948685
auth,20,0,0,3,0.02383924421890098,0.27059642828794683,0.24260061239060193
auth,8,0,0,2,0.04154820866996033,0.1908409591284393,0.34216618927208475
api_gateway,37,1,0,1,0.054044332371704515,0.032094451533374924,0.5587307087236696
api_gateway,12,1,0,0,0.004358736045515732,0.16472048427747502,0.5509193081479971
api_gateway,25,1,0,1,0.06888434170042036,0.0056686473565868145,0.719634228610145
auth,12,1,0,0,0.03844287330673829,0.22373464740038154,0.39739705067314923
database,4,0,0,1,0.032643439905445756,0.027919429212567858,0.2962919530253087
payments,5,3,0,1,0.13173787015985197,0.3276429304710751,0.0626970143034736
api_gateway,13,0,0,2,0.04112319800358188,0.20813585518258926,0.6007366222421363
payments,8,2,0,0,0.03860481876024511,0.25754717102205055,0.5283968011976576
payments,18,0,0,4,0.03295841251655953,0.36392945633282414,0.10893618330980788
auth,4,0,0,3,0.09907250552476052,0.27353236410724285,0.32457568796853753
api_gateway,9,1,0,2,0.06676067603041623,0.10058255189164475,0.34926891736998017
database,24,1,0,2,0.05671607394673256,0.2945711062164914,0.13771248333128844
database,29,0,0,1,0.01756248158524955,0.11587615854436177,0.37486910830969844
database,22,1,0,3,0.042949301366749,0.2313923526817523,0.3103736791251161
auth,12,0,0,0,0.0035774690714007852,0.2485949729887802,0.18558883248831692
api_gateway,8,2,0,3,0.018472149117869766,0.006907074839075378,0.18543395087020192
payments,5,1,0,1,0.09712796933552446,0.17743988052727488,0.49326048437844716
database,24,1,0,1,0.026233564109715984,0.13718931182247096,0.3053767156306401
api_gateway,46,1,0,0,0.05445543844412711,0.11124870297547967,0.7008802321372017
auth,11,1,0,3,0.06393387635014058,0.2021943816949652,0.3474888867232292
payments,20,1,0,4,0.036719980950258885,0.375387284946325,0.5940512904013527
database,18,1,0,2,0.02261238657309413,0.263564348710578,0.15723056505859395
database,14,1,0,4,0.05765474002170522,0.10588333734639072,0.07215218640900026
auth,19,1,0,3,0.09277710984068192,0.1887339430441291,0.24958619394609272
api_gateway,17,0,0,2,0.02884529307305086,0.08461138841561311,0.17012442412258358
api_gateway,24,1,0,1,0.056079489652402205,0.08370608464137078,0.2562016547735552
api_gateway,8,2,0,3,0.005187825914562429,0.00585788722225733,0.6191639367759814
database,15,1,0,3,0.047010183779317656,0.2094677507358516,0.35110572957789876
api_gateway,12,2,0,2,0.057391718703170155,0.2415768911063076,0.6888407153250407
api_gateway,41,1,0,1,0.0790526885799828,0.21759838601314857,0.18649153860193152
database,14,0,0,0,0.006234170630489615,0.21133818027986417,0.4718171376999526
api_gateway,37,1,0,3,0.06155156189814053,0.05538216711910535,0.5315509441405007
payments,10,0,0,0,0.041628420735358884,0.15829793193894176,0.4400996064183971
auth,3,0,0,0,0.006222417265224201,0.23401827696545047,0.2715465073421407
api_gateway,25,0,0,3,0.003379479603369733,0.016474329363577567,0.13793916224193747
auth,9,0,0,2,0.08896013951243947,0.11665095511421998,0.14712379580672083
auth,15,1,0,1,0.036205585017249145,0.17334645188148415,0.06917310456183279
database,12,1,0,6,0.06592794317068057,0.25606448675967824,0.18775949749232665
api_gateway,40,0,0,0,0.07592277976946325,0.19781072438940794,0.5857486779510764
api_gateway,41,2,0,1,0.0793518571623252,0.238719590571047,0.27732861279754595
database,5,1,0,5,0.017552126370990503,0.11971184395466017,0.11174344884041598
auth,21,0,0,3,0.09671211782547476,0.029167325377927433,0.21235610539482666
payments,16,0,0,5,0.12541183511929213,0.31331603697554655,0.5086541302535702
auth,10,0,0,1,0.07461148572032364,0.16800130922317766,0.250125892094028
api_gateway,12,1,0,2,0.03447998313219437,0.19316486628631244,0.6986633360224461
database,9,0,0,6,0.07692134453014554,0.3385814361923692,0.21208824991615774
auth,8,1,0,2,0.06946222874404766,0.15219555020389466,0.25589884810349095
api_gateway,35,2,0,2,0.05174652342697156,0.24404303794789542,0.7884220868933796
auth,12,0,0,0,0.010701067260442088,0.19222000779223364,0.29446466264472604
payments,19,2,1,2,0.12754765622363984,0.17107671521338444,0.26922981449515065
database,27,0,0,0,0.06754537931250588,0.280380747505568,0.353259776513624
api_gateway,45,0,0,0,0.02799171933664736,0.012095138446649029,0.24969992308940858
auth,14,1,0,0,0.06670015326808647,0.07780974635024845,0.39290213552326236
payments,24,2,0,2,0.05391357402462256,0.17649186763668673,0.06574715660960906
api_gateway,12,0,0,3,0.022090951013930323,0.17225365459048841,0.6661222608290093
api_gateway,36,2,0,2,0.04301096177028603,0.1455068808011576,0.704557207953667
payments,27,3,0,5,0.008569907901499496,0.10052307485686272,0.431895738947399
database,15,1,0,6,0.015407814660916737,0.046330535790875906,0.4052217591176441
payments,38,0,0,3,0.09615090859810518,0.02155931615751552,0.12091551798089945
auth,24,0,0,0,0.05447796153700997,0.2628419354052022,0.36284653009097545
api_gateway,15,2,0,0,0.03042212432365762,0.15122653866108368,0.7393591017261857
api_gateway,15,2,0,0,0.04879131480042384,0.24478726768715184,0.41660603130749385
api_gateway,28,1,0,2,0.07776416071511984,0.06295803972373795,0.2047496244497306
database,8,0,0,3,0.033806605496312966,0.2525583097969781,0.08767477190956571
database,6,0,0,5,0.06784604931004663,0.2624185640477932,0.05643830970490339
api_gateway,34,0,0,0,0.05703527908305667,0.01724509945078101,0.3520882853959131
payments,8,1,0,5,0.019355461333413735,0.10604930457829581,0.288068108737619
payments,12,1,0,5,0.025266082669787287,0.031296839432009095,0.4895962812779823
payments,25,1,0,2,0.1254930315551487,0.37031541979782734,0.12336957934761918
database,22,1,0,5,0.047448588614694164,0.19925189443989913,0.3940773651840604
payments,19,1,0,5,0.03141100709249004,0.19910262544275856,0.33323889585658956
database,28,0,0,0,0.05625870848898581,0.1303580752263537,0.4279230113601709
api_gateway,36,0,0,2,0.052898200341887525,0.10279199458585342,0.2706878171990605
payments,25,0,0,2,0.0733824373032136,0.30735997157951195,0.5289457336265898
auth,16,0,0,3,0.04793252777715155,0.049655920681472884,0.07680165494849406
database,26,1,0,2,0.042012716702233374,0.14238565321087998,0.3065162185440472
database,23,1,0,4,0.026951565214324635,0.18178128682378103,0.24247864060408764
api_gateway,13,1,0,3,0.036419115146986834,0.13877890689762518,0.3189993199870538
database,13,1,0,0,0.030799355818868675,0.015538795709371637,0.06738659014570927
payments,34,0,0,0,0.07546089004074136,0.36683940206871773,0.08621319047976006
database,24,0,0,1,0.06468253406178291,0.06580464302090175,0.4571321238248831
payments,25,3,0,1,0.08777921780892807,0.17686164551463313,0.3513289458504708
auth,20,0,0,2,0.02421721230472771,0.2202345903193257,0.371617029247426
api_gateway,9,1,0,1,0.004017015088913256,0.15103459528835778,0.320397054317568
api_gateway,41,2,0,2,0.03482958974990104,0.06588226152656387,0.4307038887417587
api_gateway,12,0,0,3,0.02304825678169382,0.05365212586994578,0.2719626301790047
payments,21,2,0,0,0.13715106639997252,0.2534141174464681,0.44482731812219495
api_gateway,28,2,0,3,0.03956828009802981,0.11548110302933048,0.5437769337711394
auth,23,1,0,1,0.03743370629601962,0.22830218705577418,0.19730399356846318
auth,13,1,0,3,0.06574713688561536,0.13857578802319123,0.3592852449976678
payments,21,1,0,0,0.032184723013927476,0.3020272816526501,0.2934239628284523
auth,7,1,0,0,0.0660386440271344,0.04765130861460469,0.05622763714937666
payments,34,1,0,0,0.0364686795634003,0.31432339369774004,0.1415278563710169
api_gateway,28,0,0,0,0.05216259549392323,0.23550345861760877,0.6658730197130552
payments,36,1,0,0,0.043679468249493626,0.19828680403131022,0.18327915163547676
payments,18,1,0,4,0.030084698938210485,0.3489851260334697,0.16135420100135725
auth,9,1,0,3,0.08701430055517373,0.04460979548926447,0.2029898970387416
api_gateway,49,2,0,1,0.006861290977303103,0.17663869848247568,0.4014517301031987
payments,29,3,0,1,0.06798926587887895,0.11735587023319134,0.14637336080136337
api_gateway,22,0,0,0,0.03913299503199518,0.014859399395113326,0.3974042494776697
database,20,0,0,0,0.0039483234559331845,0.20566898745671675,0.14188763207126662
auth,6,1,0,0,0.05499210705196631,0.004129408000619994,0.3884830613125638
database,9,0,0,0,0.05145260824472137,0.11054391732909162,0.10494302941882078
api_gateway,14,2,0,1,0.030147148040951387,0.19262479111347727,0.5058490701758592
api_gateway,25,2,0,0,0.04866588966763197,0.01581106035675439,0.12303702783697013
auth,8,1,0,0,0.03763706272982677,0.27426941290324874,0.2041557505269649
payments,13,2,0,4,0.12826641329961602,0.11660677126047694,0.5181005352276794
database,18,0,0,2,0.052002694738963885,0.15541674499329777,0.4553399042628023
auth,14,1,0,2,0.06060893405565368,0.29882008655843906,0.38113177106892615
auth,21,0,0,0,0.036148842996524766,0.23903185817095363,0.06193776118988086
payments,23,2,0,0,0.07827934429982682,0.14224879970302623,0.4814428481389009
payments,30,1,0,0,0.0015070471582247392,0.37285356615931325,0.18463423546618363
api_gateway,30,2,0,3,0.015543358027798515,0.17306385363603075,0.2562440908023995
auth,23,0,0,3,0.0998174737892465,0.15595061014654044,0.2896931411480952
payments,19,0,0,4,0.08671081530186188,0.25963224080755376,0.33880631897823416
database,16,0,0,1,0.005946308850634967,0.07821461398645241,0.16228052822593933
payments,6,0,0,5,0.009874476504473068,0.39439662886826377,0.3408428699862215
database,4,0,0,4,0.011462649142445231,0.15163979729122806,0.33251899604468343
auth,21,0,0,1,0.06327103099661928,0.17911860628286622,0.18488333843206825
api_gateway,24,1,0,3,0.011383807463146657,0.028833594201770035,0.45826684724892996
api_gateway,37,2,0,3,0.033968879022576066,0.08461282155416464,0.7054538982591972
auth,4,1,0,0,0.0722233256187194,0.1821173977517071,0.25290770737053014
payments,36,0,0,5,0.09588943247720443,0.06847389753405012,0.21294066432423125
api_gateway,12,1,0,2,0.02751122007376048,0.03929450672643431,0.577427294636827
payments,21,2,0,3,0.01658147494628708,0.1033057431548654,0.5104819997335026
payments,6,2,0,0,0.14753959496081612,0.26592310343209785,0.5365753075819282
database,4,0,0,5,0.0339889646410823,0.10807152172669912,0.37052671133805687
database,28,0,0,5,0.02976099529167759,0.12828002378998674,0.26846673718167596
database,26,1,0,3,0.013997251191259724,0.22369922959279748,0.08556559021260651
auth,6,0,0,3,0.0232779684437479,0.11423512037763289,0.06942826698418914
api_gateway,29,0,0,3,0.006063225795440222,0.2139573796728875,0.10070490097099011
api_gateway,10,2,0,0,0.06217104859744283,0.2243479794350756,0.5311483860191443
payments,19,3,0,4,0.12889874266057139,0.1610445753360651,0.4364449084780086
api_gateway,47,0,0,2,0.0455475327239711,0.18907922588203407,0.43684006728042146
auth,14,0,0,1,0.049431424805005966,0.26587841535894396,0.2848904499720055
database,17,0,0,1,0.05339992956991886,0.034536199831388836,0.3495448701034675
database,21,1,0,5,0.034074062348646156,0.1019123226621203,0.4039467876371438
payments,29,2,0,1,0.060339062052531305,0.12216539941710054,0.06565156551415736
api_gateway,14,0,0,1,0.07937492828632332,0.23481619887761132,0.5757728932526461
auth,4,0,0,0,0.029140226628824484,0.298968425854157,0.324533747299518
database,16,0,0,6,0.00045400902821669754,0.13381939560188516,0.10943920220935732
api_gateway,36,1,0,2,0.04218350230876434,0.0018343775889662073,0.3143579924182061
api_gateway,23,2,0,2,0.03841334124005596,0.03654103682399132,0.38837647349442095
auth,22,0,0,3,0.08481362893031782,0.1001494571106216,0.03547726644283173
auth,13,0,0,3,0.03195490628784066,0.11049495168783764,0.2541355795502783
database,10,0,0,4,0.04475318080948295,0.07254473310645836,0.4542707412201025
api_gateway,13,0,0,0,0.029182979460012134,0.17927001068537482,0.46816801720413703
auth,23,0,0,3,0.04719379285564587,0.08261270444248338,0.38048171438131717
auth,6,1,0,0,0.041519763914190926,0.08621397457667052,0.33828059764118923
api_gateway,44,1,0,1,0.05237055322030665,0.11882739501278627,0.6665851093155326
database,24,0,0,0,0.06903092865995887,0.2510024590793338,0.08650527887964604
payments,29,1,0,2,0.03117357621882537,0.3385272051123495,0.5338462931831186
api_gateway,17,1,0,2,0.06586349857706975,0.007593291946405872,0.5566264900202533
api_gateway,37,0,0,3,0.025798432484803707,0.20963743624051215,0.7368189784887912
api_gateway,11,0,0,2,0.05688510467209018,0.14536755529949455,0.5221903745450588
api_gateway,9,0,0,1,0.03475521758419606,0.13751236797812738,0.5440301120273779
auth,16,0,0,3,0.08151832322927528,0.1604360626299345,0.2664725975042272
auth,14,1,0,0,0.014104969024984017,0.06248931692540752,0.2619514015299653
auth,4,1,0,3,0.057575008352031054,0.2426226687063359,0.11075206802928139
database,29,0,0,0,0.05612816747760938,0.15846831324732646,0.09632023977030346
api_gateway,33,0,0,3,0.05603626739848893,0.019291180441564165,0.5082616318890478
api_gateway,28,0,0,3,0.05359397168764637,0.0676826543424778,0.4823826080209094
database,12,1,0,6,0.07632698824285714,0.1718617669533805,0.2685688242191878
payments,5,0,0,5,0.11134653683005866,0.12784725020322849,0.2846040698329018
api_gateway,11,1,0,0,0.033630603330220867,0.08259505760935881,0.7100146637522182
api_gateway,23,2,0,1,0.008548778839256447,0.1565324017673706,0.1950190656397286
database,24,0,0,0,0.02442099432139318,0.1866121578161032,0.33789853486758875
payments,34,0,0,2,0.02322620919711824,0.19411228684407933,0.07561896814759787
api_gateway,25,0,0,1,0.05004543023255805,0.036071483714020414,0.11188671777313819
payments,37,1,0,2,0.015112926593936442,0.2477405223745196,0.10254491419993043
api_gateway,15,2,0,3,0.07600187357420708,0.10174671263528576,0.2648686983801348
auth,6,1,0,0,0.007673951374525623,0.11562093555540587,0.03092331783230678
auth,15,0,0,0,0.00982088890488636,0.12867871770507525,0.10889690021484641
payments,31,3,0,2,0.02911931556689583,0.30194901156342424,0.4309373938838053
database,6,0,0,0,0.008065217125231082,0.30971175250078153,0.4966655856958976
database,16,1,0,4,0.06585725205688395,0.037262331255686766,0.12080161900593475
payments,36,3,0,0,0.11432812667911231,0.34942223049083554,0.5590411269057922
api_gateway,16,1,0,3,0.07935732856906443,0.03775095486864363,0.3348189981268657
payments,36,0,0,1,0.11804636990718012,0.21177429621651062,0.44012811902678195
auth,19,1,0,0,0.07603873821805035,0.12092266281006842,0.07599271562151982
api_gateway,35,1,0,1,0.06484942173418096,0.12794100139389286,0.2637413709702008
api_gateway,12,1,0,3,0.011320348256699484,0.018533794516664093,0.3871364061012481
auth,12,1,0,0,0.04080141669982688,0.29877199211590266,0.33816042458929607
payments,33,3,0,2,0.0909020747904122,0.03191564945360015,0.46874231091159074
auth,23,0,0,3,0.036564216270421133,0.1024236757882345,0.34784419673213085
payments,24,0,0,1,0.11587838876438167,0.33409171633840595,0.30622921978300255
auth,20,1,0,3,0.018517593884505912,0.2213844024849961,0.24347951226741418
database,5,1,0,0,0.07713807647014005,0.11877521028514602,0.13623544191268303
api_gateway,11,2,0,1,0.07758586702824036,0.0901558623258564,0.16025673718599584
payments,11,1,0,4,0.08002203131171742,0.16734521537151725,0.1565351610321361
api_gateway,26,2,0,0,0.06913599356015919,0.1661293091329674,0.7336798139861785
payments,27,0,0,1,0.012869142734923423,0.24486346357729163,0.4056700142379478
auth,17,1,0,3,0.062390703285789655,0.19051532106074676,0.30517127993384263
payments,29,3,0,0,0.0019148139776846039,0.3521007093126749,0.4493583376031801
database,21,1,0,6,0.03827859166022972,0.1583749477869933,0.330399737570977
api_gateway,12,1,0,2,0.028767784088516733,0.11959030059479528,0.44379356077756726
payments,5,3,0,3,0.045184694219086226,0.2736099446768287,0.5917158279339749
auth,16,0,0,0,0.008366341005118317,0.03440437271360105,0.202941885095262
payments,36,3,0,5,0.053252289920437,0.057232558166925566,0.5774741982792743
api_gateway,34,1,0,2,0.05335279135469013,0.12943871173993157,0.47884966420284114
auth,16,1,0,0,0.053041068797540336,0.08526775519126274,0.037190088791144216
database,6,0,0,3,0.008503769224937426,0.10759143488105527,0.40233666503545634
api_gateway,39,1,0,3,0.04948558762961404,0.04034334245220578,0.4887717985888438
api_gateway,47,0,0,1,0.06752648487776466,0.13528913123345634,0.3921429364241028
payments,20,3,0,5,0.02561523900050053,0.3767965787535487,0.4407132060910639
payments,23,2,0,4,0.05252797864979416,0.24707783447543635,0.530757087836416
auth,12,0,0,0,0.05028437106431355,0.24225347889154467,0.31314002945848063
database,7,1,0,6,0.04007841307463223,0.21574448703260773,0.3121000132318636
database,21,0,0,1,0.025486961596596514,0.21575404986367888,0.4015009654706313
payments,14,2,0,3,0.0013965436143530518,0.19037688701908967,0.4877852839537656
auth,14,0,0,2,0.04391157742826395,0.06865748274704911,0.3914387434547286
api_gateway,11,0,0,2,0.05429741398321273,0.11092563385308599,0.2318458979540363
database,27,0,0,1,0.051578046907271614,0.21668865318856134,0.0846934819903074
payments,12,3,0,3,0.06486557500747545,0.30067190681256933,0.5513782876081508
auth,15,1,0,2,0.04326601076907169,0.26676806747549614,0.38552786781324033
database,29,0,0,4,0.04797235400371834,0.08270069781383244,0.4558073643092006
api_gateway,12,2,0,2,0.03475224341092613,0.2424196370899452,0.6636562997855082
auth,8,1,0,3,0.08385025253236371,0.2640230126651533,0.28950684884106737
api_gateway,42,1,0,1,0.060202248030209286,0.1292251788526073,0.14518790181271016
api_gateway,31,0,0,1,0.02511219242145974,0.06505422796768576,0.41813451835665316
api_gateway,48,2,0,1,0.06824391982064959,0.09265140136717967,0.750111991025947
api_gateway,22,0,0,3,0.04801999926925162,0.18450659250214207,0.23310266670742497
api_gateway,49,1,0,0,0.062009605003316065,0.24145368367607523,0.6868827954479741
api_gateway,41,2,0,0,0.008726156135147161,0.09622048782324844,0.3166765018676696
payments,30,1,0,5,0.13036486030870928,0.32440614997282774,0.14496157060367437
api_gateway,27,2,0,0,0.03747932963505018,0.05684708620356274,0.12218662686095993
api_gateway,15,1,0,3,0.04449613296936554,0.21804390970156587,0.6174227972729192
database,17,0,0,4,0.051027534391018155,0.05075786354456707,0.33095351869169526
auth,23,0,0,1,0.03967419712627397,0.2712323716372907,0.39892404651579194
api_gateway,30,2,0,3,0.011827862396805005,0.10329506451201198,0.19308822909737397
api_gateway,23,2,0,1,0.03204759416897142,0.10770301152155029,0.6416332547879138
payments,24,2,0,0,0.010569101650043744,0.16631442482767322,0.5095445256974916
payments,16,0,0,3,0.01934683618907479,0.1937064792438902,0.22036720979224134
api_gateway,30,1,0,0,0.053381613191242024,0.09355018556178621,0.17414571820280844
payments,5,3,0,1,0.14423155843216642,0.14238735633289462,0.1473727925829485
api_gateway,23,1,0,2,0.023945045408867226,0.06410135273690046,0.5489235087547193
database,20,0,0,2,0.05868646311087505,0.0950114843647108,0.3355831257153354
api_gateway,10,0,0,1,0.07927229273225561,0.09130586633106391,0.7380990622907465
api_gateway,12,0,0,2,0.006574521183800402,0.10029385528480467,0.6478607731065777
api_gateway,8,1,0,2,0.07296843814265777,0.1739359678904269,0.6125049238143762
api_gateway,11,0,0,3,0.006319308143673386,0.23196182796101328,0.7180590003277872
auth,14,0,0,2,0.06363026718190556,0.1677009210224492,0.24268710993660553
payments,36,1,0,5,0.11835609063030707,0.25369723639101704,0.5484398302058274
payments,25,3,0,1,0.13328989206557285,0.08371510461204795,0.13421239517470912
auth,21,0,0,2,0.02434563577719976,0.18790966259287734,0.2696752657131817
database,26,1,0,1,0.021456028967057533,0.14912114694496242,0.1311894457654335
api_gateway,49,1,0,1,0.04019919961443132,0.01685791522143895,0.7232854825792503
api_gateway,41,1,0,3,0.0631654900924302,0.2308907854203675,0.5922100294488998
auth,21,0,0,3,0.09824898317940618,0.11520450891815527,0.3558307009107583
api_gateway,36,2,0,2,0.022000019604071268,0.08045766939162702,0.33308857630885425
auth,12,0,0,1,0.09800004155993314,0.13612252772829048,0.18755234420932956
api_gateway,17,0,0,1,0.03215251392582645,0.04226832054118035,0.14213366582935388
auth,8,1,0,1,0.0817582687849336,0.17417010707723626,0.18330880011970185
payments,37,1,0,3,0.11139539845225357,0.13329669622029106,0.5865827327240116
payments,23,0,0,3,0.09507747281029859,0.24184508540208866,0.4397185187857495
api_gateway,26,2,0,3,0.01964830840993218,0.23463889963961945,0.6438031999496632
database,25,0,0,5,0.023809680164077928,0.200854225917522,0.23553434579098909
payments,5,1,0,1,0.01965219279756984,0.20175228171950674,0.06837165361758894
database,18,1,0,4,0.07910032843307253,0.3089638328860801,0.4761913589071894
api_gateway,43,1,0,3,0.027051336732685505,0.024987481002936657,0.10434815259319236
payments,32,1,0,4,0.11609926309410135,0.08122823716802485,0.404401135270912
auth,6,0,0,3,0.018839298240357384,0.21382590061797946,0.1448959406565421
payments,11,1,0,4,0.026350844695287676,0.18408264726264614,0.23139869487099857
api_gateway,28,0,0,2,0.031887653653441636,0.12103325310343524,0.10805108522899509
auth,11,1,0,1,0.04557133651568284,0.29964781785427447,0.3666781897551765
auth,22,0,0,0,0.08081103466143436,0.026309012748692795,0.26676168135080325
auth,15,1,0,0,0.04507179855321474,0.11318571731137195,0.03856411288001361
payments,7,0,0,3,0.026767601114756217,0.24197632527910204,0.10414065195054492
auth,20,0,0,1,0.07741346587074271,0.0837862487382497,0.38914110422768233
auth,11,0,0,1,0.05879742483703485,0.1877007989774719,0.06637524028777786
database,20,1,0,1,0.0027930891682573923,0.13457275349256195,0.4806958790572206
auth,8,1,0,2,0.05157361044143699,0.2764102208098556,0.2330276906891572
payments,30,0,1,4,0.10141395512468651,0.15658170831778848,0.5185102448504132
payments,8,0,1,2,0.012968626068022848,0.0694288576605759,0.40823485819011296
auth,11,0,0,2,0.03628200304713315,0.043248018116510877,0.21576389534058005
auth,3,1,0,0,0.0904163683956075,0.1389769813183508,0.2260493436095707
api_gateway,37,2,0,3,0.06620079945128918,0.18836174405879624,0.3674202936536519
api_gateway,45,1,0,2,0.06217097310189893,0.12500646042261299,0.568351472085334
payments,25,0,1,2,0.14595680242712417,0.03989238893755296,0.1637625709789587
database,29,1,0,6,0.043351641341358625,0.2153115339841348,0.10528792063904607
payments,39,2,0,4,0.1285425194804082,0.38273426701722524,0.3204962272773507
auth,6,0,0,3,0.08797669379095653,0.16373314596748126,0.09621166290995561
auth,12,1,0,3,0.04962351738699511,0.10376702267460697,0.29136030766412546
auth,16,1,0,1,0.09247859097140138,0.106121475833971,0.3583695190817142
auth,18,0,0,2,0.06306871883123165,0.115114604850098,0.03576740636688465
database,20,0,0,1,0.07357293256700018,0.1955545440540158,0.2905320942023112
auth,3,1,0,2,0.00350876112163,0.2872474673612854,0.06048124345901193
api_gateway,37,0,0,2,0.020909952396002244,0.013083804734936061,0.538596649334484
payments,24,3,0,3,0.025751729256482534,0.24179559290338382,0.40948162389437454
auth,23,0,0,1,0.08803481958519901,0.18323440682338418,0.10509868324074784
database,4,0,0,6,0.036485296741353326,0.009727476488477304,0.25857469681383083
auth,22,0,0,1,0.019241103788713933,0.09279229964558929,0.09432301919456654
payments,15,3,0,5,0.09376373290297929,0.12837417532777615,0.521873569971285
auth,11,0,0,3,0.022539389431682978,0.18876569162658405,0.16036817237636347
api_gateway,34,1,0,1,0.004493593153551423,0.12327116201345342,0.30662129269011434
database,12,0,0,6,0.05213327965500456,0.24111955619458533,0.19427553978437867
auth,6,1,0,2,0.03914360202228556,0.24703606934112002,0.0802857314482986
payments,8,2,0,3,0.07947135856050812,0.13978964781305023,0.5154918289265327
auth,21,1,0,3,0.008454333538012304,0.28277331956786617,0.3014483041471496
payments,15,1,0,3,0.14435479746817925,0.05391431396697524,0.252307723376526
api_gateway,30,2,0,0,0.028545459187361767,0.07295551594199343,0.1102535489030067
payments,21,2,0,5,0.057474670283868864,0.3167626153688948,0.0636451315234112
payments,12,1,0,3,0.1456357067174804,0.24957822990455536,0.2007956216313066
auth,9,1,0,2,0.03552355173305027,0.20826734675481764,0.07546848210071394
database,14,1,0,6,0.06256451750950585,0.33478436235204306,0.23581520999447958
api_gateway,49,0,0,3,0.008060862469161982,0.22671061192620998,0.5024525241558171
auth,11,0,0,2,0.009887115505365097,0.11773345325307748,0.3376684260084608
api_gateway,45,1,0,1,0.04735518547084642,0.20407075577093256,0.6866613862632458
auth,11,1,0,1,0.039561746579326845,0.08840699563181252,0.07971675714004874
payments,12,2,0,4,0.031541426685279206,0.2460859586387656,0.22865326036170508
api_gateway,46,0,0,3,0.05679168766920187,0.12439411836801617,0.5720837244459838
payments,31,0,0,5,0.02257432471088783,0.2868191754828419,0.4210706956127389
auth,6,0,0,1,0.0481687768661538,0.17669177666290264,0.3468296342556194
payments,11,2,0,4,0.006910375451320138,0.37117368049480864,0.1108224891801751
database,23,0,0,4,0.07769934663042809,0.17455944784715668,0.4753933683364078
api_gateway,18,1,0,0,0.04737577333002314,0.051212971541058167,0.17229101113731096
api_gateway,36,1,0,2,0.03993419111037858,0.05799010278909919,0.34938638797738747
api_gateway,27,0,0,0,0.07144532508668922,0.08666389577926187,0.15362917077089278
auth,10,1,0,0,0.09940619833831105,0.1724127608602726,0.16759578669777875
api_gateway,40,2,0,2,0.0662234521928843,0.03497158193592731,0.2895423330529424
auth,9,0,0,3,0.01678789010828463,0.07124300850168722,0.08140316756775923
payments,6,0,0,4,0.05367617379622998,0.36431916441954715,0.395809874205439
payments,9,2,0,2,0.08368187753668284,0.07859306096116746,0.3834064455832772
database,10,1,0,0,0.036266357705390745,0.17981080056816154,0.21889536799008918
payments,20,0,0,1,0.029226073748304614,0.28823456774825496,0.07719609017364099
database,27,1,0,6,0.021560516670918625,0.3111748239208573,0.3926351235396768
api_gateway,29,0,0,2,0.03683395913298343,0.1284952963042672,0.4383922078574356
auth,3,1,0,0,0.0007310488654940772,0.15296329642812198,0.2838481067770029
api_gateway,37,1,0,0,0.014035105490727373,0.13377115246995108,0.5698953455280964
api_gateway,25,1,0,1,0.029317997534026325,0.06526761554438071,0.6360119001624698
auth,13,1,0,2,0.06999594127138373,0.24922826004396798,0.35945409543736406
payments,7,1,0,5,0.13002322285327336,0.2516470314537067,0.5072791420616711
database,16,1,0,6,0.07291258265105538,0.2615441458642019,0.08726311884813369
payments,37,1,0,5,0.011034503132364848,0.20295763753798424,0.343755929547226
auth,5,0,0,0,0.00040605862868756674,0.05534636314931932,0.3959573712561034
auth,12,1,0,2,0.07707726882106072,0.21794127965413296,0.29840378339098694
api_gateway,49,1,0,0,0.051804416440338306,0.2431270934290945,0.4781932130135864
database,16,0,0,1,0.07860942030171464,0.24696091568004488,0.4297576473852523
payments,12,2,0,5,0.07154878730672624,0.2566702840645984,0.2545230634332019
api_gateway,16,0,0,0,0.0656001233195862,0.04299543650413437,0.21054184821873745
database,9,1,0,0,0.06235386913180583,0.096733287387194,0.3352977226159801
database,10,0,0,5,0.05383218881323187,0.06315985087358829,0.05276142431541376
auth,16,0,0,1,0.07823830932235504,0.10711984162599182,0.06417188954852697
auth,23,0,0,3,0.030510919021208217,0.20473512605712005,0.2874810210414501
payments,18,2,0,1,0.12356166928684495,0.17063676042175735,0.46913940939184906
api_gateway,25,1,0,3,0.026845107800090657,0.058880926403542644,0.41262514383412696
api_gateway,49,1,0,0,0.030405442097422235,0.24338082607719233,0.666136641552828
api_gateway,43,1,0,2,3.282526699094568e-05,0.22595033201200065,0.5562478222179725
auth,11,0,0,1,0.014057912866308232,0.042554946575772634,0.03376475095802898
database,23,1,0,5,0.036842929746958054,0.11310073055238307,0.29807781360261343
database,23,0,0,6,0.06568165370172858,0.34468064675931076,0.10067648089750457
database,9,0,0,5,0.07174094770050146,0.26822178734086954,0.4766577989559213
database,25,0,0,3,0.01995327051218643,0.16956496353207523,0.06714582620960294
database,7,0,0,0,0.01665071179350475,0.32191762183470674,0.4647073463318048
database,7,1,0,5,0.033820633666728266,0.25037374119376,0.11773282839739727
payments,28,3,0,5,0.11742729269799862,0.2606719179513708,0.3558315343553038
payments,8,2,0,5,0.07290863128540213,0.3913977858687163,0.47032126611326963
database,13,1,0,2,0.053762990297428585,0.20650909006310197,0.08064534860360471
api_gateway,35,2,0,1,0.04149694745703046,0.06547848938814316,0.7250279767420735
auth,4,1,0,2,0.002305278344521011,0.2572852499304836,0.1631548645635187
auth,13,1,0,0,0.07761299726143987,0.2744072774124696,0.1428914916810114
auth,17,1,0,1,0.06791277374008733,0.17217342181001935,0.09033437092322352
database,25,0,0,5,0.007607503984218349,0.04579543643509109,0.07612273813222031
api_gateway,43,1,0,2,0.06749363410196646,0.0698386387334935,0.5622264271893181
api_gateway,46,1,0,0,0.04980017438260214,0.05958678802176254,0.5903522186007935
auth,17,1,0,2,0.0029771907407131985,0.007888332200516013,0.38713423401710556
database,6,1,0,5,0.03360932175675552,0.07015941145688298,0.28270055432090124
database,12,1,0,1,0.0171696219736978,0.059350359786144676,0.18176928308334858
database,12,0,0,3,0.05974617403704567,0.12877851408716445,0.46844581625305026
payments,33,3,0,1,0.04549215390981679,0.28332961963118813,0.30567901158488897
api_gateway,35,2,0,2,0.05531623098683709,0.1096754342586041,0.18897943431462452
payments,24,3,0,0,0.10809244359955725,0.2136110921538871,0.28761363979855786
api_gateway,15,0,0,3,0.02926436932221158,0.05989403560140291,0.4631402996516071
api_gateway,22,1,0,1,0.04712916627646619,0.0387532979413259,0.318015961674189
database,22,1,0,0,0.03285505373406175,0.3449421482113689,0.44559361072173326
payments,19,0,0,0,0.1298467554559098,0.029698743732218303,0.5582427929118482
auth,10,1,0,2,0.01804830080681327,0.19645441871673835,0.09395839424582897
auth,24,0,0,1,0.08226249276785602,0.06845020031417533,0.3964206549749403
api_gateway,43,1,0,1,0.03816378629237858,0.24678878510681718,0.19465618269373816
payments,35,0,0,4,0.08049112638956614,0.2594780170132142,0.37570459923606997
payments,35,1,0,3,0.12413718262210531,0.08802650191387672,0.32995189501544
payments,39,0,0,5,0.010962763653922536,0.30119447721567405,0.28903420962698934
payments,19,0,0,2,0.13188065063780738,0.27825630137816326,0.44317078581022495
auth,10,0,0,3,0.03413092404898934,0.09817721210989927,0.10565832159271445
auth,24,0,0,0,0.08553476686836227,0.07489502782749081,0.24617728309093362
api_gateway,38,1,0,0,0.0031412175705144295,0.19926625494849146,0.7299282785756391
payments,24,3,0,5,0.10942821329646577,0.158891011826493,0.07215298950446333
payments,8,3,0,1,0.09541584519654278,0.22249455761030912,0.28853331320882775
database,27,0,0,2,0.03351623162126884,0.17632140184367476,0.35312757548215495
api_gateway,14,0,0,3,0.049634502569181116,0.19823334090772207,0.13267099348489458
payments,28,2,0,2,0.04206948363069786,0.06867759725139648,0.09214089766130676
payments,15,3,0,1,0.11668641101228051,0.08594184256999925,0.5988533239267583
database,5,0,0,4,0.0347142151570006,0.13195694983481712,0.33518267663058954
api_gateway,32,2,0,3,0.0433942189002457,0.2113946248627167,0.6459016907268076
database,8,0,0,4,0.0017039870341543572,0.22256514679550155,0.46515763416148037
database,10,0,0,1,0.04291050286219491,0.22334878963908683,0.17623485591994534
payments,25,2,0,5,0.03620245557562498,0.04150988345389628,0.418728533062426
payments,7,3,0,1,0.022215119794069114,0.02460229458345542,0.09786846080035483
database,14,1,0,0,0.0372005305769869,0.2494837649905174,0.4080604260061471
api_gateway,16,1,0,3,0.03430057007398484,0.23978096401597995,0.6966624567359739
database,8,0,0,1,0.019614363227382574,0.2890112687935683,0.08166149781085608
database,14,1,0,4,0.03474812158767763,0.10588273237985324,0.08802915878681286
auth,9,1,0,3,0.0156833699896363,0.29292468728214854,0.1344550914060565
payments,25,3,0,0,0.014363129799503648,0.07046156500114402,0.18328139629955642
auth,24,1,0,0,0.0440218972971002,0.19791134464412755,0.11978839962276767
auth,5,1,0,2,0.029479168400750932,0.1504491286608191,0.3878327784274037
api_gateway,26,0,0,0,0.06243558172655374,0.05640373446057095,0.7495708658592806
api_gateway,45,1,0,3,0.029441340933708027,0.09431324775423541,0.43201361220215806
api_gateway,19,1,0,2,0.0036510977694353564,0.13414787603454212,0.6585656910316525
database,8,0,0,0,0.033295400613984366,0.009620116200696326,0.10315916917227602
auth,5,1,0,0,0.033149227325488285,0.2438858950941618,0.2962985591722622
api_gateway,21,2,0,1,0.05401788399935491,0.23141706557905378,0.28897596686336496
api_gateway,27,2,0,1,0.02718707153476074,0.11619274836645985,0.3704535589890018
database,9,1,0,6,0.033163081028100665,0.14459708246597228,0.05458571491011862
auth,21,1,0,1,0.00036467027846762704,0.21169378090890398,0.25808980601152953
auth,23,1,0,0,0.003184174454809785,0.19244624124167642,0.3088265828298131
database,5,1,0,6,0.006673947376892287,0.041991357855755,0.10862036864895755
payments,36,3,0,1,0.05275647269382124,0.03477582427690167,0.0891636946476779
payments,36,2,0,3,0.028802437645192323,0.20408516659124884,0.31004245526199853
database,14,0,0,4,0.039919157327725836,0.020192627521101746,0.48287819633517653
auth,12,0,0,0,0.07101108919062131,0.23061876840362439,0.2274410974588485
payments,32,0,0,4,0.040241403068033504,0.05630818310848534,0.24674422071833513
api_gateway,33,2,0,3,0.025903619071513714,0.012403401548438608,0.3797796892633317
auth,15,1,0,0,0.07469746046867705,0.2302818058374695,0.05330182595505423
payments,23,3,0,2,0.12393260636628302,0.36489184879984005,0.4620135684642288
api_gateway,43,2,0,2,0.07093936588360751,0.005753629197711357,0.786445598337016
auth,22,1,0,3,0.07597116603389675,0.03567090530339801,0.37159857197942947
api_gateway,17,1,0,3,0.04093476428586337,0.09106318284925113,0.3437515265905335
api_gateway,21,0,0,3,0.06769859774308927,0.10014940875910328,0.25239075928145654
payments,8,2,0,2,0.12418874318179686,0.2881734808903112,0.4551612043703347
auth,18,0,0,1,0.09329450353241442,0.020657261282262463,0.23430886030585235
database,23,1,0,5,0.020769024767487664,0.05232616045307992,0.15581692882449819
api_gateway,9,1,0,3,0.05253262300444571,0.14762779010932636,0.1650486434856375
auth,14,0,0,3,0.02668037820922513,0.1836011691994337,0.22297033620160017
api_gateway,9,1,0,0,0.07330984473561258,0.05522242986892467,0.6966301847763541
api_gateway,38,2,0,2,0.058072212442140135,0.01628658351219317,0.23248616068092878
payments,30,1,0,3,0.09104596744113981,0.3512460787942806,0.31347239912103747
auth,19,1,0,0,0.012952660990035237,0.054791692710539526,0.3992222055190603
api_gateway,16,1,0,2,0.024333975723553856,0.1107338347172438,0.21229798543506107
payments,14,2,0,4,0.07037662441391575,0.37963184127312677,0.5072282392068873
database,8,0,0,1,0.02329994035853358,0.21147695803249802,0.36207064621882407
database,17,1,0,1,0.012945131239824584,0.10206766127860564,0.4128242615323569
database,11,0,0,4,0.05655511783374999,4.379856480142274e-05,0.2703804394631851
payments,39,1,0,4,0.11362035760846545,0.33207089719983496,0.5543619415343061
payments,27,1,0,2,0.10948336765553966,0.3635923567659457,0.188707338785355
payments,20,3,0,1,0.09761824812703528,0.3637060173821363,0.4275047280249538
database,9,1,0,6,0.06748514337130472,0.10896293777191846,0.2548798656712022
payments,35,3,0,3,0.029950460706097002,0.3833310745925547,0.560991998141253
auth,17,1,0,3,0.0459237391364091,0.11263533601716375,0.07349981607509429
api_gateway,19,2,0,3,0.03568308359786392,0.18557253522566786,0.6821116472990703
payments,8,0,0,4,0.06433311470253159,0.005984479302520285,0.595598354958168
api_gateway,31,1,0,0,0.0499007130326765,0.213245280395654,0.7628694591917039
api_gateway,49,0,0,3,0.011722027303152248,0.013683744760884659,0.2032551970084421
auth,17,0,0,2,0.08254144375738108,0.07436909182526269,0.23976408230648327
payments,19,2,0,5,0.07061774955190608,0.3455613265176453,0.12969426261904032
database,8,1,0,4,0.05143529696199869,0.03366989283080382,0.20688157057401854
api_gateway,25,0,0,3,0.05126726022996423,0.11046683316790293,0.14376744246948397
api_gateway,17,2,0,1,0.04254582605184235,0.04900488207087453,0.26889627968640717
database,27,0,0,2,0.04324789648445295,0.15581564100891057,0.4496634577521399
payments,15,2,0,3,0.03618665040570418,0.19925186967359215,0.4218308027572892
auth,20,0,0,3,2.5245449056210402e-05,0.23406104905702843,0.08169277054018859
payments,34,2,0,3,0.12966044807915963,0.07047776246569902,0.1860432544997585
payments,17,3,0,2,0.003514943305108231,0.15244020544472564,0.11256935436435848
api_gateway,47,2,0,0,0.038372499999007735,0.07901263993525973,0.12040484495449227
api_gateway,21,2,0,2,0.02404547131133554,0.07246361726787226,0.48513607009548176
auth,12,0,0,2,0.024423946808817598,0.19320696499066434,0.06778576826747895
database,20,0,0,0,0.03738634374286665,0.21726524462418784,0.28054327772814974
auth,21,0,0,1,0.04910448217723773,0.25664025873483165,0.36537359907696254
database,26,0,0,0,0.07019872330540268,0.13184404075272865,0.33478469491558405
auth,9,1,0,3,0.06786270049882519,0.26088509953496075,0.37799636517232715
database,15,1,0,3,0.05851375578891463,0.07152336818493822,0.32661284192215584
api_gateway,16,1,0,2,0.042778519029294325,0.2479848286562045,0.15432021489296294
auth,16,0,0,1,0.0649580944617839,0.08784385653143531,0.3432884012522486
auth,7,0,0,0,0.09509681864523994,0.002868513855143473,0.2605362823589321
api_gateway,34,1,0,3,0.045302837530001146,0.20304073600297157,0.534594749734054
api_gateway,33,2,0,2,0.07988329359376645,0.19266018325043885,0.27350918967954296
database,14,0,0,5,0.010218085169850353,0.2064198659790444,0.24345766632959745
auth,21,0,0,3,0.00041971608305652053,0.07092118768593438,0.07584597132087026
api_gateway,13,1,0,0,0.04156089338519262,0.07632270745789094,0.4555232996182449
database,6,1,0,5,0.007729717562967462,0.21158711912957376,0.18893676646202395
api_gateway,32,0,0,1,0.07514022427852107,0.0603309442007027,0.3149301092516875
auth,19,0,0,0,0.013105574342166748,0.18407525545676298,0.3092100596232744
api_gateway,48,1,0,3,0.06669740800527978,0.16802382347731162,0.6182831170384363
database,28,1,0,6,0.02412163231109094,0.023595119499996747,0.38947401608900156
payments,12,3,0,2,0.03670733955355514,0.23570693550266683,0.27079395209300205
database,4,1,0,4,0.013636762315730291,0.27250904782758206,0.17721463207815727
auth,10,1,0,0,0.06850299492691884,0.21336818444115072,0.27934245900846644
auth,22,1,0,2,0.05844699316446131,0.2211077717371062,0.3610320345030871
database,4,1,0,5,0.05975186681934669,0.11874897363207963,0.06958963040192614
auth,17,0,0,0,0.05526345818291939,0.1333155079914168,0.2513535842913092
database,15,1,0,0,0.01322956488432009,0.1637077704598946,0.3867804084980904
api_gateway,33,2,0,0,0.0603805662507721,0.06983554103890666,0.7260521324588666
payments,8,3,0,1,0.024640567418389207,0.3159458484142155,0.2514391532991608
payments,22,3,0,1,0.04055228857433765,0.0676415601682606,0.5076224065703268
payments,30,1,0,0,0.06533837370190636,0.37453710135929114,0.3050793285485075
database,20,0,0,4,0.0753560722929094,0.046981665708229786,0.29332323187130416
payments,30,1,0,2,0.007002722984891063,0.042944447380267106,0.283144863598349
auth,10,1,0,0,0.018108070230794106,0.09341290107159715,0.16747025304634777
payments,26,0,0,2,0.023909232715710327,0.3680787944297096,0.4079833606226774
payments,17,3,0,1,0.011887440919489322,0.01790057357049526,0.5422008534105661
auth,14,1,0,2,0.08922308599488715,0.037107549620213766,0.10324141972811156
payments,16,3,0,4,0.06164409120538549,0.1735740998525495,0.5132372718595787
database,16,1,0,4,0.04078266925932674,0.09596210388602029,0.371028224277425
auth,24,0,0,2,0.08600167529095454,0.11042091156518963,0.11874137648130464
auth,20,1,0,0,0.023665537947971382,0.19334340779396503,0.03722583370986004
payments,33,0,0,0,0.03157927326609195,0.22525063755681876,0.40317103077534316
auth,20,0,0,1,0.03230887472945523,0.28992579504137955,0.316630404298178
database,16,0,0,3,0.014435359891677511,0.13954307200739283,0.17459055463052967
api_gateway,38,2,0,0,0.014804546287884853,0.23164758442639014,0.21101221185783542
payments,8,2,0,0,0.13599799454279984,0.37799391422233725,0.49793055846807116
auth,14,0,0,1,0.05550852504728198,0.21502391487302325,0.03529377122386683
auth,14,0,0,0,0.09253280538641638,0.0895482338362106,0.2319376696000759
api_gateway,30,1,0,2,0.06568969907405432,0.20544729481821206,0.5872435442590014
auth,7,0,0,0,0.005695286729568117,0.15138740487950927,0.14482210263978834
auth,24,1,0,3,0.07792051147388834,0.013809940842515566,0.2876536687590948
auth,11,1,0,0,0.07625256770939759,0.24196356738726144,0.10750331976793716
api_gateway,25,2,0,2,0.015661583236246425,0.03194460367762167,0.30992274697870154
auth,23,0,0,1,0.07339364547332843,0.13340024125161487,0.12526217303681253
payments,10,2,0,0,0.005654608563400593,0.3298892656307681,0.46490677553870025
database,9,0,0,4,0.051621938373236954,0.3390303474950741,0.12110479612598105
auth,16,1,0,0,0.04720074821173294,0.03355194145248371,0.3564686163807089
database,22,1,0,0,0.06529528502074453,0.16707770919483278,0.4720827669825649
api_gateway,26,0,0,2,0.07958838444557992,0.1345579097405245,0.20454396421345472
database,7,1,0,3,0.02651504552116906,0.18049778853212312,0.4593169932632643
payments,35,0,0,2,0.11857704113004716,0.26829888018870934,0.1267397293078181
database,18,0,0,2,0.026354779067060807,0.16829121980103556,0.058719595279633094
payments,5,3,0,3,0.055156276219131474,0.3108743637758439,0.2507751314118624
auth,21,0,0,2,0.05059262544921705,0.10126464393009757,0.2559375646537577
payments,38,1,0,5,0.0711679769766785,0.11225423195060631,0.45651856692510034
api_gateway,16,0,0,0,0.0023752742734788157,0.15377726736226152,0.5770507008253583
api_gateway,16,0,0,2,0.031428353985619106,0.10452472483105255,0.6258962268643251
auth,17,1,0,3,0.09221997238356854,0.25477758794989397,0.14606812608586395
payments,32,3,0,5,0.05584606478595717,0.19237664323372142,0.2654165985833449
auth,21,1,0,1,0.07741904917143248,0.17036716449162156,0.2857355434936465
payments,17,1,0,0,0.10906967953228912,0.2056123277903478,0.30863694211298687
payments,30,3,0,3,0.012811272421239793,0.350516939409575,0.2103672232666709
api_gateway,16,1,0,0,0.002146412066008292,0.16011267638625046,0.39954637080498845
auth,24,0,0,1,0.09374671878137444,0.20365922672565406,0.2553544826241644
payments,35,0,0,5,0.035881663205132815,0.288129166591424,0.12758288972076337
api_gateway,36,1,0,3,0.05605513647089774,0.2214098258453919,0.4993843593224975
auth,20,1,0,3,0.08410276377574118,0.03937866332786128,0.30530976431887225
auth,7,0,0,2,0.07323679001473156,0.2537878096269038,0.10068312677122845
auth,17,1,0,3,0.07557141336010847,0.005566661720958121,0.06790358300608176
payments,17,1,0,0,0.08945903995386922,0.2856612585568696,0.16461102345485396
database,13,1,0,6,0.018329173420534126,0.18328681798143973,0.40160981696878933
database,8,1,0,6,0.031089044871443264,0.21482963566472826,0.2007967317550731
payments,18,3,0,5,0.0660651855984069,0.348881811599558,0.317061411255886
auth,9,0,0,1,0.08987068295747931,0.27451671893284635,0.1758802828701838
payments,37,2,0,2,0.03934114827224773,0.004610405621194103,0.23005717406346954
database,26,0,0,4,0.05239013910651081,0.16785600465188283,0.45186185891764047
database,7,0,0,4,0.06233754266978393,0.3452136480260285,0.414395597245347
database,25,1,0,1,0.023861095446071873,0.24914757800670714,0.16099160712690094
auth,24,1,0,1,0.08004100633251035,0.29391619303614325,0.32506186143787064
database,9,1,0,6,0.04522511890319091,0.3140765683896613,0.4153492661804409
auth,8,0,0,3,0.09877733321371224,0.1707219586770221,0.3286391466233193
payments,15,0,0,3,0.13956729008175467,0.06412361580622754,0.23437274911746442
api_gateway,49,2,0,3,0.013014143269840392,0.04893302707855851,0.6072145399029004
database,13,1,0,4,0.027010278166229282,0.33365937359258097,0.1376125606849924
payments,15,1,0,0,0.03571872648809981,0.035930301028833614,0.17361252099754662
database,23,0,0,0,0.03570606019537613,0.05039474342518302,0.20522627457161993
api_gateway,9,0,0,2,0.019945205477878893,0.19990928183264747,0.34092292898524534
database,29,0,0,6,0.006355654423911599,0.3080840160284092,0.3554750992360131
api_gateway,42,2,0,3,0.07118215214786601,0.2202550916116051,0.32555011824176383
api_gateway,18,1,0,3,0.013458211100053345,0.002304522375139312,0.11490600124782091
api_gateway,22,2,0,2,0.06046203935097574,0.22507983782949,0.5283043333607856
auth,22,0,0,2,0.051329358245949835,0.14509511375284054,0.24303437517434523
database,17,0,0,2,0.02834018428017912,0.2570808709958193,0.06310897365857004
auth,24,1,0,1,0.07309617081611161,0.2076766168787714,0.3196810115881312
api_gateway,32,1,0,2,0.01913571625054382,0.013059139111027629,0.4566290255175224
api_gateway,8,0,0,2,0.05923365484335363,0.1615500336901083,0.480604369889014
auth,22,1,0,0,0.07463726747923538,0.14852773499794683,0.14481474867109104
database,14,0,0,4,0.05884864852016933,0.16964596553692382,0.04067389681182751
api_gateway,23,0,0,1,0.004118739906662841,0.01809822355578436,0.6268283947106751
database,23,1,0,3,0.04285320863467222,0.21077004316647413,0.12162092076577133
auth,18,0,0,1,0.04591299077754364,0.23254282921360162,0.39257788827180495
api_gateway,46,0,0,3,0.038645641195735346,0.11822786590376294,0.34585173348497755
payments,21,3,0,1,0.02958639992505252,0.26011878962940305,0.06409773743643242
database,27,1,0,3,0.0384850116276804,0.05457623370780702,0.4652117550652588
auth,14,0,0,2,0.05499974854873579,0.19279190119950793,0.39756418088963763
api_gateway,29,2,0,2,0.019152456584747197,0.1115749905961946,0.5585175247547218
database,27,1,0,1,0.07251570547790598,0.17167312807295698,0.471005717199576
auth,6,0,0,2,0.07147222018094264,0.20597427840638632,0.2327283441603602
auth,20,0,0,3,0.07935212646403246,0.19069532134768163,0.34293217906358775
database,24,0,0,3,0.00766797070149992,0.0756251064356805,0.12076850791065352
api_gateway,28,2,0,2,0.06877891087437371,0.02696226589597736,0.2529480918403413
database,28,1,0,1,0.023255985091753643,0.009496628703823146,0.3785915983305717
auth,6,0,0,1,0.07129588155595261,0.14147840168303813,0.31693342810534886
database,13,0,0,4,0.009545528311136869,0.32339218847807916,0.47588538932863367
auth,5,1,0,0,0.09339541317952381,0.11845229992950632,0.14872006665886878
database,12,0,0,2,0.07207475964234245,0.2811595192725272,0.14419168150465209
payments,30,0,0,0,0.05200781418538667,0.014244860109136594,0.5351265023042342
payments,12,2,0,2,0.1119678193285671,0.1991905210349573,0.29441660040367335
api_gateway,11,2,0,3,0.0009423787177613629,0.1663865207378063,0.613906326615368
api_gateway,11,1,0,2,0.038206422725547105,0.1346111453590517,0.30842627099400455
api_gateway,46,0,0,2,0.06340750194546815,0.13913803461057775,0.273245454945583
api_gateway,26,2,0,0,0.03713238824041673,0.02403133228757459,0.24676875792219674
payments,33,2,0,0,0.007269634871373348,0.015281113502956424,0.3772038115053793
api_gateway,38,0,0,2,0.004824830721951905,0.06077875727210702,0.12574299632598465
database,20,1,0,0,0.04626798627585441,0.29188534363273483,0.17313206077338414
payments,30,1,0,0,0.059771814316382156,0.056261335693466696,0.5006335637643735
database,14,0,0,3,0.04014560926882403,0.31153396238779185,0.12979572242272197
auth,5,0,0,1,0.025283620307479007,0.12872183023650097,0.13187759455122433
payments,20,1,0,1,0.007849928595099425,0.07421039010308768,0.11687304224343979
database,28,1,0,3,0.0684871477112166,0.032890810542933975,0.06381299523334996
database,26,0,0,2,0.06453957947778018,0.15302523915163396,0.17525374045513564
payments,28,1,0,1,0.14711417615832773,0.18292664395712813,0.45688800456485446
api_gateway,28,2,0,2,0.004628617236276131,0.21276248458282668,0.20832222988582383
auth,19,1,0,2,0.05687279416481599,0.07979476181398255,0.20989721475234177
api_gateway,30,1,0,3,0.023965432751170582,0.05906047218694496,0.33007248288756275
payments,23,2,0,0,0.03708091106083152,0.08865892584702367,0.2696145908141822
api_gateway,35,1,0,3,0.0058386446880280655,0.21087262013173808,0.5190385683085683
auth,20,0,0,2,0.06140083390389374,0.18781334113971496,0.3650662963010395
payments,25,0,0,5,0.09201027697832566,0.2864658152710445,0.24919831665698033
api_gateway,41,2,0,3,0.06507091245750213,0.21981599572131014,0.43142515077305776
api_gateway,48,2,0,3,0.01534662844889624,0.0161622356219622,0.4679749634197574
api_gateway,9,1,0,1,0.005512070487882097,0.10217532280221081,0.30133004501523397
database,26,0,0,1,0.002149321775665856,0.0390442776374704,0.13550122816148372
payments,14,1,0,1,0.030176284843331916,0.16979713307061406,0.07048963433780786
auth,4,0,0,3,0.0022561650757327635,0.1371075841442818,0.3180655201672693
api_gateway,9,2,0,2,0.05497100912496234,0.1738681337290187,0.7690683773017233
payments,35,1,0,2,0.1463806294175305,0.10638962586164485,0.4996428287769663
database,6,1,0,6,0.0024918747717551783,0.13523511503683333,0.39000591965434206
database,16,0,0,4,0.07819363796854957,0.2946161428746521,0.10564552783840248
auth,6,0,0,0,0.03796540158686732,0.12494712371072098,0.13220072234905145
api_gateway,21,1,0,1,0.05747167051015315,0.14746689206519897,0.4411438323081025
auth,13,0,0,2,0.029751350511377783,0.04992962299873712,0.2642178512290668
auth,8,0,0,0,0.07151647345384377,0.04286638025768016,0.0879237497233066
auth,14,0,0,2,0.07310758817345485,0.2969169397664145,0.32949429623509474
payments,15,1,0,1,0.03230389242819127,0.08625590509033967,0.539563324970395
api_gateway,17,1,0,0,0.04573428922874209,0.20140537956302282,0.767690737390527
auth,5,0,0,1,0.03712669241150709,0.051890857380922535,0.3905126818578788
api_gateway,43,0,0,1,0.01831771902704281,0.05195932728158972,0.2668234065396028
api_gateway,25,1,0,3,0.050550140080551316,0.15779592094121098,0.5753324968817543
database,26,1,0,4,0.022443761863017518,0.0320439795425337,0.41657763637636586
database,24,0,0,5,0.014834499312378525,0.15577664969753435,0.3867502365477011
payments,11,0,0,3,0.07739188177881351,0.2787182055857365,0.3335508467413281
payments,36,2,0,5,0.11572100172894095,0.00016411577566994852,0.29914895545648007
database,24,0,0,2,0.008936489778637719,0.34760496337893737,0.47390290686516845
api_gateway,19,2,0,2,0.040008829716625796,0.06544189146199497,0.5312223273661923
database,26,1,0,3,0.01088211399020822,0.008542862507412884,0.3383973008929488
payments,21,1,0,2,0.1449886155334975,0.02980418472745603,0.3905012023991158
api_gateway,34,2,0,0,0.01748536094973928,0.1507758893525516,0.17802231281200342
auth,24,0,0,2,0.061438163975675364,0.06489599070569159,0.34374171264914377
api_gateway,11,1,0,1,0.0071945116710935685,0.08594906712299291,0.1564118668647913
payments,25,0,0,1,0.02166547262326164,0.15524858270739883,0.21307586406316648
api_gateway,47,2,0,2,0.07633169581092517,0.24794716186033283,0.5867033866201172
auth,22,1,0,0,0.021526877403285984,0.054070095545538356,0.39491244689459726
database,10,0,0,0,0.058304495921551014,0.27083116593661843,0.08146203778689853
auth,16,1,0,2,0.058909467581658104,0.16612675090136958,0.304902279760914
auth,17,0,0,0,0.0034363029216861077,0.2928285537334466,0.20246418512907083
database,12,1,0,6,0.050727202748946425,0.3429616128649221,0.38158736275095034
payments,30,3,0,4,0.056752137252397035,0.012753918083436844,0.5689985188566721
database,24,1,0,4,0.004712201216958239,0.09999823570181471,0.06135647630678763
payments,29,3,0,5,0.10005552856880308,0.06614817020527437,0.5596891273864998
auth,23,1,0,3,0.00752576013082058,0.2997898427890495,0.09323440421531536
payments,39,3,0,2,0.022711566590412756,0.2933607397339623,0.10018466271734044
auth,20,1,0,1,0.012766663498230536,0.14149292913051706,0.38941661878611433
database,29,1,0,2,0.06284704672423361,0.16155474967175124,0.0674006246728368
api_gateway,44,0,0,3,0.00970979212730974,0.18103161941263796,0.23568668937341106
api_gateway,29,0,0,0,0.012204509269571603,0.20074718511421968,0.11286363346018725
api_gateway,25,1,0,1,0.009058435136852712,0.020384568365627326,0.3871924154199061
database,29,0,0,4,0.04771564716062911,0.039303152493464194,0.29093120813793955
payments,23,2,0,2,0.09572098537744039,0.3920207771905939,0.530121801724951
auth,7,1,0,3,0.007686710338175484,0.018613578126548867,0.2988311620812837
database,27,1,0,4,0.050997090310209846,0.20959747770714088,0.4823717855614038
auth,20,0,0,3,0.014868439235669674,0.29898027361647317,0.29555931088420295
api_gateway,24,0,0,1,0.048364486977429066,0.14157732614140742,0.6042470708706921
api_gateway,16,1,0,3,0.04374004096130559,0.139393421688772,0.5467056343449398
auth,5,1,0,1,0.08620508569761279,0.10736942566369438,0.3941453578711064
database,26,1,0,6,0.07028723395006717,0.31713671127424164,0.3582757765660718
payments,21,3,0,2,0.05342909151920692,0.2168133380388808,0.43781223065144714
payments,39,0,0,0,0.0013647271921163994,0.31493953936388286,0.07977392462127642
database,11,0,0,3,0.010478552301432994,0.24505674368464472,0.3562491198808555
api_gateway,28,1,0,0,0.011686538675185787,0.18355241234206343,0.6756747692624789
database,11,1,0,5,0.030919679270137817,0.02581216709604454,0.06457601862587287
auth,13,0,0,0,0.0020249379790092115,0.22975979608164243,0.2422341408658072
api_gateway,46,1,0,0,0.03354565602247421,0.08912144859479779,0.5099367930452258
database,6,1,0,0,0.02712560688951571,0.19460639676133323,0.4244959731455053
auth,3,0,0,2,0.09161871480738876,0.25584183332727056,0.19159257078401715
payments,34,2,0,1,0.10020291787688398,0.007669164299959297,0.2617726808122264
api_gateway,11,1,0,1,0.01404767044996337,0.07182187150727865,0.4001120287491011
api_gateway,21,2,0,3,0.0002274309907080241,0.15001841575434274,0.7694517673707737
database,20,0,0,0,0.045000913288381295,0.19321520990534627,0.45252049924580035
auth,4,0,0,1,0.017869295228631333,0.1616009879056299,0.10446753283653021
api_gateway,22,1,0,1,0.07873498723567722,0.21715844856925925,0.7994305956729023
api_gateway,19,2,0,3,0.06016033917129157,0.01219545439967984,0.17840643087287048
api_gateway,13,0,0,0,0.02090507132626312,0.16413682855894807,0.4738571924732228
database,9,1,0,2,0.0333932316261156,0.19158565254298587,0.49896243366315124
api_gateway,38,2,0,3,0.010922112032903764,0.17208577563531993,0.2743911997260915
auth,19,0,0,1,0.02737979914019122,0.11154029931518637,0.2428912303356785
api_gateway,38,2,0,0,0.016184996406939316,0.12905794881284718,0.7414288814572065
auth,5,0,0,0,0.02534691412428939,0.252913031001511,0.11096883070744626
database,13,1,0,5,0.035452181876392014,0.19716593884427838,0.34555490059178356
api_gateway,44,0,0,2,0.0632848208380463,0.07473365964483325,0.7948411341756404
api_gateway,34,0,0,3,0.03622180566090361,0.09575435772182442,0.6974925316247476
payments,9,0,0,1,0.01751218541531933,0.16320803651403246,0.1642621001567047
payments,21,3,0,5,0.05735449965924418,0.016132064420605198,0.19222132185402557
api_gateway,20,0,0,3,0.028270023329370588,0.05902479750223294,0.5987446437812677
api_gateway,16,2,0,2,0.06179132640473207,0.12324584670977631,0.7222742666412402
api_gateway,9,0,0,0,0.06287483875283335,0.13032242452606985,0.6563219646660301
api_gateway,12,0,0,0,0.069473931520046,0.07339546041276254,0.7170943814847986
auth,10,0,0,2,0.02910788813756463,0.21236760920937994,0.20519817746419386
auth,16,0,0,2,0.058738359526864715,0.1045164180306172,0.0587534310048895
payments,32,2,0,1,0.059221092431738405,0.12651693949024975,0.4326021186454147
api_gateway,44,1,0,2,0.032086878725997865,0.0324815000267791,0.13844270265749378
database,23,0,0,2,0.03956031711671241,0.21563717234600793,0.352269038320398
auth,21,1,0,0,0.022337143782736893,0.12577108244920804,0.053301282854264456
database,9,1,0,2,0.06701287246208444,0.06580600374375224,0.19563008433261792
database,25,0,0,0,0.032590666064354706,0.30249616611924796,0.48458018953608034
auth,18,0,0,3,0.006207013670851114,0.29914483192745006,0.33313546507454816
api_gateway,24,2,0,0,0.0434683097037037,0.14375627422966,0.12222152785111415
payments,27,1,0,3,0.148813828054323,0.1565918921336063,0.4659824825640874
payments,20,3,0,1,0.010853588661198992,0.38688528272330736,0.20377690378777757
auth,19,0,0,2,0.033585431586083216,0.1817726829639889,0.07452086323708795
api_gateway,24,1,0,2,0.027861240877730235,0.1348072635844349,0.561205334850969
auth,7,1,0,2,0.04283502838131507,0.2238918508462828,0.18377254273992708
payments,39,0,0,4,0.127723377246982,0.22149129255934452,0.5131913165337607
payments,20,0,1,1,0.08877118614949889,0.08024654844986108,0.49813560089974274
api_gateway,34,1,0,2,0.05703756493172901,0.12841876564654617,0.1839378207479469
database,29,1,0,2,0.03366599622942354,0.04980464886554249,0.10694355238879302
database,23,1,0,5,0.017551736845086083,0.17611941468974407,0.20204875092453353
api_gateway,30,0,0,2,0.04247804279252704,0.19034977932960992,0.6272708082344255
database,25,0,0,2,0.071573257651557,0.20598969501789255,0.43097208294764333
auth,18,0,0,0,0.02273024072385238,0.08925886601864667,0.3777358577783717
payments,31,0,0,1,0.07970099298549137,0.105838844752412,0.2232807831252599
payments,17,1,0,1,0.025024455742539423,0.13365456475046936,0.2978428838094929
payments,15,2,0,5,0.10929227351891653,0.26869793619099336,0.08821399168594254
auth,21,0,0,1,0.05062517344973269,0.19742776828190034,0.17537014945753626
payments,9,0,0,5,0.07773274734538911,0.24616030188369595,0.4229332072332213
api_gateway,12,1,0,1,0.07825178165105605,0.23313814417800088,0.3996420561305909
payments,14,3,0,1,0.02827497791933417,0.23434084897326735,0.10750495198306334
payments,30,2,0,5,0.11889937151274255,0.1222305837311303,0.31646004496825586
auth,20,0,0,2,0.045572740068024635,0.21467089064192166,0.37353340138620805
api_gateway,45,0,0,0,0.07174211638111544,0.23129052255728766,0.40476898327106337
payments,27,1,0,5,0.036899961046019274,0.08386436884468017,0.381599846283577
database,25,0,0,4,0.06145097036918968,0.2813194833893901,0.0917816187561924
database,13,1,0,2,0.060069045322789213,0.0038249396387119937,0.45594131735844606
database,11,1,0,0,0.07568349154243403,0.2551859025111551,0.3153883184532033
auth,16,1,0,2,0.001971973220431256,0.10286679887881679,0.038988300257918704
database,17,1,0,2,0.051879820093528574,0.19097897266502206,0.35898573081322327
payments,13,1,0,0,0.037799733246610755,0.13910803904177513,0.3852626936441552
api_gateway,28,1,0,2,0.0021528504961642624,0.1353627032940028,0.7334813028084332
payments,33,0,0,4,0.0664980481159048,0.06456679507502959,0.18447912353943385
payments,21,3,0,1,0.13973166106597804,0.1372176023172041,0.17591828487669486
api_gateway,41,0,0,3,0.024156014113167742,0.04448934839368851,0.33208460424208414
api_gateway,30,0,0,1,0.04380635964837515,0.11352817158902023,0.33217524274331334
payments,25,2,0,0,0.07984565457722494,0.33116482485962573,0.3890636471976844
auth,10,0,0,2,0.023624696771511466,0.01777453571991826,0.292230963049
database,27,0,0,1,0.006224009065767904,0.1921323285163238,0.44326019880726336
database,9,1,0,0,0.056511010764674185,0.01899442080079388,0.4069778628902624
database,19,1,0,4,0.0751369994631967,0.33099285970888387,0.17164054865507034
api_gateway,19,1,0,2,0.0447842924965591,0.12412603089116528,0.4135975969767207
payments,9,0,0,0,0.06091231988396564,0.060859154767806616,0.08324580764189862
api_gateway,27,0,0,2,0.031686539457137945,0.1608189705900839,0.648004843465799
api_gateway,21,1,0,0,0.0567376504393026,0.037100233140201944,0.7783785933887485
auth,14,0,0,2,0.05566956708208533,0.09846052516128524,0.2877163936335623
auth,20,0,0,0,0.04231181975477304,0.13172838647156263,0.2534534652225646
auth,16,1,0,1,0.01972058972310008,0.2031122055443152,0.37544289429223365
payments,15,3,0,0,0.06441718456180538,0.1504167164436626,0.07078063243552732
payments,9,2,0,5,0.04640528431200192,0.2424866568883064,0.4524052471559384
auth,14,0,0,1,0.058403865782662184,0.24748015129223838,0.2343918727411632
database,21,0,0,4,0.02080739476279164,0.17601081987498382,0.25359200304228086
auth,20,1,0,2,0.017722238330646966,0.2646151550897897,0.28861270787230253
api_gateway,43,1,0,3,0.054717063585847256,0.19522088275192093,0.14404494733161943
api_gateway,8,0,0,0,0.05623494592406811,0.1901186461965236,0.24405829554212374
database,12,0,0,4,0.04760771498741192,0.2686720687546579,0.25736888485799425
auth,6,1,0,0,0.015978556211357044,0.26458872834956054,0.2377144380671179
auth,11,0,0,0,0.08839018149601086,0.028612142369408254,0.24753862820365788
payments,23,2,0,5,0.09076068801566155,0.32568350682186525,0.4020497181223935
payments,19,3,0,1,0.14823931727147802,0.2470229252838474,0.1940865603531846
auth,6,0,0,2,0.09370546335657753,0.12717377624628967,0.15246114569186436
api_gateway,17,0,0,3,0.059363708848054135,0.1981072493490219,0.7520514282279442
payments,26,2,0,3,0.14517968489270328,0.2302004073876236,0.49770920453596146
database,17,0,0,2,0.0276369418450623,0.26133281046838647,0.338516700445464
payments,17,3,1,3,0.06452638626664697,0.2877880925253525,0.1263267362619469
api_gateway,47,1,0,0,0.013050202196347813,0.08497803310851487,0.657592083357742
database,24,0,0,2,0.0328353512271293,0.33748709436268015,0.313196879703775
database,25,0,0,1,0.01971940200562245,0.14037366964464934,0.3087678442845262
api_gateway,12,2,0,1,0.07728484619657615,0.11606966413474332,0.3300262864864584
api_gateway,13,2,0,3,0.011629369671771013,0.019764028357626917,0.6771208773395357
auth,17,0,0,1,0.09029189732330539,0.041652492764395574,0.25585214536665646
api_gateway,9,0,0,0,0.028196318882927614,0.20513362415126718,0.3640117493477034
api_gateway,48,2,0,1,0.04224138472650214,0.09980488530708245,0.4616942570775693
api_gateway,8,2,0,3,0.04211823182907004,0.08830268107946385,0.4060260439168488
database,7,0,0,6,0.01679000872301791,0.2647682029917969,0.1774427277880576
auth,6,0,0,0,0.06817359520656108,0.00029969768008279994,0.12705538155701107
auth,24,0,0,2,0.0735558198267917,0.0030612561855735574,0.04415773364604148
api_gateway,16,1,0,2,0.05270212102383895,0.04632338970116001,0.5293860910745116
database,28,1,0,2,0.024899043749178774,0.14593544838767097,0.05381041685855613
api_gateway,13,1,0,0,0.019061012005300207,0.026462584217494617,0.24854778184315274
auth,19,0,0,1,0.0012187551011742515,0.02563980688954425,0.28518481184504774
payments,34,1,0,4,0.004919981141534402,0.0438512777613759,0.10501741908693454
payments,19,0,0,0,0.024147664753106212,0.15434377873444363,0.2503112224572338
auth,14,1,0,2,0.09145287636368638,0.25772330833510276,0.12341364008287344
database,4,1,0,2,0.06646681163744769,0.055617618693257015,0.04914277409641809
payments,32,2,0,0,0.11180966087123093,0.33135125824065853,0.29369176311339684
api_gateway,23,0,0,3,0.024149937218432997,0.22604243936161364,0.6604399864132398
database,13,1,0,1,0.06666189473704948,0.28241960302236285,0.4465644711884105
payments,38,3,0,5,0.06894221275993896,0.10317580271476023,0.5413939059569457
database,20,0,0,5,0.07553182403395836,0.18946379168188726,0.45764436721178364
database,19,0,0,1,0.030509118014525313,0.1969171754249386,0.13178041481456543
payments,33,3,0,1,0.08387049846944526,0.321218209870352,0.5741900227421753
payments,33,3,0,4,0.01802388881034329,0.05357648776000015,0.443308087489949
payments,35,0,0,4,0.030526666249782966,0.23333316399540702,0.13736898056917568
database,12,0,0,5,0.03124381173795679,0.18645167494915468,0.398150483855146
api_gateway,45,1,0,3,0.020861452630502608,0.1907392900031565,0.5209339618245867
payments,13,2,0,0,0.030070357164953848,0.16373796835295706,0.299730427435252
payments,17,1,0,0,0.029057557616444678,0.17112938265529998,0.09470350766248825
api_gateway,39,1,0,0,0.03288396758542903,0.20476139490488515,0.46132577985688283
database,6,0,0,3,0.07929827568708996,0.28795452743657146,0.3382832707723771
auth,7,0,0,0,0.024344563402874476,0.20451853111654028,0.11925255629047678
database,27,0,0,3,0.06798373365229252,0.17774569862845552,0.13093237874841374
payments,7,0,0,0,0.07237395907914944,0.09917297992232288,0.4320694512783266
api_gateway,37,2,0,2,0.04240187241594207,0.1689019770273828,0.7454949119741896
payments,15,3,0,4,0.1103930340772767,0.3407551929881533,0.21910419516843932
database,25,1,0,2,0.06240240860746699,0.012729791811531449,0.3521087108371026
auth,15,0,0,3,0.05954499314692966,0.16360349520046344,0.353738975656809
api_gateway,37,2,0,1,0.07506168282800132,0.0728540929365924,0.6692604653212983
auth,19,1,0,0,0.07562949238603939,0.2130514822209004,0.18398943454546743
payments,32,2,0,2,0.05362699926408554,0.12217769061939268,0.4799602223484009
database,18,0,0,4,0.0557592123377434,0.24421179988829805,0.22159975048430042
api_gateway,24,2,0,2,0.018614122854347413,0.05647236731934688,0.1543018732089783
api_gateway,29,2,0,2,0.057834131045814856,0.12979994218291008,0.690533989144796
database,29,0,0,3,0.07008166658326993,0.22270878543873976,0.31781498985963924
api_gateway,47,0,0,1,0.0019280597663917298,0.1971970351725538,0.43965277776383493
payments,12,2,0,2,0.11941027880954061,9.634980714658959e-05,0.31283251810918167
api_gateway,18,2,0,3,0.0228950376840213,0.09004512206327173,0.7254537908421727
database,5,1,0,0,0.01615659795085519,0.25634762157526786,0.18838976522883152
database,9,0,0,0,0.03816904253419431,0.14627819742407033,0.30547043875333985
api_gateway,48,0,0,3,0.027346189179521963,0.1128822139847965,0.534826637128679
api_gateway,25,1,0,2,0.008169081679219703,0.16637018668158837,0.7424683555500365
api_gateway,40,1,0,1,0.022455222138050113,0.1358390152094073,0.4858190838652613
payments,14,2,0,3,0.012714923163949976,0.06134593096629826,0.4879651022822149
api_gateway,27,2,0,0,0.04938827853046519,0.027106494320791624,0.6338804163482156
api_gateway,43,1,0,0,0.02640836106814163,0.19959584710657033,0.5816928766952654
database,23,0,0,3,0.026846896815054703,0.010630857570049673,0.10760428686392892
database,16,1,0,2,0.0044310827662442254,0.22206852357165413,0.23525875809252536
api_gateway,22,1,0,3,0.02025861881744639,0.10628534910200502,0.21259864926898098
api_gateway,10,2,0,2,0.07026338313779078,0.2052229337603324,0.37460460501725534
auth,24,1,0,2,0.035467082661031046,0.18886771679854394,0.212676105650979
database,8,0,0,1,0.023703439021559945,0.16321286238674443,0.2613950573704813
api_gateway,17,2,0,2,0.016279178993098914,0.1631949388630482,0.46068307227385763
api_gateway,29,1,0,2,0.023686760552142933,0.23070490544389513,0.5661891420329754
auth,19,0,0,2,0.034854665160337764,0.2899191875622862,0.16940406387563228
api_gateway,36,1,0,1,0.043813804839283724,0.09341239751745548,0.415526839262635
auth,21,1,0,1,0.023198498498368837,0.21076442416613309,0.3391677852903823
payments,8,1,0,0,0.02470963441215926,0.16456437270418622,0.16125024995811668
auth,9,0,0,2,0.006981630148556195,0.203302132430414,0.18275793012831695
auth,21,0,0,0,0.04117645502263774,0.020168590671243148,0.17119541065360835
database,19,1,0,4,0.05293014892259123,0.3113223209999309,0.49153726118867286
database,5,0,0,3,0.015644560876463123,0.1507435778958434,0.14976793640779845
database,26,1,0,6,0.046817783000643695,0.2895724872044068,0.19765776413899327
api_gateway,8,1,0,3,0.016307838477849668,0.2460242908383334,0.6028361194130248
auth,3,0,0,3,0.08899974825811321,0.01648736239501992,0.15541920976087714
api_gateway,30,1,0,1,0.06335010849838116,0.11140018889426434,0.49372224042059
auth,20,1,0,2,0.05238556070428227,0.22866023187782472,0.06349236224120888
auth,17,1,0,2,0.03671157673405353,0.12160548408765645,0.1880477352253795
database,6,1,0,0,0.02009851054515697,0.1217655391917446,0.08935383538629568
database,8,0,0,3,0.033174710865875506,0.13597861499603897,0.10761956169514272
payments,21,3,0,5,0.006577027874494484,0.07956672549488988,0.2596101293045555
auth,17,0,0,0,0.03196956866662505,0.25543051135724243,0.3222132304840265
auth,9,1,0,1,0.014574117587397774,0.10090219155623004,0.2964907982867433
payments,23,3,0,3,0.09062609072588877,0.34945352905388005,0.2881909778295108
auth,7,0,0,0,0.06725671950946231,0.16819705605020455,0.1163993876795079
auth,16,0,0,0,0.045383788125698044,0.1768329661812747,0.29242697469841505
database,25,0,0,1,0.05836568774856601,0.16015969578135417,0.2421542400844168
api_gateway,15,2,0,3,0.026508772137972737,0.11913068515862721,0.19641445350086945
api_gateway,13,0,0,3,0.04114441654487955,0.011957311306463186,0.7574637708425139
api_gateway,48,1,0,0,0.045164294532795815,0.08413273552892081,0.5107933183374771
database,16,1,0,3,0.07610118391869806,0.23503395197037738,0.13583748759780198
database,24,0,0,2,0.04497882573715829,0.16239902852843427,0.2962319197698486
auth,12,1,0,0,0.03585326833698439,0.1522030596966649,0.14051933349742327
api_gateway,43,1,0,1,0.035175513597233775,0.17810878435995284,0.3436185451374472
api_gateway,18,2,0,2,0.05476085704722082,0.15609936121660517,0.18614017598447435
payments,23,1,0,3,0.09806668844342345,0.02326710348836989,0.4917182913984712
auth,10,0,0,1,0.09002770271276916,0.18540974525434115,0.18430303306987317
api_gateway,28,2,0,0,0.005852641711539546,0.1278017601605926,0.6710904647448047
api_gateway,45,2,0,1,0.023717760265178668,0.18397392415799843,0.34539206834321323
auth,4,0,0,0,0.012778295457384327,0.267607670708992,0.24210604099778474
auth,13,1,0,2,0.09758318897827073,0.22012080351790683,0.0588206932702081
api_gateway,42,2,0,2,0.0030635677382847425,0.09428103796829182,0.2825469007778615
api_gateway,42,2,0,1,0.02717593978190031,0.13003775624923974,0.5757281384918536
api_gateway,31,2,0,2,0.0012489173301748213,0.09609958548734904,0.7660733518769149
payments,25,1,1,4,0.08985165663203513,0.1756116975921792,0.5658049638458107
auth,17,1,0,1,0.04891799615470363,0.2225600580259777,0.34246866975889567
api_gateway,19,0,0,2,0.037014143241025574,0.005356287208715199,0.2931091174791912
database,14,0,0,3,0.055491961151172386,0.3450795481777284,0.20310268173935103
api_gateway,34,2,0,0,0.07431820771895208,0.13927125445780816,0.3479958395276075
payments,12,1,0,4,0.05260646819881264,0.2231240502941738,0.36371302895214186
database,21,0,0,0,0.038118610733977175,0.047855789070462965,0.13883031437932325
database,19,1,0,5,0.0009509127077906943,0.29860683721756937,0.15137554988935717
api_gateway,24,2,0,0,0.0016744519252837797,0.03137588594080035,0.17299179937513937
database,16,0,0,6,0.008534910738126386,0.2748445230685261,0.09753389920754041
payments,17,2,0,2,0.12924374251259677,0.30631371708628974,0.12715675703338172
auth,21,0,0,2,0.09095385699133887,0.22668231405053946,0.11247997882376098
payments,22,3,0,2,0.028723442236217915,0.11857628991175889,0.4208096562185733
payments,35,0,0,4,0.14806501288861748,0.23123001967393267,0.3827893168494217
api_gateway,21,0,0,0,0.04083478909047189,0.12431193489060055,0.13350274561084952
api_gateway,8,1,0,0,0.07457525338028907,0.08258572648319637,0.7811244155798609
api_gateway,31,0,0,0,0.0376820223773412,0.13341940514679937,0.7968794557146789
auth,19,1,0,3,0.025898217743196672,0.27122451256239244,0.08729819908298525
database,26,1,0,6,0.05558696917042505,0.03062034136945525,0.22453355733385966
database,15,0,0,4,0.07326337252375895,0.30027184196114226,0.08764613367656539
payments,18,1,0,2,0.06388397325550227,0.06788209566209798,0.1890084678116492
auth,11,0,0,1,0.09218884855854573,0.2444093538360046,0.29856994300579487
auth,12,0,0,3,0.07253105755407005,0.29188044375111066,0.3091380007891733
database,4,0,0,2,0.030407435659665482,0.1704655048144871,0.0744230121540348
payments,12,2,0,4,0.06054700417402167,0.3597001227926259,0.1410444109816263
api_gateway,30,0,0,0,0.012059460768440493,0.2051254521363225,0.35104870850734193
api_gateway,42,1,0,1,0.002781302035619078,0.11123810906103862,0.4380586543114269
payments,9,1,0,1,0.14128583808906303,0.3073684284468969,0.5949407457702658
payments,11,2,0,1,0.13583732063596982,0.27819538367106017,0.5308385321763849
auth,5,1,0,3,0.051704835469013326,0.2557867312428351,0.3323988767878022
database,7,0,0,0,0.05271173643290765,0.2624137013139467,0.4452032527830555
payments,9,0,0,1,0.12388323396402218,0.3583248405594315,0.4826588838419907
payments,27,1,0,1,0.0467554982239218,0.11921700911654237,0.4510965232101483
api_gateway,30,1,0,1,0.054132452185692424,0.043238016147007036,0.3182490491112723
api_gateway,15,1,0,0,0.021593622837192267,0.07703341736264016,0.34801466637536127
auth,21,0,0,2,0.06826985047758369,0.13582519555741077,0.0913570911346127
auth,12,1,0,3,0.09604797515609775,0.22526333295434695,0.27655931395118943
database,20,0,0,4,0.03017000798850017,0.2200971657910472,0.46006489882273216
payments,12,0,0,2,0.13050373882802485,0.10529846993221775,0.434072328167308
database,4,1,0,4,0.07487470169962619,0.28474208435339354,0.4637847440048796
payments,18,2,0,4,0.09747958825538625,0.37964498275529884,0.056030009222348846
database,8,0,0,6,0.07993096609732078,0.34017402883487746,0.0860457759097365
payments,17,3,1,4,0.08112405959573095,0.33936709057220443,0.5465268262704996
payments,37,0,0,0,0.02095808504684311,0.38647120993381473,0.27577121299773794
database,18,1,0,1,0.025889459404344794,0.10056388979206365,0.09153295144413276
payments,28,2,0,3,0.13560524796818388,0.0175618454522549,0.493100308901205
auth,22,0,0,1,0.04917939800626569,0.0331805254447731,0.37445997826985244
database,22,0,0,0,0.007248241280428642,0.30013889424149787,0.16388558774865555
api_gateway,26,1,0,1,0.055999173699792744,0.21910667252871405,0.29810622860897784
auth,13,0,0,0,0.02846299119393191,0.12867711232204782,0.2847826942369611
auth,15,1,0,3,0.04242372452952734,0.2303222429558127,0.2288706165486509
database,21,1,0,3,0.007861216465065626,0.23152255714501113,0.0792051837954716
api_gateway,49,0,0,3,0.05602670995671484,0.06448396378253562,0.7650320557551704
database,22,1,0,4,0.04313261786950796,0.2647485877117378,0.1261983880442123
auth,9,0,0,2,0.06867166596048487,0.2879096401653013,0.2367016144141035
payments,23,2,0,1,0.0763670077781283,0.16094821581654975,0.07418440289180016
database,4,0,0,4,0.06461169023972577,0.24523247200315157,0.3796931677175544
auth,3,1,0,1,0.0716662418133697,0.01564716925599877,0.19259364407933038
payments,33,2,0,1,0.018457818538548738,0.08000356844509904,0.24999526182413634
auth,4,1,0,1,0.03351242666962247,0.29722864666181387,0.042159208544201736
database,14,1,0,1,0.07599159840148993,0.07919181174370611,0.06787458074972197
api_gateway,22,2,0,3,0.02139887593880296,0.11052676688222487,0.11370388672119502
api_gateway,24,1,0,3,0.0010046943861529202,0.053152985161826455,0.6022555230641106
auth,17,0,0,2,0.08849936133950259,0.027465520725373827,0.2311676526358025
auth,13,1,0,1,0.0553489930500434,0.04405714459206068,0.18703508889202738
api_gateway,30,1,0,2,0.07830247969417206,0.03287651745398648,0.30489041898125835
api_gateway,48,0,0,0,0.04612957808910143,0.06592269880987531,0.41742342091725826
database,4,1,0,6,0.022409615728111048,0.145454645260612,0.4814944366516559
api_gateway,25,1,0,0,0.02874541409468556,0.18398496314509924,0.35670388776000594
database,16,1,0,5,0.03197407123534963,0.033049827892772436,0.4909799541128148
payments,19,3,0,4,0.10559050005517731,0.3817790779411954,0.5742476460447266
payments,14,1,0,1,0.11759287771467614,0.12991956615214423,0.20162724329648513
payments,20,2,0,4,0.07130386015213028,0.2996868660363593,0.31638859624966864
auth,24,1,0,3,0.09934835217062495,0.05791084866429632,0.074534961858685
payments,7,1,0,1,0.04808042502097433,0.27515945819163007,0.22675347565747866
database,18,1,0,5,0.012593136047374217,0.20789362614731374,0.17425789236387473
payments,6,1,0,1,0.08423917615682913,0.09440317212948482,0.4694589073158774
api_gateway,40,2,0,2,0.05676165528030635,0.10461701893631017,0.2325983648215904
payments,25,2,0,4,0.061545558280899304,0.18812961917488258,0.22695536642205277
auth,20,0,0,2,0.054624796760288856,0.09200219150642282,0.22854973405633466
auth,8,0,0,1,0.0078946964836622,0.2050279771254011,0.33904137108763555
api_gateway,10,1,0,0,0.005177448242701281,0.20096709529540202,0.7466650062369705
auth,18,1,0,1,0.02154532769556433,0.23631261926592562,0.11711532545411583
payments,30,3,0,0,0.04644477150042687,0.33768383431049287,0.4205414062464668
database,21,1,0,3,0.04064644289485389,0.2628541693090154,0.3859534583299886
database,14,1,0,6,0.04966432682150349,0.03173047278070985,0.04990499613735511
auth,7,1,0,2,0.08890749167467196,0.019497078101630528,0.321914583953828
auth,9,1,0,0,0.007125268532136498,0.25157329991142746,0.19155358873083927
auth,13,1,0,3,0.03248866064812187,0.24951633608397542,0.2600749119331366
database,7,0,0,2,0.00738966714207173,0.30262273053636746,0.13247468795291384
api_gateway,23,2,0,3,0.03848198365421959,0.041419474955226465,0.1330718425440547
payments,8,1,0,4,0.06177784247167454,0.27140682779376574,0.2899931568669864
database,20,0,0,3,0.00298149782108319,0.2888264247410296,0.16033121416371085
database,14,1,0,4,0.03203630469453958,0.05827484288547695,0.4790153644103934
payments,19,1,0,4,0.13148407361830763,0.3982065794361299,0.5557418459020579
api_gateway,48,1,0,3,0.07939199274699227,0.1409458726956389,0.7726295884478223
api_gateway,40,1,0,1,0.06482111729220978,0.116732647485776,0.7567295257340261
auth,10,1,0,2,0.05373102590036105,0.2975869112409456,0.3077916252879802
payments,6,1,0,5,0.11986232186579317,0.2752122075807925,0.29337022251742056
api_gateway,48,0,0,0,0.010196009678539779,0.2449079071109524,0.6510958843390987
database,23,0,0,0,0.04172435619223919,0.1610613947778272,0.3988948787135591
database,23,1,0,4,0.014385245598481903,0.11451192988499036,0.04702065415137855
api_gateway,37,0,0,1,0.005798404225948746,0.056242462686512534,0.5009698937897458
payments,19,0,0,0,0.08439831343541136,0.3904080630097977,0.2561020623946679
database,7,1,0,3,0.04636011533327394,0.1700357001606972,0.15771864435408492
database,24,0,0,0,0.05565844224259185,0.06168149335282089,0.4903005886543048
api_gateway,14,2,0,2,0.05190720035557872,0.05541198054815755,0.4305922233144339
api_gateway,10,1,0,1,0.011129029380312235,0.22636443456607894,0.6655800020411143
payments,35,2,0,5,0.04905101527441531,0.049738126976964295,0.35623911140524434
database,29,0,0,1,0.05416927774252743,0.22074493233719272,0.3655830121785555
auth,13,1,0,3,0.05492200998868638,0.09365496504645328,0.3417720635791742
api_gateway,36,1,0,3,0.03070082356430131,0.042549054035820016,0.7835111352940022
database,8,0,0,6,0.016788464038763155,0.01011086029518664,0.30319906355232196
database,5,1,0,6,0.033602776533062574,0.24486201167302712,0.42038419036546393
payments,29,2,0,1,0.07541751627700208,0.1494601185491937,0.5259861727954773
payments,29,3,0,3,0.04517633804960382,0.05066234913887757,0.38886094022864653
payments,13,0,0,4,0.10799393090542193,0.16441887742242325,0.4189180119413436
database,16,1,0,4,0.03356816167473032,0.18505764717833875,0.23521995589731645
auth,7,0,0,3,0.07171868897252714,0.21770755467442374,0.14236843357771028
auth,22,1,0,3,0.0930254319985056,0.12958002700904298,0.0484433434223481
api_gateway,12,2,0,2,0.05942311801821323,0.0885684909885587,0.1433777858511645
auth,3,1,0,2,0.046710369231427,0.1618568830537949,0.03745971138362081
api_gateway,36,1,0,3,0.04206082858888562,0.18482893973188233,0.14023687878890648
payments,21,0,0,4,0.14551753296276482,0.39832094711196747,0.256777950302365
auth,17,0,0,0,0.0967015988798973,0.06518363363014092,0.3237573214168238
auth,10,0,0,1,0.020208431497743887,0.24426819842192124,0.3795501474806312
auth,19,1,0,3,0.020118414216665173,0.27926192787435605,0.3369837132758561
auth,24,0,0,3,0.09582856281444738,0.2912542204455028,0.3908729991394342
database,23,1,0,2,0.021109190083193594,0.08291209264146568,0.47349152089115676
database,24,1,0,3,0.0008757899065095121,0.3412138410644747,0.34752051791654465
payments,26,0,0,1,0.0075484399401995915,0.041258704351344426,0.20411902384481406
database,12,0,0,4,0.04884074521903957,0.02792157385829813,0.43265151819446684
payments,9,3,0,4,0.06641038915596874,0.259413663613337,0.24589819388063155
payments,13,3,0,5,0.007806875813419717,0.3029182288284772,0.3866824018873646
auth,13,0,0,2,0.08710142873937493,0.07193392165321423,0.05481428256030899
auth,24,0,0,0,0.04086049707232401,0.13498787291058284,0.3711014469533578
auth,24,1,0,0,0.015670434779594813,0.18697769270783982,0.2996417395829819
payments,38,2,0,1,0.0687379972147572,0.06887770697030171,0.16481023531924607
auth,20,0,0,3,0.008159163038692697,0.136555613410315,0.15044165320356812
auth,20,0,0,0,0.09817673511979658,0.21063406505150564,0.25548092928863275
payments,8,2,0,4,0.1438536263959449,0.12972546555023223,0.47164246584596736
auth,15,0,0,0,0.01792098495610257,0.17285562375218172,0.32845536503834616
auth,6,1,0,0,0.07225540966161563,0.16404060777435367,0.14677156905566258
auth,11,1,0,1,0.04250681736160075,0.07515047906541099,0.3711132381332368
database,21,0,0,6,0.05844704245488957,0.0275000538020851,0.0743220761487125
payments,9,0,0,0,0.02892594134133684,0.037953692059029855,0.29734897582565833
database,7,1,0,0,0.04493383670711555,0.3227546324954533,0.2937600689568485
payments,23,0,0,5,0.05915117195259964,0.2190447936571238,0.18790250430112992
auth,23,1,0,1,0.0837825719923601,0.24172074656292247,0.0775065835668331
auth,4,1,0,2,0.058128273196105966,0.2538623309636889,0.27123820204552174
payments,34,0,0,5,0.037044811870059376,0.09134224567153906,0.565429731748317
api_gateway,26,2,0,0,0.044047336819874786,0.22852689769373827,0.24035397928401728
api_gateway,30,1,0,0,0.050871556081546525,0.23067840237289078,0.5210080545407203
database,29,0,0,6,0.016217327720855,0.23448997211532882,0.04099994053953025
api_gateway,39,0,0,0,0.004559293321614675,0.053600979157656464,0.29031725646431666
api_gateway,20,1,0,3,0.02267088922340654,0.17226923203234815,0.5523564934686671
auth,5,1,0,0,0.03493270359759112,0.04672407955603327,0.18654902807224205
payments,14,3,0,1,0.09370510041099119,0.08582260853200091,0.3987277795686956
api_gateway,20,1,0,0,0.00890175168686418,0.22516652426909678,0.5292512957229872
payments,8,1,0,0,0.1430555439737562,0.18021461562683042,0.3169548041625027
payments,12,2,0,3,0.09100339847968288,0.11528478737924241,0.23676522766449326
auth,14,0,0,3,0.06015620688219003,0.09878271876673729,0.19047946351660558
api_gateway,22,1,0,2,0.07078115152299394,0.24842214534241489,0.7178805297100702
api_gateway,14,2,0,3,0.07690835579015425,0.16219478711669136,0.2330538189096262
payments,30,1,0,2,0.03610688784952601,0.08148695731106664,0.38805355041418726
payments,18,3,0,2,0.019886111622672353,0.07934901593908053,0.5680859376789746
database,16,0,0,0,0.01997731309080021,0.10137311756314345,0.1678722851111387
database,23,0,0,2,0.049394681638598226,0.2919141434018619,0.12551760426281883
payments,16,2,0,5,0.13459477436246078,0.15964371982297043,0.5218766004686295
payments,6,0,0,5,0.03854284492627048,0.3945528686515569,0.06660560843545374
database,9,1,0,5,0.02604017322615115,0.1577264608212351,0.32601954915795783
auth,12,1,0,2,0.05058672985286884,0.19789977950722448,0.2471196898750725
api_gateway,48,2,0,1,0.023675545993112657,0.13255862270321342,0.23090707914590222
payments,12,2,0,0,0.08989162767353877,0.03989048154134718,0.4686108236668918
api_gateway,37,2,0,1,0.04316401748616998,0.1567067114588918,0.3516147311539376
auth,5,0,0,3,0.033207524218133604,0.07853700033081223,0.2072399748210215
api_gateway,14,0,0,2,0.04268851744069389,0.24927974929946015,0.7757459970933963
api_gateway,49,1,0,1,0.0004398630002204396,0.07921744091070931,0.7430399643019238
database,23,1,0,2,0.07290257377627782,0.11239064700471403,0.36674652112788003
api_gateway,16,0,0,3,0.044272101685647,0.09769905273041041,0.7694985220097819
auth,7,1,0,2,0.0521872972764897,0.06723965389802361,0.2030979655675447
api_gateway,24,2,0,2,0.04446510211587113,0.07397514099364103,0.2026055970627339
payments,38,3,0,0,0.13641654960549465,0.007617363709716729,0.12084719056964346
database,12,1,0,0,0.00964174718336392,0.23758257027343493,0.13228112604457049
api_gateway,30,0,0,1,0.07238197931998262,0.016275064355573327,0.7601148901903548
auth,16,0,0,2,0.04326149328720457,0.297219730912733,0.1424967497652488
auth,22,1,0,1,0.07511537036455784,0.03753484789484566,0.3923164297171724
auth,10,1,0,2,0.09377876304587901,0.21834770075218315,0.36338424416158854
api_gateway,47,2,0,3,0.07960256677127034,0.1633183802397304,0.6506444343408851
payments,24,1,0,1,0.0921253275478339,0.20486798237355486,0.16680386041637377
api_gateway,35,1,0,2,0.051663968354196066,0.2245433260215727,0.7899353017142408
database,6,0,0,5,0.07884619475913753,0.08574307557684477,0.34698117432679004
api_gateway,16,1,0,3,0.0434146607907777,0.07953695870851438,0.19010226367415362
database,10,1,0,2,0.05945898022232675,0.11898456438337071,0.4020364874098271
database,6,1,0,4,0.07472119132652776,0.19329640840314422,0.2874760534453277
api_gateway,36,0,0,1,0.07748581185825171,0.13845102128980535,0.44983031140630203
payments,9,0,0,0,0.04172154606733662,0.24043306615728627,0.2695279136016733
api_gateway,15,1,0,1,0.0342107425909116,0.20893747150353076,0.450590626662301
api_gateway,38,1,0,1,0.07750051563242746,0.0858497156897906,0.7231534662145596
api_gateway,29,0,0,2,0.025709958928569164,0.12966950429871568,0.4325934378163486
api_gateway,26,2,0,3,0.06461759114568479,0.029812102547059405,0.527692599899064
database,28,0,0,5,0.07533141901899156,0.23437789280626345,0.3406368374387258
auth,23,0,0,1,0.055436404082840986,0.13374653462150377,0.12362167110689179
auth,5,1,0,1,0.03626169515854621,0.02468156720286193,0.19205482797792742
database,28,0,0,3,0.053048162803613526,0.1395622582378705,0.39142899893681093
auth,23,1,0,0,0.038816144796031696,0.02747761024334061,0.30626103014991013
payments,32,1,0,5,0.08004253969638163,0.18438783688501587,0.27193752157897616
database,18,0,0,4,0.06592700897365951,0.34313246417056,0.20880027186612923
payments,16,0,0,4,0.09634172452606725,0.3269037075950092,0.214341685245801
api_gateway,14,0,0,1,0.06690415431361327,0.2315359409102402,0.4722246651465669
database,24,1,0,6,0.0003420099728392767,0.14199870603041603,0.11489277847073642
payments,16,2,0,2,0.05452716860539,0.3754342383114021,0.0999609995837778
payments,25,1,0,0,0.12341403645484979,0.050454314518306065,0.22041187434022302
payments,29,3,0,4,0.09573366225609171,0.27841256279564547,0.29823519883475347
payments,26,2,0,4,0.14195679800375563,0.1854703223092712,0.5122947339720565
api_gateway,33,2,0,2,0.016821882690109122,0.21649619189590266,0.3913505695364514
database,6,0,0,3,0.020261671653397616,0.059143206231799375,0.3520335616662277
payments,28,0,0,5,0.08786674063965715,0.145559762598133,0.27864122003241654
auth,18,1,0,1,0.094894013128426,0.1946477629501842,0.3340183678161659
api_gateway,42,0,0,2,0.03466365126337855,0.23256130472874792,0.289459785823317
database,25,0,0,4,0.05606835822473319,0.21007216174208893,0.17112668175870102
database,9,0,0,2,0.03870345864436109,0.2174339624832791,0.36916294069313543
api_gateway,24,0,0,3,0.019235726774689176,0.17696393760219828,0.351544797111786
database,18,0,0,4,0.04104980502443663,0.34752219268687795,0.31130477992875755
api_gateway,20,1,0,2,0.03793542665540688,0.13403590296991744,0.5382806042269421
auth,16,1,0,2,0.013118510392079863,0.2718412762701703,0.18007059786124838
api_gateway,14,2,0,0,0.07266324035321056,0.019964573848316097,0.6322406006404225
payments,9,2,0,2,0.14109599987791707,0.34251405121870493,0.524470738682539
auth,9,1,0,0,0.031849631326387864,0.16941858011969843,0.2824054284688169
api_gateway,42,1,0,2,0.02529251560341673,0.14501901806166356,0.46198412932599875
database,12,0,0,3,0.05098833262947143,0.3166982356300453,0.05819333549467742
api_gateway,38,1,0,2,0.078109981548639,0.18063522166644308,0.32110199893667846
api_gateway,49,0,0,0,0.033140068465607964,0.027345122965528323,0.7454855937786986
payments,11,0,0,0,0.06464745942708876,0.004748538667743718,0.28398715684099
auth,4,0,0,1,0.09076309533347071,0.17357262341496713,0.09387208999961279
auth,17,0,0,0,0.019758094435047703,0.179405509450991,0.07529199847402976
payments,26,0,0,2,0.05783287522375039,0.3101638058369979,0.43378836818438804
database,20,0,0,5,0.058823683841640904,0.30684873893091424,0.08513798453954063
payments,5,3,0,0,0.14875292105891033,0.09274384555313936,0.38012023608408313
payments,37,2,0,0,0.10112804232444207,0.3123141933461906,0.5631294017118937
payments,33,3,0,0,0.09267197918839296,0.21767204637678145,0.5198472309616419
api_gateway,21,0,0,2,0.023998156751955817,0.002517963861139366,0.37989546254981676
database,19,0,0,1,0.05522042875296964,0.09757396105559565,0.4782785818528455
auth,5,0,0,0,0.007656864182011625,0.16040002646786472,0.036789454288014584
auth,11,1,0,1,0.02970769577964727,0.21725773399624648,0.05890492939220535
database,26,0,0,0,0.059222747221026814,0.14207002009459743,0.3501262089719813
payments,5,2,0,4,0.14209603488554431,0.2282245618498426,0.5676271843302121
api_gateway,24,2,0,1,0.012883425322472757,0.024905519632832107,0.3963653603631836
payments,21,2,0,2,0.008735674623041284,0.09122472676000798,0.3805642326187794
payments,28,0,0,4,0.03421505668535777,0.28083887535179647,0.4192169322014339
payments,18,2,0,0,0.06070588114937552,0.34850874038004687,0.21893247260447368
payments,11,2,0,0,0.06238704814462642,0.28696142216208415,0.41067751598129904
auth,13,1,0,1,0.04875653632789248,0.12036899988350754,0.13108467771900337
api_gateway,45,1,0,1,0.044116943240937234,0.029279064368210816,0.2809369490054273
payments,38,3,0,1,0.04706732149585931,0.23537342256656993,0.3695026440354531
database,6,0,0,0,0.05530608216102373,0.19704302121068193,0.31640245036382014
payments,8,2,0,5,0.0815108778297396,0.028348680261949435,0.217959815082655
payments,9,1,0,5,0.0420682597140083,0.007844212989701439,0.07632607939835889
database,14,0,0,6,0.013831531591573371,0.19746283477531087,0.32928179632888366
payments,12,0,0,3,0.13317264605037285,0.3744585341728452,0.050086759517931206
payments,26,1,0,0,0.017890750805961513,0.373365328179822,0.09602454353623352
api_gateway,22,1,0,1,0.0006004310219524456,0.13840106806203756,0.44628121690301903
payments,30,0,0,2,0.08310875751903161,0.3080356125016328,0.1165947140328045
payments,23,2,0,1,0.1405280145136523,0.37030067722212223,0.17377221947430965
auth,8,1,0,0,0.07864448231944234,0.28755558245442786,0.11279585056152644
auth,16,0,0,1,0.025221839326837206,0.2893377804838537,0.16267418267955736
auth,12,1,0,2,0.013178666863411027,0.09556892943779688,0.3490482359350582
api_gateway,19,2,0,1,0.03429914202801413,0.12992220978591246,0.24977971399518017
auth,9,0,0,2,0.08035676014003101,0.2652511975532658,0.1633012763012139
auth,11,1,0,2,0.0416680380431438,0.2413640076427599,0.2933168554847011
payments,21,1,0,3,0.0976241925733992,0.12927762612973445,0.05973744479028047
payments,17,0,0,3,0.013400985343780024,0.2101727993238569,0.20682324634938976
auth,6,0,0,0,0.023752304184806883,0.12210323767119671,0.133425317602373
payments,16,2,0,1,0.10351130312831966,0.21963328902748916,0.19306379065846951
api_gateway,40,0,0,2,0.046996316600501464,0.009466403026762604,0.7015061351018489
database,4,0,0,2,0.034815767330815595,0.2103928372087626,0.305823812495025
api_gateway,28,0,0,2,0.06555969484731249,0.19225571861956284,0.1504415782079105
payments,36,0,0,1,0.10221909187757569,0.015780781169076576,0.11272766373796932
auth,24,0,0,1,0.09453581344565326,0.14588567170540395,0.18686131769143555
payments,22,2,0,5,0.007167204702210805,0.17939409120105354,0.4865445841818667
payments,20,3,0,2,0.01692608167753266,0.10188820018301957,0.3098541626531897
database,4,1,0,6,0.021729364217197365,0.19141041501009845,0.2821100229903982
auth,17,0,0,1,0.09008369802823235,0.29931046254255717,0.20020447591986196
auth,16,1,0,0,0.02037938352999217,0.29107051872840617,0.23641423687147467
api_gateway,11,2,0,3,0.04908894203659637,0.12892546082641512,0.12136293268433246
database,26,0,0,2,0.0024822753934425814,0.29107386909812516,0.34582451692961796
database,9,1,0,2,0.019583432513261653,0.26244267818454164,0.3438793726330497
api_gateway,38,0,0,3,0.04771578382173278,0.23205352591593134,0.1417774333776027
database,15,1,0,6,0.07252002212107256,0.02972680262002964,0.21309164054829086
database,11,1,0,1,0.0018670946264517686,0.0619922084946867,0.2882135407181132
auth,8,0,0,3,0.09776153675237532,0.13855933770005088,0.3671327462705578
database,9,0,0,1,0.03378074087896616,0.19608915358089185,0.19393478845323942
api_gateway,13,1,0,1,0.014026834198741955,0.12023874001294321,0.21855049523863646
auth,3,0,0,2,0.04960328899414149,0.26241795156636244,0.2522063327424328
payments,25,3,0,1,0.00838895251923385,0.17448576684801817,0.3239828961381316
auth,15,0,0,3,0.060873048258484865,0.19348913122355885,0.09806065127942999
auth,7,1,0,1,0.06697458074256392,0.20434622169913386,0.25213123363836026
api_gateway,20,1,0,1,0.03217258854535635,0.21515122567768857,0.7463808159634866
auth,24,0,0,0,0.08281085092683076,0.1281845124381983,0.031171906231208118
api_gateway,34,0,0,3,0.05502332874667939,0.23241691853827745,0.3202520990270379
auth,15,0,0,3,0.07039859218646632,0.21722292653712097,0.22652688043272348
payments,37,0,0,1,0.05250103027097681,0.13699008767452167,0.26130680170928755
database,20,1,0,4,0.03083054026198939,0.17473365242958644,0.49896180826413733
api_gateway,32,0,0,3,0.011535598470240566,0.13201173173681668,0.20074714008708255
database,11,1,0,2,0.05359312150371489,0.326632841933945,0.08905291117725583
payments,28,2,0,4,0.028102018699018332,0.31802915247246566,0.4875700100982555
api_gateway,27,1,0,0,0.07164397824579241,0.21614186615173392,0.4190185853787143
database,17,0,0,5,0.059292213862852695,0.11141455634952742,0.354467357395929
payments,10,2,0,1,0.09642030752431237,0.019007102882844153,0.36584870914139794
auth,7,1,0,1,0.011580488934740774,0.15944024878722388,0.3825376966586581
database,10,1,0,2,0.03552133043381445,0.33566407575653645,0.39551454830572524
auth,12,1,0,2,0.03484953482460029,0.24815361199740382,0.35109632808060665
database,15,0,0,4,0.07362066000894193,0.30171223153993637,0.14797574548557121
auth,21,1,0,1,0.015457215147476756,0.04996987502532182,0.38254342285992515
payments,36,1,0,3,0.03493527579742225,0.10088096086373236,0.3217691576276988
database,15,0,0,3,0.0052217598854791625,0.23207488916997898,0.2178492791187167
api_gateway,19,2,0,1,0.003724824489216161,0.09323826395669113,0.24752041198449312
payments,27,2,0,5,0.050341386636135195,0.13518799169619153,0.5978798831683055
api_gateway,41,0,0,0,0.04038525235896806,0.12228012374812725,0.31266306178952497
database,18,0,0,5,0.05269644341812208,0.29173959600899785,0.39289866483759867
database,22,1,0,0,0.02591735462644321,0.1844913316989415,0.36829880168701223
auth,3,0,0,3,0.03761651104310777,0.143884126249225,0.19169890815650897
auth,10,1,0,3,0.03125747270778583,0.01599923695157669,0.2903989718628259
api_gateway,16,0,0,0,0.023766309100931835,0.061833300358801996,0.4904905709185504
api_gateway,22,1,0,0,0.07906112720987747,0.16968947703973913,0.6052808733548448
api_gateway,43,1,0,1,0.011869950715058836,0.017713860107288898,0.6007354720851662
auth,11,1,0,0,0.08325044000323545,0.2851152883137352,0.04043041673371842
payments,24,3,0,1,0.05184405555542384,0.37886824673735764,0.5498880922125573
auth,15,1,0,3,0.043331949023289684,0.228725886493717,0.2163851672886496
api_gateway,43,0,0,2,0.06985418835128719,0.11820382975272606,0.2606123889538739
database,19,1,0,1,0.016482189753675415,0.29845318224216477,0.07444113723565879
payments,32,0,0,4,0.06362775836189642,0.06295140594754703,0.11579674173383868
database,9,1,0,6,0.002653820562815117,0.06005123031709759,0.05362421478017613
payments,14,3,0,5,0.10519400131325761,0.17634204508100637,0.5182912829821128
database,8,0,0,5,0.031717449660138695,0.3052065645722221,0.2158537627195551
database,12,0,0,6,0.015158369607641378,0.2563623695269122,0.09592358927394168
database,28,0,0,4,0.004453311424346263,0.01163411374531354,0.2178196569786859
payments,37,3,0,4,0.05390084857736808,0.34980211801523087,0.10138752676337459
auth,9,1,0,2,0.09084462056904016,0.2643638197396541,0.2427333076545568
payments,12,3,0,1,0.00019266382902021205,0.057806089562780105,0.541996368732325
database,4,0,0,4,0.027719911161625567,0.2110276236514383,0.15035705988417816
api_gateway,45,0,0,3,0.004051664411330762,0.1841095536241538,0.7703084487919077
auth,9,1,0,2,0.06386253991024257,0.23071844201435127,0.03531592289785415
database,16,1,0,4,0.040055042736061086,0.026765596425419008,0.34367371902258975
payments,26,0,0,1,0.07278834062208617,0.18712096481493568,0.27875409311299376
database,19,0,0,0,0.021853044486418165,0.10188671693451122,0.458336971534943
payments,37,3,0,2,0.044362925193049414,0.2295846070006519,0.4667116891316348
payments,39,3,0,4,0.1253357557635973,0.11557480666303306,0.435103158456751
database,9,0,0,3,0.06562404762261002,0.15682429106587123,0.31158389234147477
api_gateway,45,2,0,2,0.03800838811959856,0.2025610463410271,0.12704186236222997
api_gateway,15,2,0,1,0.029676335290650693,0.10090262302545874,0.11508405130537189
api_gateway,18,1,0,0,0.011073996040627936,0.16648407943917054,0.5493844333239647
payments,8,3,0,0,0.07422389274008194,0.1592219362715751,0.547955253544335
auth,7,1,0,0,0.09831622899114084,0.27568042293314915,0.34931960561446507
api_gateway,33,1,0,1,0.05695689391070156,0.17290408464913137,0.1637496413332353
payments,21,1,0,5,0.025756498346053223,0.03768414544499752,0.4839229930976784
payments,36,0,0,3,0.0467268448520979,0.33141210383260344,0.5150944650632603
auth,6,1,0,2,0.03425392295096077,0.09579009609802715,0.2341895452587646
database,28,0,0,4,0.04862796231923209,0.3378886416434941,0.4497704719025677
payments,11,3,0,3,0.02259164296027787,0.10273262982682346,0.44181671566010683
payments,20,3,0,3,0.032654969828584866,0.37543129583441326,0.12575056583442762
database,16,1,0,6,0.009463911203257718,0.00630848860755408,0.3266782919724339
database,21,0,0,2,0.06879166882079037,0.047042144410726176,0.1371171293392428
database,27,0,0,6,0.004216167566993354,0.3264171633645574,0.1748170505120613
payments,27,1,1,2,0.13443543737191996,0.056017924853691614,0.134087913606399
auth,3,0,0,0,0.05337533205937861,0.17706457068858208,0.2829249083301426
api_gateway,39,0,0,2,0.06724358682234818,0.014849157249405498,0.10517155403621058
auth,6,0,0,2,0.059210721347104284,0.16446477319647618,0.2688963871485675
payments,12,2,0,1,0.06455147605336087,0.2779282919486883,0.5092332522146521
database,6,0,0,1,0.06322561963838037,0.0032433903098205152,0.16910990671975404
payments,30,3,0,4,0.03290840837943694,0.19231446727189094,0.0867383924941946
payments,34,3,0,3,0.11675578568182368,0.39740062415828326,0.3873647354349826
auth,19,0,0,1,0.0594552562360948,0.12215785490575606,0.03222815493631036
payments,26,0,0,3,0.07263197090214625,0.3434688219717985,0.42239508457310937
auth,6,0,0,2,0.0928132186015444,0.28228698637768046,0.16127652513410817
database,5,0,0,5,0.07046120092864824,0.1763643715409963,0.32319895321333597
auth,5,1,0,0,0.05893383779505478,0.1854066836044537,0.39189630414681387
auth,19,0,0,3,0.07186953871475389,0.26221377430234927,0.06524696428141868
auth,23,1,0,2,0.07536218805843592,0.26854414769151835,0.3050944890730801
payments,17,2,0,3,0.06736851208953762,0.2014307585354366,0.5248937234306833
api_gateway,32,1,0,2,0.06808411090307316,0.03689419537625174,0.35510590090872585
auth,10,0,0,2,0.011585277700376451,0.023226678999852025,0.05661526604810535
payments,7,2,0,4,0.06908738260419998,0.1089868736132384,0.5205172750827766
auth,9,0,0,0,0.09716506046194932,0.08875534956361324,0.1227078499301528
database,7,1,0,0,0.05254630497090802,0.09797322009972703,0.3714884230019721
payments,14,2,0,3,0.14560020416908057,0.21392039076766722,0.36960843458384296
database,26,1,0,0,0.07243318506688816,0.13713026982363158,0.09389061003508548
api_gateway,22,1,0,3,0.04038597799443873,0.14312860105801656,0.5057406537106246
api_gateway,37,1,0,1,4.179074691201379e-05,0.22346636880427093,0.5181488012315427
auth,23,1,0,0,0.06420135846752412,0.08153415035735917,0.34076446318592923
auth,10,0,0,2,0.04017452054249785,0.27012159556952015,0.22954035761867667
database,21,0,0,5,0.0018875771090561422,0.0838429721825936,0.20782670073306078
database,8,1,0,0,0.016654722048049936,0.26236199030382384,0.46869886224261714
database,18,1,0,4,0.02723936692228274,0.07286470730298938,0.41239751879930836
database,18,1,0,5,0.009965403820369242,0.03241867988723603,0.4066114446933214
payments,20,2,0,1,0.06269527620208305,0.17956468903711606,0.564006939898805
api_gateway,45,1,0,3,0.038887525381339876,0.10656920892438948,0.18479801148974107
payments,13,1,0,2,0.050115697812984486,0.3658337740886991,0.28946416787040735
api_gateway,29,1,0,3,0.06849842268534237,0.22597536167963825,0.37610308864473285
api_gateway,34,1,0,3,0.03359010471493634,0.16985341431955572,0.7332382046441763
api_gateway,49,1,0,3,0.07820320416451385,0.18038211777211538,0.6703793629446351
api_gateway,12,0,0,2,0.02861983944334849,0.16899862603015314,0.345232645271579
payments,7,1,0,1,0.08943878628490531,0.18714378505366397,0.3365452637571464
api_gateway,45,2,0,1,0.07974396168953424,0.007913025620888664,0.35042643522914907
payments,21,0,0,1,0.0872383256774633,0.26215327978538133,0.3106558685011555
auth,14,0,0,3,0.04605091599081788,0.08361810201813724,0.12038740897875089
auth,14,0,0,1,0.09873155491986287,0.15773665306066392,0.30447077642861053
payments,23,2,0,2,0.06204982853748104,0.035852709321847163,0.3479277532185506
api_gateway,27,1,0,3,0.07357006403164115,0.057388899426708245,0.13458248332316436
database,18,0,0,1,0.020517023344498782,0.12723517621135202,0.13998048460257392
payments,34,2,0,4,0.024435398171609106,0.0797523276042508,0.24860480234455673
api_gateway,13,1,0,0,0.05739219874292626,0.036105525264513244,0.5692719708419033
payments,25,2,0,1,0.07434808813248707,0.34521151170011394,0.3599087605970685
auth,8,0,0,1,0.0604709793887392,0.27436748330644745,0.37216441398128364
api_gateway,35,2,0,1,0.025277277934457505,0.0005945077330966886,0.6445362884018464
payments,28,3,0,3,0.09419381030143617,0.08570872372410383,0.4398007189476947
payments,31,3,0,1,0.12048181848661398,0.004827974120247181,0.15615824197313422
payments,29,3,0,0,0.10076689053822989,0.10970474006355989,0.1099343961171537
auth,9,1,0,3,0.08509063221509998,0.16545919587968486,0.03297947000135404
auth,24,1,0,0,0.05781406737621203,0.2542596010386053,0.38189421285334046
api_gateway,16,1,0,3,0.06500096956224771,0.22407862693275432,0.7303611541350649
payments,9,0,0,5,0.07216885377252684,0.2724837031286195,0.2322667764184505
payments,7,1,0,1,0.04308865423156014,0.05054805677880206,0.0531920728636176
payments,34,1,0,2,0.060857163627142156,0.1527920181851784,0.2536760964977872
api_gateway,15,2,0,2,0.07447277492641102,0.12097122767426402,0.41917185859653416
database,11,0,0,2,0.047798650698462126,0.08209955595459612,0.31610799409875623
payments,26,2,0,5,0.057969384649190284,0.17926434934760083,0.5606871412733363
database,24,1,0,1,0.006819939600924023,0.2517629867588997,0.1942360008220206
payments,19,2,0,4,0.025018100277551126,0.08645432492436829,0.13804075801770183
auth,12,1,0,3,0.07332782958676516,0.06363902126118329,0.3811772419390703
database,17,1,0,6,0.024600221957074408,0.21857029463766725,0.13610351173974045
auth,22,0,0,1,0.08369034453166549,0.09908610374763306,0.1845139415018868
payments,9,0,0,1,0.045482932007788676,0.258380612444818,0.20836576149427827
payments,28,1,0,1,0.08678458984190317,0.08119742367647889,0.33192500889701293
auth,17,0,0,3,0.05607431960154172,0.05298702780737744,0.15017336219167682
auth,6,0,0,2,0.006225058994145428,0.005280757110403489,0.1695207743374456
database,21,1,0,5,0.07047359963678021,0.3428186399982619,0.2035599276998582
payments,6,0,0,1,0.12940127444185887,0.08851063642647361,0.20016583762172263
database,24,1,0,6,0.008276662696396242,0.34982807848232106,0.19905154019790755
auth,7,0,0,0,0.030062055985564207,0.2219384977973576,0.25542113483903783
payments,19,2,0,4,0.01626005590749341,0.2579424173718907,0.5585425498133907
database,28,0,0,5,0.017872369970898118,0.0497444629205568,0.3892355409480007
payments,14,0,0,1,0.08609627625476128,0.31367487169283187,0.2745220024235276
api_gateway,21,1,0,2,0.043706662570719985,0.11433372166966926,0.6602963618295661
auth,4,1,0,0,0.029352795416794964,0.15122130115700197,0.1664375793670795
database,9,1,0,5,0.03844474834406048,0.20717615947791107,0.3230146343998649
api_gateway,20,0,0,3,0.021961497181036852,0.1827974166795503,0.748687500231906
payments,21,3,0,0,0.14001826578747784,0.10082795474006861,0.4661039630317989
api_gateway,43,2,0,1,0.015409084517834896,0.23373855674692134,0.15008327250156006
api_gateway,34,2,0,3,0.006853323709946873,0.09689938636696369,0.7536810156053847
auth,22,0,0,3,0.08358513211799544,0.13822266517835147,0.07900901262074503
auth,21,1,0,3,0.07503124383797198,0.2428737782744954,0.057150004205197114
payments,20,3,0,1,0.1383461663225377,0.10874429069036631,0.4324739317241181
api_gateway,49,2,0,2,0.01723092858122225,0.003976419077058341,0.5940370247912858
api_gateway,13,0,0,3,0.04570269489325658,0.0032298836583232182,0.4941967098021862
payments,12,0,0,3,0.1381156274454113,0.07892558823042398,0.28952776509929257
payments,5,2,0,0,0.06179198229183955,0.2283412102177251,0.20119958561523238
api_gateway,44,2,0,2,0.026245234210900338,0.20916192329097846,0.23389531197408822
auth,12,0,0,1,0.010303713097510048,0.06462657108218442,0.14301187584909716
api_gateway,32,2,0,3,0.06947152902966201,0.12026828817205415,0.36016993403998554
auth,24,1,0,1,0.010849834507043844,0.26219982766136823,0.27142869733109865
api_gateway,15,1,0,3,0.007548283783344196,0.016143384860157123,0.3051949224623429
database,11,0,0,0,0.04330640620365728,0.1485667756471323,0.43465356461623145
payments,16,0,0,0,0.08060687856657826,0.14097309261553664,0.2563826228733031
payments,9,1,0,0,0.05642857031544332,0.07145155070171981,0.5494191819846468
database,21,0,0,1,0.05243256985716692,0.24715857001133357,0.38670011061198695
auth,6,0,0,0,0.0997162814279457,0.03307334600416995,0.2839261021683058
api_gateway,37,1,0,1,0.008521090726595092,0.2051715403779945,0.4618127357791799
api_gateway,30,0,0,0,0.02537913990672175,0.017248527194484498,0.2323014289169767
database,17,0,0,0,0.04929165011263354,0.1638002453784629,0.3230669662420294
auth,19,0,0,2,0.020152700291824244,0.2329795446590064,0.28655689972083787
payments,28,1,0,5,0.02987353463956005,0.05340622054112783,0.5658933260027234
auth,18,0,0,3,0.013963839922991229,0.2784435662686926,0.3647291718867426
database,10,0,0,1,0.042284676994694535,0.024442933588349362,0.22844091937406583
api_gateway,12,0,0,0,0.03221425721739469,0.1633875609369666,0.6930381306282566
auth,24,1,0,1,0.02686677846278276,0.21229631493543602,0.23578292517840876
database,8,0,0,3,0.023279161204193616,0.3342547190439049,0.4311748535354165
payments,21,2,0,1,0.03755380943562832,0.12955822103215167,0.2853123138448791
payments,30,3,1,2,0.08940958966508926,0.34629089484271747,0.4315668561919913
api_gateway,49,0,0,1,0.046097710724141865,0.1627333278867212,0.6835276106575368
api_gateway,43,0,0,0,0.015999878409502157,0.018004878094836724,0.7618450903199955
api_gateway,16,2,0,2,0.047690721429872344,0.07099593082995348,0.17846276520885446
api_gateway,48,1,0,3,0.07441172631140561,0.012370135259514664,0.7314147659072084
api_gateway,26,0,0,1,0.07352821610224793,0.17148432380563813,0.2220016838457616
api_gateway,30,1,0,1,0.06002298118278915,0.010173963775266387,0.3322981747736723
payments,32,1,0,4,0.06627805621365959,0.16483744385301569,0.07638215721871174
payments,38,3,0,2,0.006621834313118319,0.36693956060269955,0.4359520724156816
payments,22,0,0,1,0.0709819780326598,0.002783034921316485,0.08997527357439816
database,14,1,0,0,0.06847050475703523,0.1408287982585268,0.2959818608014291
auth,16,0,0,1,0.010782367385194704,0.0032216945393947483,0.16150855628794125
auth,9,1,0,0,0.06217593860953973,0.1234308712279987,0.26277522115542984
auth,10,1,0,3,0.0891868204381326,0.2145846393981531,0.3587640116002462
auth,8,1,0,3,0.06817831212123454,0.18606901576042684,0.1968278908420884
payments,21,1,0,4,0.11166632517563305,0.07099273399640471,0.18490955150400362
auth,6,1,0,0,0.03163220570094807,0.13670509995039493,0.1853755202344312
database,7,1,0,3,0.07171875949449373,0.1794501184414039,0.44687044310197305
auth,21,0,0,3,0.03015440132888654,0.08387130161117083,0.3766056657842216
database,16,0,0,0,0.0410513210597813,0.028268164688252453,0.17551242083699964
payments,29,2,0,4,0.13777822956646818,0.20461447769391672,0.19048555457534977
api_gateway,24,0,0,0,0.06345811494952296,0.06087030120954043,0.40792445005547373
database,24,1,0,3,0.027913295614114687,0.2693135461220624,0.12393421040428851
auth,10,1,0,1,0.03547249679475275,0.04763288588617868,0.35251749642971963
database,12,1,0,3,0.02470734684037031,0.32186240160222285,0.4555839134991464
payments,21,2,0,5,0.07296075533042673,0.006257318122973654,0.13440125765948913
payments,34,3,0,5,0.03354038224855067,0.2973331654262627,0.518800942094124
payments,12,3,0,4,0.08584257218130018,0.17348948113256843,0.30877779344577994
auth,4,0,0,3,0.053400230574749935,0.006604834700135576,0.2949047945315769
auth,22,0,0,3,0.07516205508448137,0.0520073790634148,0.37483445661281567
database,6,1,0,0,0.04543185831601398,0.2786299936943512,0.4795440957537223
api_gateway,28,0,0,2,0.054269326314222655,0.0844336000569193,0.6132977808358874
database,20,1,0,4,0.037716507270463814,0.09675106409528271,0.1111651656567944
payments,19,2,0,1,0.04539605109552218,0.014414950999674981,0.18423489807360888
auth,23,1,0,3,0.010319981190583605,0.053164172480728196,0.35254615956124613
api_gateway,12,0,0,0,0.03584899569845712,0.1322055886097453,0.6075177962777126
api_gateway,23,2,0,3,0.06422373240306564,0.12071030262947774,0.4968674433692054
payments,5,0,0,5,0.14253168087981452,0.20497142055066253,0.5963550334880962
payments,8,0,0,0,0.06406686696290011,0.06852981778174998,0.1648888909931637
payments,29,2,0,2,0.01931316560520832,0.267040685433294,0.476330342750727
api_gateway,16,0,0,3,0.04798393963542349,0.14282873411424782,0.396559652198864
payments,39,2,0,1,0.03142788364687982,0.3590035340433416,0.5305177606082322
payments,25,3,0,2,0.09433577173854225,0.09975031519835685,0.2996192906267787
auth,22,1,0,2,0.08174476505069533,0.03184339584641755,0.10756305854199809
auth,24,0,0,2,0.022231820921422632,0.2757895315133023,0.14336167071551062
payments,36,1,0,1,0.0755537641856167,0.14799955438399098,0.21512491134776246
auth,22,0,0,2,0.05461545912071965,0.22655057768859832,0.2798100987661367
api_gateway,16,1,0,3,0.031172931944427003,0.2365890357946621,0.4364308354827926
database,24,0,0,6,0.05809805637551126,0.19002072247652893,0.4589561523031832
database,27,1,0,2,0.04193997850734993,0.32163112641523817,0.11479165565937302
api_gateway,16,2,0,1,0.05524717400962783,0.21777839222917653,0.12455935280710245
database,19,1,0,5,0.009134701439036741,0.09346131820252329,0.31110608391819433
database,26,0,0,2,0.0723914160398333,0.06464282185981414,0.48806949714356856
api_gateway,29,2,0,3,0.021621788924911546,0.0767622210892081,0.36047199755551873
database,19,1,0,3,0.013295273569240944,0.02110416047514239,0.40027713147436367
payments,13,2,0,0,0.14176836731173303,0.38023680523037534,0.518205216719092
api_gateway,29,1,0,1,0.05761288397216061,0.18489310681557544,0.2347818768521064
auth,7,1,0,1,0.058776846260608966,0.007632270339731805,0.11930713606148145
api_gateway,33,1,0,3,0.004435224115572618,0.19499795990084082,0.7205401784828696
auth,17,1,0,1,0.07949509328246772,0.10190290156370065,0.19852766378527748
database,5,0,0,4,0.07684411862438084,0.29360248086093726,0.3495304302035233
api_gateway,22,1,0,0,0.07518050602601042,0.20777443737989135,0.19340784059335064
auth,17,0,0,1,0.039508852235663285,0.23934429676591795,0.04467468284048007
auth,17,1,0,0,0.09050840377609537,0.09865818975920317,0.2515818915739313
database,21,0,0,1,0.014559649708328744,0.20308183820236547,0.48776489984626553
database,4,0,0,2,0.056240518626824956,0.12492107935760724,0.121980632308758
auth,16,1,0,2,0.06131075959555898,0.2804689345552722,0.3189014135015593
api_gateway,22,2,0,1,0.07084983283153286,0.05276655886247092,0.31601116623922865
payments,18,2,0,2,0.0651073302717271,0.27598574285054495,0.20369333222974179
api_gateway,27,1,0,1,0.012614074675243074,0.013971766698416294,0.23034041938836963
auth,10,0,0,0,0.02908797322442194,0.2822240169232998,0.3679003635399445
payments,22,1,0,3,0.14764829682210617,0.045813147330539296,0.3080413267120692
api_gateway,39,1,0,1,0.07091834804621995,0.04842227108981284,0.14699797168137424
api_gateway,33,2,0,0,0.05912252344905009,0.21713673064038386,0.2844793001046173
payments,12,0,0,4,0.03767880069067008,0.21486772864161155,0.2876644465887419
api_gateway,48,1,0,2,0.06086733300135025,0.11432994523838264,0.42118125819330476
database,22,0,0,3,0.01181988627312914,0.01944686545116628,0.21585666249296076
payments,39,1,0,2,0.017633587368140486,0.10516969905285883,0.5300379787936935
auth,5,1,0,2,0.07209984200449039,0.2649615605620386,0.03759332933363066
auth,23,1,0,0,0.04049970388769478,0.2938127458999364,0.10041885256772652
database,22,0,0,3,0.03853777632106408,0.2590026294704724,0.47522298215269143
auth,21,0,0,3,0.06901313479368922,0.03834175283856387,0.29928285081637185
auth,22,1,0,3,0.06985982867270393,0.09602793272266542,0.3349185258264321
auth,22,0,0,0,0.02653240700646672,0.22061029491975803,0.03649450549657548
api_gateway,35,0,0,2,0.06705650612714144,0.1260634139031325,0.7621592979424
payments,26,0,0,3,0.003051162282326647,0.2285280061732411,0.26252855900681965
payments,13,2,0,5,0.02132720645810274,0.07791752105757072,0.30169753099984625
api_gateway,22,0,0,2,0.017399098761261014,0.08043579958796787,0.2182592105256011
auth,7,0,0,2,0.03929373050278067,0.10584180277977173,0.18153673117919936
auth,8,0,0,0,0.020788587191937546,0.062413996279880764,0.15653474795655442
database,21,1,0,2,0.03632842585884544,0.11367827289417667,0.3957219756537859
database,10,1,0,4,0.04162309846972037,0.2924285541037208,0.2066891233778367
payments,21,1,0,0,0.09650545876046408,0.30217490900623245,0.4109319412865972
auth,8,0,0,3,0.09051338748441858,0.2706319397154939,0.2750567440435869
database,4,1,0,4,0.02778306871970856,0.2879971169328554,0.4068190979607297
payments,33,1,0,4,0.023535393621918015,0.12370724459987814,0.512247269901343
payments,26,1,0,1,0.03203062168259271,0.13160229186489314,0.5586111117253989
api_gateway,8,1,0,1,0.07575614468060693,0.18020241564357087,0.6906063164053148
auth,4,1,0,2,0.0877598373161419,0.2637095915629413,0.09205002711619897
api_gateway,42,2,0,3,0.044622684710762986,0.2407100301158146,0.47164668332947446
api_gateway,46,1,0,2,0.023469588911589206,0.24020647373570025,0.5278888492097349
payments,31,2,0,0,0.03734653487420475,0.16825209475152778,0.31087906380266
auth,11,0,0,2,0.05430125100143456,0.11525674561619402,0.23393090254525148
payments,11,2,0,0,0.00601036295224,0.2257204258679321,0.13216150072417535
payments,33,3,0,0,0.13494187340584726,0.08804393200766542,0.14187297973598395
payments,15,3,0,0,0.06143413908937639,0.1631539707401436,0.5480077806755785
api_gateway,35,1,0,0,0.0766807302842787,0.09622917610882639,0.19307543745252442
payments,11,2,0,1,0.10044168848062764,0.09290934591620031,0.15553219220629622
database,23,1,0,1,0.02554534803333886,0.2965253923207863,0.48015962953002883
api_gateway,41,0,0,3,0.06462351912695603,0.20897152507876815,0.2348877549069183
api_gateway,34,2,0,1,0.05349987215966343,0.17802216015454975,0.6161143133833952
payments,6,1,1,2,0.11429015636146456,0.304281922417558,0.2800452444964166
database,24,1,0,0,0.04936433556974341,0.20612962442693486,0.331347804439968
auth,13,1,0,3,0.06163563235990249,0.0056174141383172,0.35112711874352664
payments,34,0,0,0,0.014210837216901622,0.36499402169214745,0.07441739573312985
auth,4,1,0,2,0.038117500096518014,0.12895372311190506,0.2608291403984119
payments,25,1,0,2,0.10633500093773736,0.26565029571334015,0.5670968348155812
payments,16,2,0,4,0.08711952447802135,0.2871748094490278,0.4059377586198265
auth,23,0,0,3,0.08505066043781953,0.15336422023774915,0.3041191730858561
database,8,0,0,0,0.035146440223456026,0.17466375625820224,0.42466080336744727
payments,22,0,0,3,0.04293885530747748,0.1848561893079603,0.594440689231931
api_gateway,47,0,0,1,0.03018657151280787,0.13985199946811863,0.15250161841774137
database,28,1,0,5,0.05620731455454846,0.22496154956078146,0.16132324982734025
auth,18,1,0,1,0.04269663941910093,0.16181236764720827,0.26777449618976623
auth,20,1,0,3,0.06454684255181677,0.022933202685084742,0.36513567544064474
database,24,1,0,1,0.038930614563591405,0.25073994762718504,0.06771835380099746
payments,30,0,0,0,0.06645599649527412,0.16367865751425992,0.5243223937611989
database,16,0,0,4,0.06336171145435396,0.06981648978872984,0.39638137359592546
database,23,1,0,6,0.07145214550820732,0.21918985561223459,0.29509792833087634
api_gateway,49,2,0,1,0.049963421573089174,0.01942648729635496,0.7272988149462628
api_gateway,40,0,0,2,0.031033662031329047,0.1800593789209216,0.639926242752673
auth,19,1,0,3,0.0026029549817134902,0.09071955594869331,0.1399452479149269
database,10,1,0,6,0.06811017642288462,0.17723171360485518,0.07666196472455761
api_gateway,37,0,0,1,0.024485759617858704,0.13669336274876617,0.5524364802950692
payments,30,0,0,1,0.06201986500652401,0.3581650844776876,0.49066544513399585
api_gateway,39,1,0,2,0.04322904888430812,0.1963941574447404,0.6108706155738695
api_gateway,41,0,0,3,0.023093116905026242,0.11920674852401411,0.3396077922032885
database,23,1,0,4,0.0482808433140811,0.036339480103891764,0.49155772882232646
payments,11,2,0,2,0.019040408651126457,0.19721404861608194,0.19814630499927177
payments,20,0,0,4,0.08432171307413774,0.09869896826695235,0.24975405784996707
payments,24,1,0,2,0.04593588678426006,0.1532405734362338,0.2308649085149443
auth,8,1,0,1,0.07469036553555233,0.2515197265460076,0.29870975774772723
payments,9,0,1,2,0.12108924739893756,0.1136416596909732,0.3987004220787934
auth,3,0,0,2,0.04882099782764918,0.14743624307041558,0.2574192540186744
auth,18,0,0,0,0.053198179990500076,0.009873239086481777,0.3810563069807251
auth,16,1,0,3,0.08822810950453831,0.10539466357595266,0.06912204913278669
auth,3,0,0,3,0.03210198105508997,0.025945332645491558,0.07930490715821431
api_gateway,18,0,0,1,0.0026783464115286114,0.0015442073744079687,0.7021840252242901
auth,3,0,0,3,0.0269636165216676,0.1637982406268925,0.3641617039754469
auth,10,1,0,3,0.08614479214043481,0.17314045046077725,0.36728206185094825
auth,23,0,0,0,0.059106207804898926,0.19637295425224155,0.2953905249993143
database,14,1,0,4,0.024724412597809407,0.13695441759407403,0.20607014925077385
database,4,1,0,5,0.009532821215589937,0.14293288822101652,0.4621042248818367
api_gateway,27,0,0,0,0.0038851913813562878,0.04731920735265041,0.3860408265023856
api_gateway,15,1,0,1,0.0015825884864189277,0.248447566810922,0.23933703249528898
payments,39,0,0,5,0.05332946957280114,0.23578832123729876,0.31283986352016224
database,6,1,0,0,0.029792365058044314,0.03236098807296505,0.14124136875998175
auth,18,1,0,0,0.07618130968758638,0.20021958736824227,0.3873550370434039
auth,17,0,0,2,0.05041484897283163,0.06730415591152936,0.28824509310253155
database,17,1,0,3,0.024869609377397843,0.07502039466354439,0.2676740848450903
api_gateway,17,0,0,1,0.037581052533527004,0.23634846013660982,0.371730681395524
database,7,1,0,2,0.009447340655770669,0.0683035711987023,0.4558564402798195
payments,19,0,0,1,0.03470230698002257,0.22421574096670838,0.24623794061021398
auth,16,1,0,2,0.05594021158982409,0.11039989843442881,0.049003597022104495
api_gateway,39,0,0,2,0.06659576578202595,0.13153380306002463,0.10178237563792253
payments,29,0,0,0,0.09218115273319731,0.16272371654273976,0.08466850887486885
auth,18,1,0,1,0.005097403579166138,0.27925110946797316,0.2891456244650601
auth,11,1,0,0,0.007914862094972764,0.1854112441685323,0.14196407973622038
auth,18,1,0,0,0.07188779803941352,0.0444533190988421,0.28743058505710684
database,25,1,0,6,0.020595359609794573,0.2448496154458933,0.3436267593885793
payments,26,1,0,3,0.015092996583388512,0.11416211612113664,0.10511624197778849
api_gateway,44,0,0,0,0.010814568166938088,0.10492261822637408,0.3769200818335803
api_gateway,11,2,0,1,0.027379298966166647,0.07519198300851515,0.1340680611332599
api_gateway,9,1,0,1,0.04676758982105567,0.12209971467892797,0.7048714738199903
auth,20,0,0,0,0.07393361958960008,0.25357553872715444,0.10350443501338767
database,8,0,0,3,0.02817183112444134,0.3347159199663791,0.12976990554446274
api_gateway,26,0,0,3,0.0017322430793229326,0.07495301525566461,0.27159244786218717
payments,8,3,0,3,0.00011842666398281798,0.18786170278064943,0.21872501324405774
api_gateway,19,0,0,0,0.05266947189155146,0.13351871160584974,0.2065918054233752
api_gateway,30,0,0,3,0.07991735259337004,0.24640609845366315,0.7820300133978855
auth,14,0,0,3,0.009566358641884166,0.0379863365072319,0.3892670949538112
auth,20,1,0,2,0.08924261775360394,0.21714860454688353,0.3443938264947458
payments,39,1,0,0,0.006162354743333293,0.38272586823635113,0.06112992795197275
api_gateway,24,1,0,0,0.03802497414062463,0.12708852615177124,0.18925253212382348
auth,14,1,0,2,0.048155339712726,0.0992555414617935,0.27542760215955797
database,8,0,0,1,0.02688049304790498,0.18175872448890526,0.0862146264800062
api_gateway,46,2,0,0,0.046499951568654,0.09975276978787478,0.32590674927916996
api_gateway,41,0,0,2,0.0431059488355304,0.1099019032536657,0.7426887506947939
database,9,0,0,5,0.0060683028635936595,0.14724712463761952,0.38912265322457323
payments,12,0,0,3,0.047588876153530135,0.0352024110045809,0.5474339382744325
auth,11,1,0,3,0.06017644421104693,0.2502020739220157,0.036113410021014834
payments,38,0,0,5,0.11853898559125406,0.02229421060056085,0.5344117173908042
auth,7,0,0,0,0.09373395631247,0.21127898604610373,0.3665804611048813
payments,24,2,0,0,0.02562205594593161,0.2922058616105307,0.28509305647110794
database,16,0,0,0,0.00813415171447935,0.12592683393234105,0.3359736900368904
payments,27,2,0,1,0.07356736451039249,0.2302198031324413,0.5935119209998357
database,16,1,0,6,0.033473582701386215,0.19055862540637453,0.4629405029732676
database,18,1,0,4,0.014355893030448348,0.2271862722026099,0.07503033095369702
auth,20,1,0,0,0.06907228942289688,0.22354549605803573,0.34523527072836513
database,21,0,0,2,0.07578942604086801,0.29168117098903545,0.2616409305160918
database,25,1,0,5,0.024554859503388177,0.3182110045588883,0.15900917700663583
payments,33,0,0,4,0.13621255305897817,0.19026201236996687,0.5321329031038291
payments,27,2,0,0,0.061503568011261445,0.15718030599654123,0.059986881083893356
api_gateway,19,2,0,1,0.030313796482583522,0.15202889445003961,0.4982165020113618
payments,16,2,0,1,0.12159057723902415,0.23472817802942547,0.516723211366983
payments,30,1,0,1,0.11261853467696815,0.08600190730801144,0.322530047531851
database,13,1,0,5,0.030161780045324136,0.2907961990179335,0.36159953134318024
database,8,1,0,4,0.06263725302405063,0.2923920576090718,0.4820409951285856
api_gateway,43,2,0,1,0.012318967288140446,0.22932501494686436,0.5305809257213456
database,23,0,0,3,0.01820501289429486,0.27314828414001674,0.3308242800549512
payments,24,0,0,1,0.010886219706706618,0.1981270587735635,0.07933708965285094
api_gateway,43,1,0,0,0.026295792305266668,0.08517431014424925,0.15847567227097542
api_gateway,40,1,0,2,0.07331467524520673,0.23225238763336004,0.6493570950780632
payments,34,3,0,1,0.048675997375342096,0.2839218853089488,0.29636832944744035
auth,4,0,0,1,0.06819974472807336,0.026903476997814035,0.20176331149000357
database,11,1,0,6,0.07009154799694745,0.27090150575440397,0.08160868681556119
payments,19,2,0,3,0.004623692804905538,0.15711425853148198,0.35888888788530016
payments,16,1,0,0,0.0690153939836532,0.07554807470514176,0.39505652743944913
auth,20,0,0,3,0.05513375426990761,0.2255117880537945,0.29364019055113755
payments,37,3,0,3,0.07587138338884945,0.24415754665762146,0.05983316621914994
payments,21,3,0,4,0.12499069230537718,0.3931779686480885,0.2723718371708673
database,15,1,0,6,0.01332190903447092,0.20347026130891008,0.3345005864479933
api_gateway,28,2,0,0,0.07319777287571039,0.11027762874808295,0.4775395039575041
auth,22,0,0,0,0.0842472128593358,0.0011778170967796208,0.14535269911128795
auth,12,1,0,3,0.054630957137929904,0.12697183244705593,0.25416559830204144
payments,29,2,0,3,0.08801518617668867,0.3333097220115031,0.450573530771554
database,8,0,0,3,0.03639789560623027,0.05794489473443753,0.19030609911405238
database,4,1,0,2,0.02221897188434057,0.025979490553959126,0.4428978459873189
database,29,1,0,1,0.031223750590176822,0.08595417889585323,0.13066462674318013
payments,12,1,0,3,0.13138995332793074,0.14957548544150986,0.2686755281208556
auth,8,0,0,0,0.05203722164409679,0.18017901107383502,0.10537731091429071
payments,27,1,0,2,0.14203543491907752,0.10087279272770777,0.4132928284900673
auth,17,1,0,1,0.07732611520799887,0.07171078294494183,0.36250891955854603
auth,9,0,0,3,0.06247394599064581,0.24696298265419073,0.2418150943373223
payments,18,1,0,0,0.05964524785991295,0.1908519069582733,0.3304307309685215
payments,38,2,0,4,0.03129778697376465,0.007342289751656717,0.4044178892550261
database,5,1,0,2,0.06260499922341389,0.22797544176792187,0.28098481145463317
payments,26,2,0,3,0.1202057303195455,0.20997363369738703,0.4622396348443503
database,17,1,0,3,0.03299230053892738,0.09911414512335563,0.07439986035815521
api_gateway,21,2,0,0,0.05893471910885695,0.2195396943145269,0.46432954641193935
database,21,1,0,6,0.03230637571557371,0.2807114558732289,0.2801680483854747
auth,9,0,0,0,0.09587846047250312,0.23392831658373658,0.1714211290204697
payments,8,2,0,5,0.02694768269330128,0.2262229932905548,0.4644271456090194
payments,35,3,0,1,0.10378910448998879,0.1511187295637646,0.17479542198409453
payments,36,2,0,2,0.08778913132647698,0.27085099542956076,0.278838629554304
auth,3,0,0,2,0.09958862757597159,0.025737326478610954,0.355623198333317
api_gateway,47,1,0,3,0.03956803374741783,0.04011807264695136,0.5859054271245178
auth,7,1,0,0,0.011240471127794882,0.26877274161944725,0.14902309726680274
auth,12,0,0,3,0.004077327434137146,0.15735568279674286,0.370523417818739
payments,23,0,0,2,0.09561069183917752,0.30531407608126365,0.2006133855045925
api_gateway,12,0,0,1,0.02419291170008397,0.2279694788951833,0.4865412223773593
payments,14,3,0,1,0.01896963681053567,0.26460972965846996,0.1412328585643945
database,24,0,0,3,0.012725107249454668,0.32832984083065386,0.29425666047118804
auth,10,0,0,0,0.028131047047074254,0.042080448490628565,0.2325454191930307
payments,20,2,0,5,0.012697313037694346,0.03130979229195035,0.5842710167347553
auth,12,1,0,1,0.05057654423348055,0.15683571991542514,0.29012058811903996
payments,6,0,0,3,0.07400123820785708,0.15278320761810754,0.3615566332887988
database,22,0,0,0,0.002688739217031735,0.2426741974646881,0.47030983157874906
database,10,0,0,0,0.03093581679579243,0.2766671071996499,0.33528970429223165
database,28,1,0,5,0.07736930620081982,0.3450181246969571,0.15333715883059437
database,20,0,0,5,0.03885279004852636,0.16707740853447112,0.2209257331146044
payments,36,0,0,5,0.005956681135837083,0.30379462767532284,0.5885865532860919
database,24,0,0,1,0.02121107229664343,0.051741828099073926,0.48241819677645015
payments,7,0,0,1,0.08103259001679279,0.3295206999682152,0.18212494151754993
auth,24,0,0,1,0.06785420297907589,0.0613960588938981,0.20802341312451092
database,26,1,0,5,0.07103882392373334,0.1099509653027121,0.0789684935305687
payments,24,3,0,1,0.04802717511426579,0.2614794771620317,0.2576499826475564
payments,18,3,0,3,0.034300612707690505,0.37232306893790473,0.5610139939802291
api_gateway,35,2,0,2,0.06881813064732382,0.11553710966547603,0.2394278958652048
api_gateway,9,2,0,2,0.033976175334933405,0.06008856049193842,0.52839189890824
database,8,0,0,6,0.037758176235012327,0.13882603204929592,0.35433905653648556
auth,3,0,0,3,0.028526366194153288,0.018904617207843144,0.29581032274839314
api_gateway,34,2,0,1,0.05068664283070414,0.2181246955992258,0.7005127339487006
api_gateway,48,2,0,1,0.026461015530753373,0.011148017823988055,0.5766504098556304
auth,24,0,0,1,0.006852598759698814,0.24520389701483683,0.2144107908038858
payments,18,0,0,3,0.03925070499562597,0.05416753992713122,0.4537684990113327
database,24,1,0,1,0.02489253733846472,0.26327767261753166,0.15371090636835302
auth,22,0,0,3,0.09805921238047874,0.02978800388904109,0.32040127543773866
api_gateway,16,2,0,2,0.07072873400510932,0.22493150411218477,0.3363786726748116
payments,10,3,0,5,0.029043571469319115,0.2929818516534919,0.520422955399616
payments,23,3,0,4,0.011776480268041479,0.11474674999311758,0.2132401127785114
database,7,1,0,4,0.03315617486719298,0.050217035504244084,0.3292356348556435
api_gateway,46,0,0,0,0.026404784240569638,0.13860239854326226,0.6622514529873735
payments,6,3,0,3,0.13015847292076385,0.17650973470002748,0.28532823316914513
auth,3,1,0,0,0.043529133149533196,0.03265813399399655,0.3254065751311066
api_gateway,27,1,0,1,0.07116153169353975,0.06583572938631138,0.3271179057239434
payments,38,2,0,5,0.12494912078295006,0.10096552519062407,0.5748421428334204
auth,8,0,0,2,0.07944412009213939,0.03176370644214067,0.397800704004202
auth,9,0,0,1,0.0565385160099196,0.004891770535951445,0.10133246125306915
auth,4,0,0,2,0.04397685038881436,0.059894405754400235,0.33691227549945857
auth,6,1,0,0,0.09677543233731216,0.08479669582720338,0.11166030260383511
database,18,1,0,1,0.06093987975431082,0.23673189247921927,0.3500712312481467
database,19,0,0,0,0.07215451672743452,0.3378840417255884,0.19345654241552837
api_gateway,46,2,0,3,0.04551682928689091,0.008268553289284747,0.12268727218626635
api_gateway,21,1,0,2,0.0009961353158248,0.028634113739996275,0.2433418707408763
database,5,1,0,0,0.023141365826882598,0.25252171964915693,0.09356918769495742
auth,22,1,0,2,0.004466002887722376,0.1991085416737148,0.18335638914080063
payments,10,3,0,2,0.060677928668735254,0.12036762926616751,0.2816552589039649
payments,35,2,0,2,0.08062406305098517,0.0387808494395951,0.16173466545448245
auth,6,0,0,2,0.02313283123069583,0.18242113430972448,0.05128490997442203
payments,35,0,0,2,0.12848579830250034,0.14010894826773104,0.18052473731214008
database,14,0,0,0,0.06630333642401566,0.056439721633744735,0.1921623972952229
api_gateway,17,1,0,0,0.009760875353627334,0.1110415573552751,0.6007195422232471
payments,25,0,0,3,0.09427558501253518,0.19660569033273065,0.15678398314020198
api_gateway,34,0,0,3,0.01824045418862501,0.1095025153096977,0.44552721289254993
database,8,0,0,1,0.035731605544793016,0.25537687294742667,0.3935780043989925
auth,20,0,0,3,0.09999248268331766,0.2852045810421247,0.32488727087225666
api_gateway,30,1,0,3,0.04759815891836055,0.17908483465307087,0.7442845374208407
api_gateway,21,1,0,2,0.05020761867500831,0.15946091647853647,0.5149957196410996
payments,33,3,0,4,0.12290973464497391,0.1356813725087672,0.5312133283928568
api_gateway,17,0,0,1,0.0064587476198345066,0.13935792843224815,0.4571422910911782
auth,14,1,0,0,0.03795936438224399,0.23576148767793165,0.2632504118675866
api_gateway,44,0,0,3,0.05832563326095973,0.2449337360036803,0.6193996113662265
api_gateway,26,1,0,1,0.025435383935756714,0.08598624467549879,0.3740836908719072
api_gateway,47,2,0,1,0.0515035493063062,0.03385213937455622,0.299480574858884
payments,6,0,0,2,0.021130290592629195,0.10140040644230926,0.504441751132638
api_gateway,24,0,0,3,0.04090983294433527,0.24737148744029203,0.48925700018086704
database,7,0,0,3,0.0033478355906347446,0.024575573001254167,0.3442771455782817
auth,24,1,0,3,0.015170661550389842,0.04156423273340829,0.10241396352345813
payments,22,2,0,4,0.055898569484122085,0.1262614507929296,0.30075376536216253
auth,10,0,0,2,0.0031337460676726272,0.24864667713161454,0.13428485465221124
payments,8,2,0,2,0.039838139746103986,0.08572002892915145,0.5626889455674977
payments,37,0,0,1,0.14952739264221598,0.04600437473123913,0.5738702152388785
auth,10,1,0,2,0.09126025217389011,0.008673546979967183,0.2230061327385411
payments,34,2,0,1,0.09623695218650914,0.26548179157050245,0.359861057366391
database,27,1,0,4,0.030765915712419965,0.1143779647877284,0.11716681969814666
api_gateway,31,2,0,3,0.01346914906129766,0.1228860959677518,0.47585228049866746
database,5,0,0,2,0.016646815238501214,0.18079646426983095,0.11215205427233038
auth,5,0,0,2,0.09830164307061484,0.18832712317847897,0.34697670723082885
payments,20,1,0,2,0.0780345733654635,0.3410664612406883,0.0989365447281361
api_gateway,46,1,0,1,0.07813627632006681,0.2100168099127838,0.5448548382701949
auth,10,1,0,2,0.018804875314690862,0.13688876493833965,0.09322206052023592
auth,7,1,0,1,0.07139427112073776,0.05868269887565772,0.3431832471388391
payments,11,3,0,4,0.0478225984309507,0.03790738841383759,0.45017633881760877
database,16,1,0,5,0.029673892812718095,0.24319962792626182,0.3454900896221933
database,22,0,0,0,0.020994398804585448,0.26188207200161806,0.14983255171053933
auth,8,1,0,1,0.029882023481141752,0.15211306108101288,0.14627993634174136
database,22,1,0,3,0.0380560017004394,0.22394391796342028,0.22777100276205875
api_gateway,31,2,0,2,0.05954134197091229,0.24092712465746752,0.2328848378464629
database,16,0,0,3,0.04105548437559695,0.18072395693327356,0.23832421697338754
auth,12,0,0,3,0.023590086669828838,0.13902106421581034,0.1533275916111395
auth,3,0,0,0,0.007066819030807848,0.2446627312257022,0.3314396508546622
payments,24,3,0,4,0.1054299666075152,0.17149005670059259,0.07568379983681219
api_gateway,35,0,0,2,0.024199109484226114,0.06340905613778614,0.3214130385046394
payments,21,0,0,1,0.06743750293803934,0.3418469852607342,0.40559430432940285
api_gateway,22,0,0,2,0.04066027075371491,0.20404949747517848,0.2151472196271742
payments,24,3,0,5,0.09371930980780878,0.19740367306424,0.14190504827109862
database,19,0,0,5,0.007160051271640517,0.014348516643311897,0.13871976819658277
auth,23,0,0,3,0.05666560776020624,0.2926729903306677,0.3811866297387789
payments,14,0,0,4,0.027393769537965167,0.296311946864269,0.3421101823992855
auth,3,0,0,0,0.022206517454139197,0.0816656402519327,0.3032712842949107
database,8,1,0,2,0.0709757413377725,0.2554603325829614,0.48912518583040077
api_gateway,44,1,0,0,0.0664461445883408,0.01449111589570079,0.25253429280357204
api_gateway,32,1,0,2,0.034562463304974804,0.10047766360015595,0.539735309875346
database,4,0,0,4,0.07959153546373966,0.11257810840601921,0.4268074758679413
payments,14,3,0,5,0.054327240419122735,0.2945119595133686,0.3673002444275132
payments,32,0,0,3,0.11668165583053157,0.1050200920080001,0.3963026788278515
auth,8,0,0,2,0.048078141794911336,0.2151897455062603,0.14565469577811146
database,11,1,0,5,0.05176280196536698,0.22980203939825863,0.18073982532909072
payments,15,0,0,5,0.049238263391600555,0.06806105645780676,0.37854211553781913
database,7,0,0,2,0.048252892810950146,0.2742024142082998,0.29806664839376884
auth,10,1,0,2,0.09340768492714845,0.2654489085437015,0.10033481318459016
payments,35,3,0,0,0.135244684422954,0.0072128039300920046,0.46733677848737204
database,4,1,0,4,0.03385202523719283,0.34203798833374743,0.2794600822250278
api_gateway,9,2,0,1,0.051447228755924654,0.07941511638409257,0.31500517191048405
database,17,0,0,1,0.06225926109011564,0.2262153059239989,0.0503000298873604
auth,17,1,0,1,0.002772532476184919,0.16870089821753342,0.20404665055226975
payments,30,3,0,2,0.1207450250822528,0.26967684664600033,0.3868692289033958
database,22,1,0,6,0.06925660844200286,0.20774253132651802,0.45824246826790743
database,29,1,0,2,0.022953995355025264,0.23284848763979582,0.11967361127981793
api_gateway,13,2,0,0,0.03139589109608635,0.09158079767153537,0.5822820072295616
auth,10,0,0,0,0.012019154144553868,0.2956214350441894,0.13055814645707148
payments,8,3,0,5,0.0445821170767644,0.37445022861605387,0.5310860913796916
database,29,0,0,0,0.048267250360178135,0.30386161845000087,0.049923937146905704
api_gateway,46,1,0,3,0.06863032344664588,0.07276719823099362,0.7255930073159212
api_gateway,49,1,0,3,0.06252647044226795,0.10317729051504976,0.7679691852139013
auth,19,0,0,1,0.052554073112571625,0.05248395412739636,0.07061782117123504
auth,14,1,0,1,0.07771529082294737,0.06599312419620586,0.3960649177441893
api_gateway,41,2,0,1,0.0763587318927655,0.03558676724058099,0.39159717386224113
database,23,0,0,5,0.07162522040570915,0.3472221513386949,0.3306259855701957
database,22,1,0,3,0.020105193436700412,0.08175659038902738,0.18477499058207494
api_gateway,45,2,0,1,0.06326514915341626,0.08362023110933972,0.3434709847886662
auth,14,1,0,0,0.006113763001222361,0.2792218189087238,0.07312227445462308
database,5,0,0,6,0.07211345891034768,0.22550669425169909,0.41326479664254606
payments,36,3,0,4,0.07553551116053324,0.03370822367230621,0.08060126263078649
api_gateway,32,0,0,2,0.07554916050694342,0.2388553121496549,0.4555086220399829
api_gateway,33,0,0,1,0.04668688097341193,0.06885540706039117,0.520603782694701
database,28,0,0,3,0.004380794495170246,0.012891372030163583,0.19700380061456546
api_gateway,15,0,0,0,0.07649735667684225,0.12554536498251087,0.21628057679757923
payments,26,0,0,2,0.019030924209463996,0.3824884694574511,0.24549017439849224
payments,39,2,0,3,0.08108290130833862,0.1127718207006243,0.48240046805901715
auth,21,0,0,1,0.09655108245679331,0.1837983741455997,0.09045113889188368
payments,20,3,0,3,0.06591980615376632,0.2456734895938157,0.35670331633873714
api_gateway,16,1,0,1,0.033719702675416414,0.22838553735870415,0.3598452695578652
api_gateway,31,0,0,2,0.042639862551332834,0.06954117900189088,0.6304875218983512
auth,9,0,0,0,0.05911550046227392,0.10183266172121534,0.1961708631201434
auth,10,1,0,2,0.05683051045948369,0.15092053904364927,0.19680318223971008
payments,16,3,0,4,0.09869248668068885,0.08805169767901067,0.3646548993343937
api_gateway,41,1,0,0,0.005246121063619285,0.19515827115155343,0.3526959646421637
auth,14,0,0,1,0.037990954482412034,0.04727709664694058,0.22811612986955074
api_gateway,46,0,0,1,0.004625216015162135,0.11910761087538821,0.3614531372683607
auth,17,0,0,3,0.0055547233487646015,0.2540995799271805,0.15176826948767438
api_gateway,18,0,0,1,0.05626095946465426,0.015774578850424076,0.34836039883402226
auth,3,1,0,2,0.02044037747655362,0.17356801655973597,0.3519894135513907
database,7,1,0,0,0.03722457571349451,0.2024513533070698,0.45266504835494653
auth,4,0,0,2,0.09521238781308707,0.1853754770513973,0.09515247055960481
payments,16,1,0,4,0.04216108281676697,0.15940081152159213,0.4109253947248436
payments,37,1,0,1,0.10060909881639012,0.011668267429629786,0.5743897036168093
database,24,0,0,2,0.05815056450548779,0.3202593732073384,0.347494017377693
api_gateway,18,2,0,3,0.07853985296835483,0.24696228437124274,0.7729298906166356
auth,23,0,0,2,0.033401467075765426,0.0798449840789194,0.22799817411828638
database,8,0,0,6,0.03046687041462472,0.024770784549106903,0.23897773823889795
database,6,1,0,5,0.060729700763681935,0.14935402295568778,0.18932379327270257
api_gateway,35,1,0,1,0.04947902154180567,0.05057270528467056,0.3856679786072037
api_gateway,25,0,0,0,0.028898898925713477,0.209047682681138,0.7310597511318667
api_gateway,21,0,0,1,0.056391590529610715,0.23429599472611914,0.20110398211422947
payments,37,0,0,5,0.11074432657174614,0.08180173547711833,0.5005404750529263
payments,22,3,0,2,0.060378953323521306,0.16296210864453953,0.14465491895742416
payments,9,0,1,2,0.026218007256773694,0.12026225622429765,0.46552206135781815
database,10,0,0,0,0.039923316617690316,0.06730243373954825,0.3275773868717579
database,25,1,0,6,0.051830413880984215,0.14915541380084693,0.20051810926762292
api_gateway,24,2,0,1,0.05263898837183967,0.24681196997469554,0.2938297165159403
auth,19,1,0,0,0.04186051856719151,0.22072213496803475,0.1749419856254948
payments,19,0,0,0,0.041614010220146866,0.29784147160135205,0.2454368395207508
payments,37,1,0,2,0.13021472398005943,0.30852925728674,0.3162214171253166
payments,7,3,0,4,0.07276093637140431,0.20101904268880927,0.3881240242359442
api_gateway,15,0,0,2,0.015660792338673613,0.20994612317377925,0.6271208935649284
database,4,0,0,3,0.07779253557682539,0.21047851188455108,0.39344931155175106
auth,21,0,0,0,0.05055417234297395,0.2412880391331342,0.35734687091957984
payments,39,3,0,4,0.12046996334043689,0.22335379102808878,0.2796008391015578
payments,37,2,0,1,0.13511402436760986,0.33271412007406376,0.10054285064240844
payments,32,2,0,1,0.12800197464130858,0.17800747349014212,0.05226993507103214
api_gateway,46,0,0,1,0.026256419330234548,0.23104173930752156,0.7674450258878955
api_gateway,17,1,0,0,0.007724066558485765,0.22732647839292563,0.4190363017555556
database,28,0,0,5,0.0747793890381586,0.19112187382066018,0.06761039651731988
database,8,1,0,3,0.035818631174508855,0.11948622046219372,0.17909480865416566
auth,13,1,0,3,0.09083825473712641,0.28728131133485124,0.22956113392255165
api_gateway,32,0,0,0,0.07513064536117905,0.22826480347091044,0.47077950488852927
database,14,0,0,4,0.06464716691235185,0.0995380161694933,0.07484983226377928
payments,19,3,0,3,0.05973753522951192,0.36727726338468125,0.43663111494955387
api_gateway,44,0,0,3,0.023297909579740796,0.16059242443790295,0.7077914264263109
auth,22,1,0,3,0.03948536744036784,0.1276374997903302,0.10089324228185695
payments,22,0,0,5,0.06130493434064009,0.3612390028197239,0.17800163302852945
payments,36,0,0,2,0.014183451716158235,0.21647522234280975,0.38233173068267823
auth,6,1,0,0,0.024901996210677083,0.28748954492139017,0.285107449679581
api_gateway,22,2,0,3,0.020497663694227113,0.16684402680016425,0.5035096263840683
api_gateway,12,1,0,3,0.03444102768030315,0.21429762337404526,0.5819367955948346
payments,6,2,0,3,0.0678322650152577,0.20415708853948267,0.12903038399395364
database,5,1,0,6,0.07323828822957718,0.26420644137199367,0.23570023464683393
database,29,1,0,5,0.06611548114198158,0.34653434172561803,0.33079597582636516
api_gateway,10,0,0,3,0.006794270824205002,0.1738729953269363,0.7468324054627867
auth,3,0,0,2,0.034901871254244314,0.15016190313963762,0.13690107777186333
database,17,1,0,3,0.01740042669502671,0.15218112156975788,0.21206460748036687
auth,13,1,0,0,0.0021641794608235677,0.1991139757560582,0.2706772541529232
auth,14,1,0,1,0.09180765622686414,0.21913088830610739,0.15727370114260586
payments,16,2,0,3,0.08214241509806207,0.037784970320434756,0.5110858013263618
database,20,0,0,3,0.010710166733076783,0.27000884859825774,0.3422872132128738
api_gateway,21,1,0,2,0.059362341340717314,0.2216920111467935,0.30390543089571076
api_gateway,46,0,0,0,0.04419711959814975,0.08456636180252436,0.5058529808400952
database,13,1,0,6,0.030476013818815543,0.060981704309546275,0.20939203076675345
auth,5,0,0,2,0.03818390965611267,0.038866121328148685,0.07102582518143946
api_gateway,9,1,0,1,0.028568756295969652,0.20082961684453496,0.3954561991041817
database,17,1,0,4,0.020343593164615932,0.14877476092094347,0.4849010420132637
auth,13,1,0,2,0.05725654538976889,0.23226665734680396,0.17731523505570218
auth,19,0,0,3,0.03361096462206038,0.2982521375045203,0.3159383707412028
api_gateway,18,2,0,0,0.027999642653145484,0.18021695616335304,0.698599530018752
payments,37,1,0,2,0.0020459768753821606,0.20150937748985365,0.5854396035104885
auth,22,0,0,0,0.08137482955675476,0.21933933268932704,0.30731333702082
payments,22,0,0,2,0.04084730957716241,0.21713654973362986,0.4351035426117291
api_gateway,47,0,0,1,0.031281979107203164,0.062190790235282456,0.4380364685631376
api_gateway,31,0,0,3,0.07754665126072367,0.030295817833460803,0.5044717347250642
payments,21,0,0,0,0.04311038007682238,0.24388327821470393,0.2845440931428667
database,9,0,0,2,0.043251459836188035,0.048462608624386554,0.1854092453588025
database,18,1,0,1,0.054977203294489185,0.16551883134091408,0.23060534759842372
api_gateway,21,1,0,3,0.020956902225222018,0.0027803232969157987,0.4040903228761976
auth,19,1,0,3,0.030108718046521366,0.14724217483581084,0.3899825128512928
database,18,0,0,6,0.0171746153338806,0.15493725609044953,0.2912577497593186
api_gateway,26,0,0,0,0.04245751880797105,0.02845952097207813,0.29475546084074944
payments,12,2,0,1,0.10699825942519084,0.37899089375824985,0.18678049520912432
database,5,0,0,4,0.038083411755515224,0.09544116401682229,0.4851751944877303
database,8,0,0,0,0.05523313127161703,0.33784024090432413,0.07298188473462702
database,13,0,0,1,0.047892724438919496,0.26377724881255316,0.122979814841563
api_gateway,26,0,0,0,0.0351738297502493,0.020703240898769848,0.5268168498111543
payments,39,2,0,0,0.03151766639103218,0.061177274590170465,0.3087753954993252
database,26,0,0,5,0.0483598874026529,0.11587146430821327,0.37817304704292426
auth,7,0,0,1,0.08130869641138197,0.17050835473073236,0.18845275909616419
auth,6,1,0,1,0.014002568946988559,0.16463769371096537,0.05197910033958526
auth,20,1,0,2,0.02925964436239428,0.24402462429626065,0.3907923676069185
payments,15,0,0,3,0.12047557674490966,0.2026199999634189,0.4812339789056633
api_gateway,34,2,0,2,0.016963133369342936,0.09021903784373214,0.1631988299514904
api_gateway,14,0,0,2,0.05560733754111133,0.1369847260749798,0.2298200106588959
auth,24,0,0,3,0.02003603040034503,0.02907253040334332,0.3182807850151119
auth,20,0,0,3,0.05273732899708411,0.18776706466164825,0.37461049613025277
auth,19,0,0,0,0.0489894142130825,0.291992123850113,0.03124407997948655
payments,39,0,0,1,0.1109344872166902,0.35400612981890345,0.30975453038084055
auth,18,0,0,2,0.009607597563835613,0.05221924122219252,0.07904304826880353
auth,10,1,0,0,0.03805661329472163,0.29848499583658256,0.05614375328952291
payments,27,1,0,4,0.02013036394895254,0.09500644823762405,0.17314347831812674
api_gateway,26,1,0,0,0.054230640902529964,0.05142929525206366,0.29126538555745835
auth,24,1,0,3,0.03194220987142045,0.002766682076168081,0.26189013207485057
payments,38,3,0,0,0.10619217400517836,0.017828016285052328,0.507402022093132
payments,16,3,0,3,0.12414153920237299,0.09073484093019807,0.33218818257489086
api_gateway,36,0,0,2,0.0334140116222881,0.003080856604173038,0.7145784054930555
auth,24,1,0,1,0.06837648247778044,0.03387797738666252,0.11669806997776971
database,26,0,0,6,0.01008304245350331,0.07868436859459611,0.15979392152593283
auth,5,1,0,3,0.019785464967766443,0.23395277430579503,0.14125573908778455
auth,17,0,0,3,0.08131512009875107,0.07065433546699885,0.35582896789982543
auth,18,0,0,3,0.06487334824453982,0.22473148841992432,0.25802976675031497
auth,19,1,0,2,0.03612496945736047,0.06572004655787984,0.3324563203562312
auth,20,1,0,0,0.05152553641125769,0.01893904809733592,0.37408652303878864
database,19,1,0,1,0.031529166094836844,0.25564926840734964,0.35366416797198547
database,24,1,0,4,0.026884083700047405,0.03885908187409114,0.3569103948639389
auth,20,0,0,1,0.05304630000408154,0.27180583673294645,0.045815504414105326
auth,11,0,0,0,0.07821940360464526,0.23634995645564902,0.07189354313295049
auth,21,0,0,2,0.0016036400030645772,0.23357455461619298,0.07172510664098664
database,23,0,0,6,0.054904090059489874,0.25055331282249055,0.16002617423009832
database,9,0,0,2,0.02621438191699346,0.3356716219446329,0.49583139823916184
payments,36,0,0,2,0.09607249397133183,0.39555028485501736,0.3555299381175157
api_gateway,33,1,0,3,0.01473332642848492,0.07466396174226375,0.21867389892059452
api_gateway,29,1,0,1,0.024485357562804014,0.08090787431022403,0.754701103793081
api_gateway,39,0,0,3,0.061636635961607046,0.17394714724549265,0.5024546036642555
api_gateway,9,0,0,3,0.037617347579205054,0.004259894013242976,0.6552269949023813
api_gateway,18,0,0,0,0.00447818834499218,0.035496805130860204,0.6554010454764773
database,18,1,0,6,0.0767514889955056,0.06174265512445172,0.1111118139741128
database,6,1,0,0,0.034701019503404894,0.283297888193615,0.43359284712969015
payments,21,3,0,1,0.02943514225317834,0.3697417384775202,0.43724711775328445
api_gateway,44,0,0,3,0.021760754849091894,0.03660685165201985,0.45266008940861546
api_gateway,19,2,0,3,0.05987910098722288,0.010676699473065182,0.7861805730409848
api_gateway,31,0,0,3,0.06143299495444726,0.18513775528973817,0.15303046145163024
payments,36,3,0,3,0.062164471870055485,0.09237666583949777,0.3053465311572668
api_gateway,31,1,0,1,0.028440696594466124,0.17673794956806152,0.2698770244311698
auth,18,0,0,0,0.06481179230208346,0.06203890990728193,0.16554882834220613
database,14,0,0,3,0.020164554283523747,0.25095955367632833,0.143766913732988
database,13,1,0,1,0.013531007465797905,0.019806796660757995,0.32547723169323595
api_gateway,25,0,0,0,0.002109170908304137,0.0109502492394703,0.10635283847559882
database,18,0,0,3,0.043327262261861954,0.2826633946622514,0.19942783674448314
auth,12,0,0,3,0.097529953864988,0.248687705163202,0.08700249368029768
api_gateway,32,0,0,0,0.05079264579807224,0.08301001766557475,0.7933284556220488
payments,25,3,0,1,0.03856777559980418,0.015098926786973355,0.4861465082658812
payments,36,1,0,3,0.03590547545130695,0.1485853357337886,0.2603005288541909
database,23,1,0,6,0.054419366761354455,0.23274335883331077,0.45447621514649966
payments,39,2,0,3,0.017441052043932096,0.12747890291415895,0.523975611884145
database,8,1,0,4,0.03788191719759692,0.1925994621142685,0.30357041880087854
payments,23,2,0,0,0.01796201827507978,0.38023758637244975,0.24049992670967185
auth,5,1,0,2,0.09773203051129768,0.2776064721297354,0.312380252166213
auth,4,1,0,0,0.036039840511951464,0.2896472815313354,0.2933369889390779
database,7,1,0,0,0.03820908557688772,0.11364249981000567,0.28725815899492646
auth,8,0,0,1,0.07899327210558801,0.19885128008721895,0.3125627471663991
auth,22,0,0,2,0.06459341848009383,0.07079267313583541,0.23450113348026472
payments,38,2,0,5,0.025913597742163095,0.19315777463943948,0.09220005456051324
database,16,0,0,3,0.052296488384136856,0.11770562070892378,0.24833459820237994
api_gateway,49,0,0,2,0.03766746506853808,0.1390509069227751,0.3815622502007713
api_gateway,36,2,0,0,0.013509233397673839,0.06723719501869505,0.1919500679053889
payments,33,3,0,4,0.09721531908916071,0.13174140969998188,0.4451428111045477
payments,26,1,0,2,0.09631653525382816,0.004657959801238488,0.24464820444127228
database,27,1,0,6,0.0053234252086542,0.28510528882686953,0.15990746200709965
database,12,1,0,3,0.023439752552922563,0.04167196070189144,0.08638248027664669
payments,28,1,0,3,0.06646910179843718,0.08045461703615092,0.4483127020446035
database,17,0,0,6,0.05898838480198889,0.12076036805410387,0.20864395942990344
database,10,1,0,5,0.04846934780095107,0.2113957138412906,0.20070799322348742
auth,14,0,0,3,0.07809152521545261,0.17732963978159777,0.3494232817818407
auth,23,0,0,1,0.05067117639327983,0.10962776409067417,0.2544502331695454
api_gateway,16,2,0,3,0.002816116495218779,0.017790460336975344,0.6612175329568204
payments,33,2,0,2,0.04018103742261612,0.05854922663558711,0.06373399523877216
database,14,0,0,6,0.06352656347813825,0.16718227478921743,0.12823020415191053
api_gateway,29,0,0,3,0.03418670029312842,0.19789102888147972,0.7428457272743484
database,12,0,0,2,0.018621277143468253,0.16717763208940292,0.39172808773482076
api_gateway,27,2,0,3,0.07822188512037119,0.026087918833003487,0.14026378290558084
api_gateway,24,0,0,1,0.030155652516977226,0.04457268983361451,0.48041195955260707
auth,16,1,0,1,0.09727099735613864,0.1050484595904098,0.37121209029471713
auth,5,0,0,1,0.006878065769765896,0.1935253510589489,0.3312461917558308
payments,27,3,0,3,0.14010494866959589,0.11797245432154574,0.48917277998215214
database,8,0,0,3,0.031173465608653254,0.3066710643645186,0.3047165071219532
auth,14,0,0,1,0.026490719349782012,0.18224351835093544,0.09113801937784834
api_gateway,45,2,0,0,0.06981222051500237,0.09098576943030537,0.719742401687253
api_gateway,28,1,0,2,0.05557220206213599,0.0882377655678602,0.1402588956422905
database,21,1,0,6,0.037939320941624395,0.18182046110921857,0.171672424097593
api_gateway,30,1,0,3,0.007812863703390792,0.10536090297955794,0.3477081472083456
database,26,1,0,6,0.03494524692565111,0.29286813858923394,0.18540160581318563
payments,33,1,0,0,0.06200136898067883,0.031858051613906334,0.4175983861645667
auth,21,0,0,3,0.015772031708324974,0.16203223167653727,0.3440114389421659
auth,21,1,0,0,0.05261828101048604,0.1226434237176946,0.3839699487194116
database,18,1,0,1,0.03137067460424538,0.07599026778597999,0.3188374762566004
api_gateway,46,2,0,0,0.07258224800528776,0.007855494347236397,0.5058584325074398
payments,19,0,0,0,0.02337773048271652,0.1266737424067704,0.561104358427195
api_gateway,9,1,0,2,0.02911147642682856,0.16510787729006585,0.7515087244709696
database,29,0,0,0,0.026950283611109772,0.27088532792408154,0.3277033185307652
auth,5,0,0,2,0.014102478860033574,0.16974259025585225,0.10537021791293323
api_gateway,14,1,0,2,0.03602461219777823,0.061248176122269876,0.5247368298732487
payments,11,1,0,4,0.006146733337483568,0.08995872229216291,0.5144230867606362
payments,30,1,0,0,0.02358534976413502,0.15586296891524618,0.08585604120158007
database,9,0,0,4,0.031550967979331254,0.2431651308500305,0.07322192346753333
database,6,0,0,3,0.04873289704316321,0.19455614213935007,0.04386192635870518
database,4,1,0,5,0.009030705479347808,0.07345718508407623,0.4295684375194486
auth,12,1,0,0,0.016285829163782774,0.020400085094273213,0.28776659303555485
api_gateway,25,1,0,2,0.019283817998384335,0.2232559960948598,0.336307727611284
database,4,0,0,5,0.050759631277244505,0.27767881213014034,0.16997907141081645
payments,7,3,0,0,0.0927877723608173,0.39196577311295216,0.35800219407590506
database,5,0,0,2,0.04195402493936204,0.2966714444349995,0.38983249491076927
auth,16,0,0,3,0.02542250300825091,0.025230501339481813,0.12254956414522036
auth,6,1,0,0,0.0060610357117813485,0.07910947663532009,0.2923806868769875
api_gateway,46,2,0,3,0.05774363359571635,0.0192128344346702,0.5168102499028675
database,4,1,0,0,0.01846123083865373,0.1823486440950359,0.1665494916407035
api_gateway,28,1,0,2,0.0390369460974626,0.14595210237936695,0.75990596578086
auth,14,1,0,0,0.049329358056269236,0.11443148944470216,0.07406490216909933
database,15,1,0,6,0.05997793617708801,0.16010912921081233,0.2576829186088327
payments,34,0,0,3,0.0724599367789954,0.3945656073931556,0.17650024890161992
api_gateway,14,2,0,1,0.030468782263410932,0.11391878176622236,0.6285214130414735
auth,5,0,0,1,0.06428236882754317,0.22992150707053266,0.32277538670239836
payments,30,2,0,4,0.14213476894860644,0.04675150423637562,0.2279852081887389
api_gateway,37,1,0,2,0.06737861818034109,0.21737647513072664,0.13334398441417294
database,21,0,0,4,0.0036715094300039386,0.1881871659059897,0.4955985812106205
api_gateway,15,0,0,1,0.04727355704418973,0.18240536024147572,0.5505641759210761
auth,19,0,0,0,0.0822182905816734,0.08077809494129327,0.352437263908972
auth,12,1,0,3,0.03396784377292255,0.2610982781114076,0.04484765195895464
auth,6,1,0,3,0.08175945469515462,0.03813578755711455,0.26280405825637454
auth,8,1,0,1,0.06491892846364931,0.2643510265422523,0.16749388674131682
payments,6,1,0,0,0.011656862758758824,0.24624975867325066,0.32857566057030885
payments,37,0,0,0,0.10339189818387556,0.1951506423992238,0.07200722179431839
api_gateway,47,2,0,1,0.04564850366397888,0.07126959194419291,0.17607281845946127
auth,24,0,0,3,0.01498162860461033,0.10672821449829079,0.03365545445756093
payments,38,1,0,4,0.04240010408117385,0.09784650962090642,0.4766100494293183
auth,16,1,0,1,0.0045572521613820305,0.2622328883154452,0.2838261923125833
payments,27,3,1,0,0.08655306025358375,0.009244267387116879,0.08577527675542734
api_gateway,49,0,0,3,0.012231943577339272,0.12041236930778904,0.6245019790998529
database,16,0,0,1,0.017574630690021815,0.1955513308377741,0.17133375655154007
database,15,0,0,1,0.027966771991163233,0.0012482514378580943,0.27101058035423947
payments,18,0,0,1,0.14597170671403628,0.002010201346124774,0.12160695292870169
database,12,1,0,6,0.07405209655466076,0.21585465712529153,0.43584018416613607
payments,16,3,0,3,0.09338630967491725,0.37111659175012623,0.4732169630235728
auth,11,0,0,2,0.023217855018360514,0.07115830534018065,0.1761543179050679
database,4,0,0,4,0.06197654944124493,0.025881553069702877,0.384557781444274
payments,29,0,0,1,0.060750164788132256,0.10484518880671861,0.3383418603471095
auth,19,1,0,0,0.07075533559193198,0.12585022206340155,0.07595521876659632
database,4,0,0,0,0.019384399575720596,0.214148019236105,0.20356144328208678
database,13,0,0,0,0.04380304536393865,0.32560357925425015,0.2411212587227726
payments,11,1,0,2,0.03671176194553909,0.3244922233605432,0.3427818314229064
api_gateway,45,1,0,3,0.03362982472698256,0.06502356682226124,0.30783283894428337
api_gateway,43,2,0,1,0.0292608782020352,0.17598691915569079,0.748808798174774
auth,12,1,0,3,0.09593239045082137,0.08328584988581651,0.2562293986743189
auth,22,0,0,3,0.065613704408202,0.2236703855206053,0.06002892217614453
database,28,0,0,0,0.07179690244559832,0.19936628865501602,0.41548438281848526
database,15,0,0,5,0.002232784351638708,0.09952078568072806,0.38940320839217946
api_gateway,44,1,0,1,0.010692215056911954,0.1488507217499552,0.6109017843245799
api_gateway,9,0,0,3,0.06879207123065292,0.10692258293052717,0.2625873545615457
api_gateway,48,2,0,2,0.051807365537909336,0.24096318355552143,0.4980088259149905
database,4,1,0,5,0.04392381580141819,0.26491504740005856,0.1702791884387486
database,16,1,0,1,0.019017442081663383,0.03081435269651052,0.421446578664885
auth,7,1,0,3,0.06969923315984385,0.03872209959204885,0.39882393646158754
database,7,0,0,5,0.01647457202498763,0.17386675231733628,0.252914117979118
database,14,0,0,4,0.03372609898965084,0.17223573697362538,0.24401914501888106
payments,36,3,0,3,0.09128573897609614,0.09293421836960727,0.19989214297211372
database,10,1,0,5,0.050649516422802944,0.22660333522364995,0.43879516660922496
database,7,1,0,3,0.02791273815646984,0.28833927913465157,0.32341254848204093
api_gateway,41,2,0,3,0.04844882124584151,0.23670099355498195,0.7804576971039189
database,28,1,0,4,0.03793514887415303,0.12368445449576204,0.18332388896985113
api_gateway,42,2,0,1,0.01759769988923308,0.21192248843888337,0.3477534892778149
database,28,0,0,2,0.020907753054746882,0.1046017554843252,0.35711804279878173
api_gateway,37,2,0,0,0.02784876729319392,0.08874124897740834,0.5354907743063173
database,23,0,0,5,0.04097828202924262,0.3207880482107088,0.3442319187326661
auth,18,0,0,2,0.04091893747197988,0.24371064086213423,0.218028406816142
api_gateway,46,2,0,1,0.02350949295389612,0.2241389967449464,0.3702781506259405
api_gateway,18,0,0,1,0.003694776915750788,0.13932070980043143,0.2659370487579923
api_gateway,43,1,0,1,0.07772385576966687,0.054020087446213644,0.4054880711736455
api_gateway,45,2,0,3,0.0044945524713782175,0.20896485880652652,0.30492595833077196
payments,37,1,0,2,0.0037225817167723715,0.17764520207016257,0.3704046103730967
api_gateway,39,0,0,2,0.03438172038305954,0.20004223022211998,0.49460135698040475
api_gateway,49,0,0,1,0.06141869210965805,0.1191663278164572,0.1341977696150145
payments,22,3,0,3,0.0379801745054965,0.2839732293736985,0.3877894864389093
api_gateway,36,0,0,2,0.029853895346476467,0.21553144528107834,0.4444115937298423
api_gateway,37,0,0,1,0.013239744299654958,0.21109278004927398,0.4550054025075998
database,8,1,0,1,0.04098642042156664,0.15930713713865874,0.05189885759369328
database,18,1,0,6,0.0019377870734509628,0.27095840977405455,0.4417884414405166
api_gateway,8,2,0,2,0.05389425836443173,0.017375839484448097,0.5086039917190559
auth,4,0,0,2,0.03005771080540222,0.06671585285906652,0.20374486024017555
payments,9,1,0,5,0.09764576178278167,0.07191912539803016,0.12813388519368424
payments,5,3,0,2,0.07691248496908944,0.08279452120004782,0.2881918564227359
auth,4,0,0,0,0.05291744531818496,0.23774631821102138,0.20239512982140417
auth,16,0,0,2,0.02586187713104762,0.25037158706128415,0.15060207126314104
api_gateway,14,1,0,3,0.04659725845207018,0.21872458352694946,0.7664362856791238
database,29,1,0,1,0.018362630733772846,0.10091218214604643,0.41722658338834545
api_gateway,9,2,0,0,0.04980291449065804,0.17441228115188281,0.5625823879077265
database,20,1,0,2,0.0751884767115091,0.1355706560725212,0.06724276269934842
database,27,1,0,6,0.004121218075144411,0.04630343366327982,0.355949407190994
payments,7,0,0,1,0.04097394305549177,0.34306239529673094,0.052554465696743824
api_gateway,49,2,0,0,0.02189323491091515,0.2090145976045087,0.2221026247082686
auth,23,0,0,0,0.024580385627786597,0.14062531813032422,0.17284513537713853
auth,12,1,0,2,0.018194140174843366,0.14835463708749552,0.13868631660145758
payments,13,1,0,4,0.06824261652629995,0.30096098148778694,0.5704698945646131
api_gateway,48,2,0,1,0.011664240998662515,0.020112670963362778,0.3667874767442777
payments,27,3,0,1,0.05129017403620899,0.03568262352678553,0.5285580020892574
auth,5,1,0,2,0.04493360594354341,0.02384752450580624,0.05719806241698984
auth,4,0,0,1,0.08947018610241837,0.26948089489015326,0.13312937603409047
api_gateway,22,2,0,0,0.06593304197335056,0.0807356752338742,0.6072138357659873
auth,19,0,0,0,0.08575057399572561,0.13260828252912712,0.08446491060622634
payments,10,2,0,0,0.050580305275342914,0.001248660542563851,0.13944556297364438
database,26,1,0,0,0.002178272986947869,0.17343822116043883,0.16689105756864142
auth,5,0,0,3,0.050099683661219564,0.16369308549729403,0.23915819152162207
auth,21,0,0,1,0.09782236685813746,0.07769882198988981,0.22242315281830696
auth,15,1,0,1,0.09722213709670056,0.20737212334098307,0.2627513114670645
auth,13,1,0,1,0.027563537001619454,0.2528296308450903,0.2614990885838407
api_gateway,38,0,0,0,0.06812740800611532,0.022351607745865504,0.6648000551592738
database,23,1,0,0,0.07652678885802396,0.042691052005908295,0.34699417418877954
api_gateway,21,1,0,3,0.026484135486995165,0.05299240574734615,0.30251644976747377
auth,4,0,0,0,0.08327230977971466,0.1201965005319095,0.10068941999001008
payments,31,2,0,3,0.07156647265408891,0.2066186041557049,0.29835049853518103
auth,18,0,0,1,0.08453351220226424,0.14642504315914337,0.049092940950322655
api_gateway,26,1,0,3,0.05124978709795745,0.20479031729171585,0.7379109342708299
payments,15,2,0,2,0.01460650936620063,0.14603756809272236,0.2688741809107334
api_gateway,20,0,0,3,0.007624749071116179,0.10271961971577631,0.17147827293590945
auth,6,0,0,2,0.06180906231649905,0.21488829914605148,0.31350839364617633
auth,16,0,0,2,0.0787122862939442,0.09953325270139415,0.31494521683781407
database,24,1,0,5,0.07788636433613194,0.20522336373879863,0.4059596522402231
database,9,1,0,4,0.022369031874035068,0.1172260435358697,0.46839580459686286
auth,10,0,0,1,0.029070485590438212,0.05401496999003563,0.3268672796233226
auth,23,0,0,0,0.04297008070431599,0.01669984381685974,0.3192220469450593
payments,37,3,0,2,0.09907045820466467,0.22853581138123086,0.411621826491718
payments,38,3,0,1,0.06832525428288304,0.14609768064614875,0.21284514902449764
payments,16,0,1,2,0.07229923765993006,0.38470499133818753,0.44735372068642465
auth,4,1,0,1,0.029708865318724076,0.2378946707174513,0.3617738161171722
api_gateway,22,0,0,3,0.007082052178248262,0.23850862217283922,0.3352400159636355
auth,3,0,0,1,0.09796917464358285,0.29157170479550115,0.29270841065506825
api_gateway,12,2,0,3,0.030354951941417747,0.15160963144982875,0.24424126965767992
auth,24,1,0,3,0.08756993729425655,0.2132626882750627,0.06976441946841207
payments,35,3,0,4,0.0014953852101777742,0.38889188368654304,0.22490533764786397
auth,10,0,0,0,0.0031399629812741137,0.23608790488925907,0.12146611037294029
payments,33,1,0,2,0.14257553423837022,0.03659318317185885,0.055477857662366827
payments,37,0,0,0,0.05397373509548497,0.1290734828311281,0.5223131925549905
api_gateway,41,0,0,0,0.0490146482443799,0.010242571085378432,0.5335617500461783
database,13,0,0,5,0.039820715128152114,0.3146318649533655,0.1792487459109345
auth,24,1,0,0,0.00425909539703131,0.23316855600049732,0.31941218147518735
api_gateway,9,2,0,3,0.062309250126783663,0.1662678146718429,0.5934630120859388
api_gateway,38,1,0,3,0.002266684849806415,0.003949173750684903,0.5818171005403958
database,20,1,0,2,0.012440899420663652,0.2000323380635861,0.3996973392159273
auth,9,1,0,2,0.06645794280090399,0.1691106658254575,0.39731280265593016
database,22,0,0,0,0.04499764908229418,0.28834953017236026,0.4296720828058232
api_gateway,45,2,0,3,0.0068205673209852866,0.17954106144209228,0.13166206771080985
auth,18,1,0,1,0.040907603456609556,0.11432120293032667,0.15458514099363518
payments,19,3,0,1,0.023062396815437713,0.0744979753199099,0.5233324696923402
payments,29,3,0,1,0.14214354877810007,0.24377811893091153,0.2881941119811721
api_gateway,44,2,0,1,0.05664732323883603,0.13452603443400116,0.17476033936892205
auth,7,1,0,3,0.043919216568266695,0.12252561224960777,0.3405757693143675
payments,5,0,0,4,0.1264717297544618,0.21920859889165403,0.3693408682652945
database,11,1,0,1,0.05106828673221021,0.2550341086169206,0.06745417929140646
auth,3,0,0,2,0.07923509643549305,0.24039367945664183,0.23430872349313978
auth,8,0,0,2,0.03283577851330193,0.07857296756261681,0.25434776302930634
auth,14,1,0,0,0.0484425470834399,0.2814549456133527,0.35456523731478173
api_gateway,20,1,0,2,0.038909278217030864,0.10958767840439496,0.17763925975875788
api_gateway,20,0,0,3,0.04744281740127763,0.16114323783001466,0.6615863344537684
api_gateway,8,0,0,2,0.037240843995891025,0.19080226799102346,0.15379510269440338
auth,9,0,0,3,0.05849115002718178,0.14773267825995046,0.08135247476985881
api_gateway,21,0,0,0,0.03691116003752829,0.02894948162912106,0.1875325124903325
api_gateway,41,1,0,2,0.06515429878316246,0.15925968096645363,0.23768512684784385
database,25,0,0,0,0.0017445650012085424,0.16366123008145572,0.37578370745340883
api_gateway,19,1,0,1,0.0773130448078404,0.207120099645924,0.13630766267462172
api_gateway,10,2,0,1,0.04647239542403273,0.21950862645068933,0.13526706577238876
api_gateway,48,0,0,1,0.049867459304119545,0.12898341769054017,0.10611175301267158
auth,14,0,0,1,0.03928077169525388,0.23339583561615218,0.04966534910399072
api_gateway,16,2,0,0,0.07555071803955726,0.08221532311063118,0.39775594033043093
auth,24,0,0,0,0.029611713061190894,0.0389864712230763,0.2530716455951706
payments,19,2,0,2,0.113480787524296,0.012843832192823302,0.2858132745877448
database,24,0,0,6,0.030422819866763186,0.06723044382460845,0.16110687981428873
database,29,1,0,2,0.011974853368051059,0.02587492771031522,0.09950392845768341
payments,29,0,0,4,0.13626563218083973,0.15899519696905112,0.5662238719975131
auth,22,1,0,0,0.00381316140914727,0.17700374048210876,0.15111785031763614
auth,5,1,0,2,0.007295986391295484,0.19598707342784505,0.2810560428116686
database,25,1,0,1,0.002671245666318054,0.06714790000514932,0.08903168270672143
auth,22,1,0,2,0.023812207142774957,0.16822412336212947,0.24446255520576332
payments,7,1,0,1,0.13848356204778428,0.028409827059730653,0.48700376193193795
auth,17,0,0,0,0.08713573412322079,0.23612085081717948,0.2965184789158324
payments,8,1,0,3,0.02856202440373653,0.20277204643087776,0.21644225679503876
auth,11,1,0,1,0.02804298615735769,0.06254586202283685,0.3897616228148455
auth,8,0,0,2,0.07986130159234511,0.2694715794600442,0.07281392084051874
payments,17,0,0,0,0.036022739403302126,0.06821215575751012,0.11482305977387358
payments,22,0,0,5,0.11677738200924952,0.15709404568969104,0.49720777591096404
payments,36,3,0,0,0.009241197793870387,0.0032432787544852907,0.1896362060285875
payments,31,2,0,2,0.07525487490096372,0.005999400150854673,0.1239890207590515
auth,5,0,0,0,0.08425883794336675,0.18238715514301354,0.2241884001065094
api_gateway,9,1,0,3,0.03307892422323214,0.20964613344604205,0.3982822809607742
database,21,0,0,0,0.07501919869390049,0.09774568793501218,0.20944208444465248
database,23,0,0,4,0.03624276546845855,0.2509633354638738,0.34454769679182884
database,21,0,0,5,0.03463830128459976,0.19271479771061303,0.4966077178034964
payments,29,1,0,0,0.0733984121212682,0.30469708258780637,0.5293892654808675
api_gateway,46,1,0,1,0.012970411131739655,0.07802168767074158,0.7774007604866665
auth,11,0,0,1,0.049774681695637604,0.01617500513693103,0.11906359901943855
database,22,0,0,3,0.0073698086516858835,0.04098050857419564,0.09041313630076185
api_gateway,26,2,0,3,0.04770017428869444,0.03571357890038576,0.2858371771605648
payments,17,0,0,4,0.04578217951932887,0.014299357786345857,0.44751911806183314
auth,23,1,0,3,0.06832083095475865,0.25857298449131383,0.13391844667123456
database,6,0,0,5,0.04833535605949313,0.31884895778542255,0.19618015977797315
auth,3,1,0,2,0.07510329615376087,0.13535738416615187,0.2860038562109397
auth,6,1,0,1,0.03624598486145605,0.07031147592114172,0.2484617938881985
database,8,0,0,0,0.02580235635820474,0.15919460230562554,0.3060671968945978
payments,12,0,0,2,0.08084713116751809,0.2268652351653569,0.10642150818206145
database,29,1,0,6,0.04227856007676376,0.33635309711878764,0.28547836433413604
api_gateway,9,0,0,1,0.04104769602267761,0.17578919275024435,0.6770998548605687
auth,24,1,0,1,0.06484239317715788,0.255180164490467,0.15364802167892375
payments,6,2,1,3,0.06357122777603613,0.21965760609658047,0.273783484443569
auth,18,0,0,0,0.003319648610546988,0.10633848608876596,0.15011114787202445
auth,24,0,0,0,0.050264933462228226,0.04433524004349532,0.34619673445950794
payments,28,0,0,3,0.024327505861181608,0.10742285624825643,0.4233830278148281
auth,11,1,0,1,0.09168232920234202,0.2502126803780011,0.1741252150978447
database,15,0,0,1,0.05366906836380918,0.020333828896566472,0.27162500791248323
database,15,0,0,6,0.018898519624791027,0.0023065569903995605,0.3923561542582917
database,13,0,0,5,0.015931769321609314,0.10932115030150713,0.10683678269090333
api_gateway,37,1,0,0,0.06932206391852078,0.18633665189982926,0.24827177011267268
auth,7,0,0,1,0.06339734084404422,0.20323040533389014,0.34022442288371924
auth,8,1,0,1,0.030526430160743592,0.29960827590913297,0.13723912108046693
database,18,0,0,4,0.015465119779617167,0.043507922466912055,0.3080318223697406
payments,26,3,0,2,0.03856441340926676,0.13668475173667535,0.5281370593490453
payments,8,2,0,0,0.08527083032352294,0.19064966420345156,0.34077721952335077
auth,12,0,0,1,0.036813358998113825,0.25610871419431186,0.38156228608234466
auth,9,1,0,1,0.05480330722215929,0.28509736169018196,0.33071011828968677
auth,12,0,0,3,0.07675066953953641,0.056008289238423624,0.2126236523087074
payments,16,0,0,1,0.03791487899267461,0.20044788033013927,0.47715204090494256
database,16,1,0,1,0.03337089142483032,0.120282596463392,0.44878165069501547
api_gateway,40,2,0,1,0.075314614485978,0.23795645085024775,0.7203720184458742
database,28,1,0,4,0.0005818385182873254,0.007915410357465208,0.4807647117487615
auth,8,0,0,1,0.028944919430436936,0.21644086136144614,0.2782679583504769
payments,39,1,0,1,0.05600297415477475,0.11804354407371412,0.3480340953019209
auth,21,1,0,2,0.03822559146564047,0.16120367652390014,0.33974454959029343
api_gateway,25,1,0,3,0.07966146375715728,0.14356645068171464,0.5427544870121487
database,13,1,0,5,0.04074194334099467,0.13812771944953267,0.18871840250201533
payments,36,0,0,1,0.1498357049644615,0.10250196955562903,0.10538148060709171
database,11,1,0,3,0.0018324693277747084,0.1468596822618239,0.2503005126746646
api_gateway,13,0,0,2,0.021967228517175304,0.09407528984776409,0.6415807638776427
api_gateway,38,0,0,3,0.05888058297597348,0.04698942942664708,0.27017583163218084
payments,27,0,0,0,0.028728198307522223,0.02091054890888229,0.18951820251693302
auth,4,0,0,0,0.0406172012911486,0.13301869975003225,0.23148270587361658
database,29,1,0,6,0.07471140126220809,0.20527635851534884,0.17274535234290722
database,11,0,0,1,0.056406722769128725,0.19555428997647015,0.26365796267578817
api_gateway,18,0,0,0,0.022755141385047927,0.24889240536108506,0.6388824980609721
auth,17,0,0,0,0.03830383504182619,0.25562095134856705,0.20837078358824407
auth,24,0,0,0,0.09035829853016418,0.21391178257758953,0.36298761232459054
database,26,0,0,6,0.04343159850852972,0.034867623332380804,0.4640629234290018
auth,22,0,0,1,0.07852946667226733,0.21643968010750467,0.37218399271453284
api_gateway,20,1,0,0,0.028876348299100175,0.10166297897115939,0.6926525475338768
auth,22,0,0,2,0.035963674317900256,0.20140020933090166,0.3490663964266342
database,10,0,0,6,0.02241392548892989,0.30284178019613195,0.4803513801243718
auth,22,0,0,1,0.008346929518195724,0.08279491010135724,0.18647545378595015
payments,31,0,0,5,0.126799496353309,0.3823675199848177,0.39115334940546354
payments,33,1,0,2,0.020797879366995557,0.39408293036443753,0.13796744130181077
database,24,1,0,2,0.031006080032057206,0.18319483949133947,0.38215939437716084
api_gateway,48,1,0,1,0.05943947095617763,0.06907665483351294,0.5119015962467339
api_gateway,31,0,0,1,0.014625923171255738,0.017873644367255304,0.7576204948516283
database,13,1,0,2,0.04124511557771962,0.10789345104518726,0.41693021208839787
api_gateway,18,1,0,2,0.0006328566043973893,0.23400660922491082,0.10365467381533391
payments,11,2,0,2,0.08991458130414325,0.2751851360474836,0.14056007854081626
payments,27,3,0,2,0.06667199669666865,0.05188250319601076,0.2010502838993406
auth,7,0,0,3,0.038677020860295765,0.04364479487977805,0.3544430260927144
auth,12,0,0,0,0.014337567106823957,0.28115686466275636,0.12080191907236076
api_gateway,47,0,0,1,0.04408912592357203,0.03841632879153392,0.32800752804541444
api_gateway,31,1,0,3,0.05650684475612928,0.07774174394578581,0.5374708803702896
auth,21,0,0,1,0.065147608792907,0.10046288804386012,0.24828543919615279
payments,32,1,0,5,0.009530358363587788,0.0057882566011460135,0.24121945780790122
api_gateway,37,1,0,3,0.07684051110721668,0.16490199723189472,0.6657128067980221
api_gateway,21,0,0,1,0.05493678383835091,0.16874026724876487,0.6358694302084745
auth,14,0,0,1,0.057382757358385716,0.13014241095549803,0.2851109878409741
api_gateway,36,2,0,0,0.0688036640174454,0.12352665498983673,0.665298957305757
payments,31,1,0,1,0.07444841569265682,0.32172813043886905,0.3672184660897583
payments,34,0,0,1,0.10291367309152302,0.36059434044029964,0.3388877556567685
payments,30,0,1,0,0.09207689175115864,0.3701058566627857,0.4318511105397246
auth,19,1,0,1,0.07531877038481742,0.25182100316835165,0.18219609245355803
api_gateway,45,0,0,2,0.044649454247845756,0.21710490383862055,0.6557487890695544
auth,24,1,0,2,0.08092458367534827,0.023547727340071923,0.07151346885410871
auth,21,0,0,1,0.01119729704869933,0.13758854622943975,0.31541066982648425
payments,15,0,0,3,0.03448775562924489,0.3828428384000206,0.18229429758377086
api_gateway,22,1,0,1,0.027195637178028306,0.11093689841499771,0.1367081054094581
payments,33,2,0,5,0.13236617870213724,0.37261401966210483,0.2032925433276319
api_gateway,9,0,0,3,0.06599342742198887,0.1696649657824957,0.26824463496650397
auth,6,0,0,3,0.03239391201607158,0.14042448632552954,0.13721105275060275
database,22,0,0,4,0.02787100088921708,0.022243245515915354,0.1255268552743017
payments,25,3,0,4,0.0969070416144894,0.39042823441276175,0.558373995254086
auth,17,1,0,1,0.07330317809458987,0.026427855213566,0.17959272348318292
api_gateway,41,1,0,0,0.049092211577347195,0.02799638941313312,0.6451387463140684
auth,17,0,0,1,0.02700024811211953,0.22694515472997495,0.03768271319805056
database,7,1,0,3,0.025723976641016968,0.1805390294723573,0.10217535249301102
payments,9,1,0,2,0.07209720424686133,0.2107075629077968,0.11813431091255905
payments,10,1,0,1,0.13426500435993663,0.05435446005103768,0.46348941948528966
payments,5,0,0,2,0.01085645897911837,0.19228562259374238,0.16338038815409023
database,22,0,0,1,0.07155750083803551,0.14145733753654763,0.27615387231063143
database,15,0,0,3,0.044295606885386356,0.05704303368722748,0.10176786475651234
api_gateway,32,1,0,0,0.05826684542988091,0.10423172043566967,0.5273005048755848
api_gateway,43,0,0,1,0.002567791621352731,0.24096998240836576,0.2816957164295515
database,4,0,0,1,0.0023711666540830035,0.2912517255702994,0.17224326704555704
api_gateway,34,0,0,3,0.06200383027818236,0.1767229044347218,0.5633497669315232
database,28,0,0,6,0.01817984729471636,0.3314917158864782,0.2537821407777539
database,28,0,0,2,0.024818074235012748,0.29320173509738184,0.27475458090317556
payments,20,2,0,0,0.0873217204222113,0.30544419184566346,0.2591326415273646
payments,24,2,0,4,0.07985403522919723,0.005102591882972219,0.09719592444019137
api_gateway,22,0,0,0,0.06749137109657646,0.19313917036468223,0.36924398061621533
payments,14,3,0,0,0.0210748514693276,0.2886047119373695,0.5811853415588322
database,16,1,0,6,0.053558748864645775,0.12985293547267676,0.06326619517669924
api_gateway,10,0,0,1,0.05962265027163482,0.13220184959360629,0.459625141430662
database,11,1,0,4,0.023431327136311096,0.057015942652545996,0.42816600755713635
api_gateway,13,0,0,2,0.016620897458072843,0.11637939860739338,0.16436441301595545
database,10,1,0,1,0.018369004521577175,0.17422887896181538,0.3336822720187209
api_gateway,18,0,0,3,0.052800807142990396,0.04119351423869533,0.5556830574542555
auth,18,0,0,0,0.05624489412714188,0.28692023383002496,0.38030389563384903
payments,14,2,0,4,0.07060589209739061,0.37704388406346223,0.07365768040903044
database,20,1,0,5,0.0518669056122019,0.0046816837930717834,0.3012981711669078
database,12,1,0,6,0.041167897909943296,0.022197463603115735,0.4213188097810496
api_gateway,32,1,0,2,0.014109583651983311,0.14331016556339843,0.6392782975923809
database,16,0,0,0,0.02075726164487465,0.08520082375343097,0.1384404147873931
api_gateway,42,2,0,3,0.047408144900445606,0.14714919232636228,0.33902846003057174
auth,7,0,0,0,0.0640891664837207,0.26486559199355525,0.09586590047196471
database,4,0,0,0,0.053513114178742216,0.2645193270080374,0.2435659979395566
auth,22,1,0,2,0.08725665183579634,0.2465752141766285,0.25447217209077777
payments,11,2,0,5,0.125443696965369,0.24548318781749892,0.5303612904040761
payments,26,1,0,0,0.14080789529667945,0.19832778905941564,0.17099511979331186
database,15,1,0,3,1.9270718973407597e-05,0.2099689419183701,0.27019767879886164
payments,25,2,0,1,0.11747400435418542,0.38037654074633376,0.39370735838365095
database,16,0,0,1,0.04308363537121048,0.13849950448531023,0.048786958868551264
database,26,0,0,5,0.03141160654689666,0.015689349953724507,0.1942907288906218
payments,12,0,0,4,0.14048553271062586,0.2561003659809105,0.4615753406173699
payments,27,3,0,4,0.07683908458143908,0.12148954065273032,0.4811589035280381
database,23,1,0,0,0.027126107344313023,0.3312576603562692,0.3359849396451626
payments,34,1,0,3,0.14149651678112246,0.3689995585210013,0.4652383032320397
auth,7,1,0,2,0.09095689433445876,0.03227361081415881,0.27770797180931034
database,4,1,0,4,0.03663214283825103,0.3144115776647951,0.4327309818974326
payments,34,2,0,1,0.14009811277689257,0.3731384885441197,0.5459093626919878
auth,15,1,0,0,0.057537006482571686,0.08291380359476984,0.3521458567189397
payments,31,1,0,0,0.03699846702671667,0.3410154963423868,0.5241462472121272
api_gateway,26,2,0,0,0.05382892253459142,0.06115951077362758,0.6722883468029135
payments,16,3,0,4,0.06454746420635864,0.19802237826183397,0.15871901528084792
auth,12,0,0,0,0.0674796429601556,0.06760872759609714,0.08443452767500631
auth,12,0,0,0,0.00035489918647713115,0.28914269088629985,0.1465047585895674
api_gateway,10,2,0,2,0.028546788366639014,0.16012135339245212,0.4695685208661955
auth,23,0,0,1,0.06437404583772466,0.05603052488100265,0.15105594806714762
auth,16,1,0,0,0.03525278512638513,0.10255961158100822,0.2460197863858601
auth,14,0,0,3,0.038114331529297864,0.20468613652910925,0.057660403287058716
auth,12,0,0,1,0.08874074739689636,0.19803583327893912,0.35707724352679127
api_gateway,42,2,0,0,0.07635996317845864,0.10959820241083551,0.3866906817949106
database,6,0,0,2,0.04689131465938942,0.08447629919647494,0.42386576610043925
payments,29,2,0,0,0.025691011599935937,0.3169826676557053,0.053076785735028234
api_gateway,24,1,0,3,0.02485447391516691,0.027767394292192965,0.3166179575540845
auth,18,1,0,2,0.09330148731304205,0.05058050737126572,0.2263357849662913
auth,9,0,0,2,0.03256447769498927,0.19784390348603573,0.08796868970858167
api_gateway,41,2,0,2,0.03502312669098132,0.19116349632315732,0.5594671179100035
payments,33,3,0,5,0.09060074966092502,0.07557192550598094,0.2697285613933103
auth,17,1,0,0,0.04835070745776653,0.09833582074852704,0.12934797552812982
auth,9,1,0,0,0.016107417806946866,0.10509525776169856,0.3437461587770039
api_gateway,23,1,0,2,0.06976494913450514,0.24216763070044423,0.4179984700758391
api_gateway,47,2,0,2,0.012305127200490169,0.10767843845389294,0.29559350521728767
auth,21,1,0,3,0.049149130225952256,0.12844045341332833,0.2083700285459411
payments,39,3,0,0,0.10966544745053432,0.04101381524505761,0.3101693187960351
auth,19,0,0,2,0.08314532342453552,0.277186472947479,0.28410092882051197
payments,21,0,0,5,0.040367962895701555,0.059515313539661156,0.4246449027417276
database,12,0,0,5,0.022438204131395842,0.07452517899304538,0.1743861720144369
auth,8,1,0,2,0.023453087198527425,0.09213620846161825,0.1357344930813637
database,4,0,0,0,0.017445005828325595,0.16819569367805098,0.10960557243538094
api_gateway,45,1,0,0,0.0742024832514861,0.22671445842119453,0.16288277741594656
auth,22,0,0,3,0.043450269371930444,0.12405505631357966,0.3677662457323979
api_gateway,19,0,0,3,0.01773959097303542,0.11807183546871486,0.29746270398930136
database,15,1,0,5,0.017196196012553663,0.010683475577261264,0.48249376484425877
database,18,1,0,6,0.06420575242360226,0.2866740886822424,0.22485555661697515
api_gateway,41,2,0,0,0.036280318761040986,0.09683630018231995,0.30674887825203967
payments,10,2,0,4,0.1001026744575594,0.11447234831916293,0.2258064151731936
database,21,0,0,5,0.07278966992643576,0.10467837983909864,0.33140491784534604
api_gateway,45,2,0,3,0.0767490218614357,0.23413405225933265,0.7940510069744888
auth,24,0,0,1,0.04715825960942326,0.10638812833293557,0.35915069136039157
payments,12,0,0,0,0.14502983254400903,0.10594650312542858,0.10948819372935019
api_gateway,31,2,0,3,0.029369543281042035,0.0051811943607347755,0.345464757484037
payments,11,1,0,1,0.13683113568737731,0.29741770785491783,0.3056313132656254
payments,5,2,0,5,0.05058187356094286,0.023414640032020054,0.1419577200009976
payments,28,1,0,0,0.06950865132069693,0.10614789324813759,0.49772855953178624
api_gateway,33,1,0,2,0.040451647281720036,0.15018556333311278,0.18535006826237305
auth,12,0,0,3,0.06668952708703423,0.13124214683125227,0.21906145878145586
auth,12,1,0,2,0.04615289585400517,0.27099633158077635,0.05362131022596726
api_gateway,29,1,0,3,0.07244229354857755,0.0879228703316885,0.45953362005004983
database,26,0,0,1,0.008645543622491498,0.06555981113173359,0.16407046588411822
payments,34,3,0,1,0.1472132137383038,0.26284753562450935,0.3090955678874822
api_gateway,8,2,0,3,0.03920374138425254,0.2414478782453894,0.5745639185987562
database,13,1,0,1,0.04166193909108173,0.044491639163897985,0.33545713674991073
payments,37,3,0,2,0.034130081540469495,0.09193041671701443,0.5617329212483277
payments,28,0,0,3,0.036327516839065155,0.2450371233103506,0.4911344076209416
api_gateway,11,1,0,0,0.07370591525631437,0.12401551306098499,0.11005481735580755
api_gateway,13,2,0,1,0.010880596831699459,0.13040069645626462,0.18676951423304555
auth,24,1,0,2,0.01096249863300023,0.13442733383877595,0.0579664841900155
database,20,1,0,3,0.026380247383021242,0.13338767293079093,0.45468518372764005
database,5,0,0,1,0.049014004542817666,0.1230601640652567,0.4062874250408872
api_gateway,30,2,0,1,0.022624561269196146,0.14543832215020785,0.2918983752785687
auth,24,1,0,3,0.09991495667786589,0.13664344547853324,0.24977287868664355
api_gateway,35,0,0,3,0.03107527566822995,0.21358591276674196,0.526038210617877
auth,12,1,0,1,0.031494030568124956,0.27655035299013214,0.24615201507378787
api_gateway,9,2,0,1,0.07564229271838614,0.2126951787857319,0.7531721424403329
database,20,1,0,6,0.01678608287589736,0.10189849861777925,0.3958948989774355
api_gateway,10,2,0,2,0.03812348350218352,0.018625791069255798,0.7514072721045454
auth,5,0,0,2,0.05162330979358292,0.16030932865781378,0.16362088132911806
payments,33,2,0,2,0.1366236330495594,0.08046918684556031,0.44470507248850843
payments,20,2,0,0,0.138632765226399,0.08446321497277079,0.36841510767385177
database,12,0,0,4,0.0004287443700476867,0.15277266443013668,0.051156350579897335
database,7,1,0,5,0.06612887730815734,0.29669121802762594,0.0602622346347729
database,19,0,0,5,0.03329203648780858,0.005641056570717495,0.04440555621985619
database,9,0,0,4,0.008409254263914675,0.15961325268505908,0.10126301284423692
api_gateway,33,0,0,2,0.055144922890520594,0.07933718655245783,0.3945479698534181
database,16,1,0,0,0.06189121243196275,0.032729573251118034,0.43566730342845705
api_gateway,35,1,0,3,0.06876506458838087,0.02079258793882191,0.26422236866933
payments,23,2,0,1,0.12114388043444627,0.29333116348674493,0.287453053113567
auth,9,1,0,2,0.085304066211651,0.027030983915168495,0.2504589118532673
auth,23,0,0,1,0.09431630524604394,0.22034772018331528,0.07492618526256711
database,11,1,0,6,0.04659649043756577,0.22753955963951292,0.38901110904495684
database,9,1,0,5,0.07141328126583336,0.006861248816198717,0.4900884481785901
payments,31,3,0,5,0.049800105317651874,0.28281246772915375,0.051863316390451525
database,19,0,0,4,0.0333631967175386,0.11009847321421791,0.4319368439496103
payments,12,3,0,0,0.0365163925148116,0.2709215837192564,0.44458894798303944
payments,33,0,0,3,0.008211747338939267,0.13558797046912857,0.1613571481526625
payments,36,0,0,5,0.004872989503524744,0.1664868124129258,0.5850711325906885
auth,3,0,0,0,0.0009506202418105626,0.23166791201570383,0.13015795694119464
database,11,0,0,5,0.020181710297159414,0.07757913622799087,0.4503537509979988
payments,36,2,0,1,0.02727126985004246,0.10576171917185816,0.25663819295914875
api_gateway,27,0,0,2,0.006741687926230968,0.2034250366389587,0.4057010677446362
database,6,0,0,0,0.031336682465181814,0.25203889160620324,0.26186654683109467
auth,21,1,0,3,0.042921077954169974,0.1567930299393447,0.3602292504780559
database,13,0,0,6,0.034465575052691516,0.21071105864945794,0.36811136353512336
database,16,0,0,0,0.06365740811728803,0.17848407710091493,0.12408895693306918
database,19,0,0,1,0.033322051907164765,0.27329657068655805,0.17179519151386338
auth,15,1,0,3,0.05828860015472177,0.10853326033162021,0.19195256917419348
database,20,0,0,2,0.032739071763796965,0.21135049685325633,0.1403111123630887
auth,23,0,0,3,0.022448050123272834,0.1121998101076788,0.3924772082562876
database,11,1,0,4,0.05406837901017159,0.09713636597368447,0.2568151305474825
api_gateway,35,0,0,0,0.03496319936042043,0.13227407076090733,0.2945284138350085
database,29,0,0,3,0.041814911293300894,0.04822768112346538,0.25386533767329
auth,21,1,0,1,0.06514003587009168,0.2858608561074251,0.1615899201477278
auth,20,0,0,0,0.07735191902421032,0.1061783029725911,0.05626600072601299
database,29,0,0,0,0.023753386534190523,0.0841259357710219,0.2631985492369363
api_gateway,14,1,0,3,0.06589261510248029,0.09555262704331222,0.26278219634372535
auth,11,1,0,2,0.031409045523357805,0.14443887529121546,0.3004151560786227
database,11,0,0,4,0.04408003886091554,0.09514204840871666,0.3646892768603086
payments,12,1,0,2,0.07359203638472986,0.29184265969413703,0.23533063331575638
database,14,0,0,6,0.04800132064703847,0.31480311183815074,0.4065707637647599
payments,27,2,0,2,0.11556176806029655,0.0670486255362338,0.15227439496506465
api_gateway,20,2,0,1,0.030289794118671214,0.04922871929641609,0.4872806695383529
auth,12,1,0,3,0.057678970849723635,0.21058344737237644,0.36532183864806067
auth,3,1,0,0,0.015916753447981446,0.23986809487266866,0.19357071636005918
payments,32,1,0,4,0.1340264957089977,0.22166788864440004,0.3739190066790417
api_gateway,46,1,0,2,0.014313864217149598,0.18197569646941628,0.7254706044992488
api_gateway,33,2,0,0,0.01301122290976755,0.18279644572347742,0.588565379755077
database,21,0,0,2,0.02718447563966099,0.031736127714532145,0.3271235034991884
api_gateway,45,1,0,3,0.06216889810784134,0.21062955358131571,0.16179026741697936
auth,15,1,0,3,0.04540761443123418,0.29155411628423655,0.25865952954388605
api_gateway,35,2,0,2,0.04120919495028464,0.060616147733453946,0.5117044038972801
database,28,1,0,6,0.022995647791246805,0.32481838342407776,0.3082662295624577
database,17,0,0,3,0.05603880080398505,0.041051310028915204,0.3819806022177094
api_gateway,21,2,0,2,0.0008425806974425054,0.13684927260455643,0.6836206228667249
auth,18,0,0,1,0.060595017300771103,0.290116620968493,0.22649516733427433
api_gateway,17,2,0,0,0.014542587794970991,0.023693663066022858,0.6466333352374611
database,11,1,0,5,0.009623087474056921,0.19449191806752356,0.44239481297833433
payments,12,2,0,5,0.0749427617998143,0.10515228079573041,0.11107884440796015
payments,18,0,0,5,0.0019232474265908738,0.33829795133030527,0.11488844969036414
database,4,0,0,5,0.0038500982091880776,0.07120856768522968,0.29530113729314167
payments,26,0,0,4,0.0639477440986052,0.30714436925034216,0.2548203663194459
api_gateway,46,1,0,0,0.0038088110045646586,0.238944691544714,0.3872568690425984
payments,14,0,0,5,0.0786654518786624,0.26156045854770293,0.2963402396644547
auth,6,0,0,1,0.0698820581244282,0.041688111222663735,0.04510841178063345
payments,30,3,0,4,0.0697916296913885,0.10145698973655022,0.29652462015952347
payments,11,1,0,0,0.008299858074501914,0.33961380531338925,0.5508368790549328
auth,14,0,0,1,0.016095548745672917,0.09930130079495443,0.10620099854536293
database,17,1,0,6,0.047933189869373324,0.3046604458187854,0.1865164572685282
payments,30,2,0,3,0.11759577757583842,0.05811440389831466,0.36593566565172947
api_gateway,12,1,0,3,0.03880718439748797,0.05286515446304993,0.5685613025258862
api_gateway,20,1,0,2,0.0343135732008032,0.02619994449902155,0.43295251063314366
api_gateway,27,2,0,2,0.02001842587622601,0.20034207921018238,0.7731860397612247
api_gateway,16,0,0,2,0.05558705448792181,0.23606889588430102,0.1682312463281058
payments,5,2,0,4,0.029935742384390812,0.36503368716992923,0.37381770496075517
api_gateway,31,0,0,3,0.008337926895092558,0.11831556879621954,0.7907162905711113
payments,8,1,0,5,0.0046762363667881834,0.0003772170109961337,0.5907827900598193
database,26,1,0,1,0.03561597170165075,0.2847084013307745,0.4413814921758527
auth,10,1,0,0,0.04715870664591526,0.10264239518911174,0.15833202268922528
database,20,0,0,0,0.07478660594175271,0.11688472472055604,0.14745589454096344
auth,8,0,0,3,0.07747234292206014,0.23327250811171507,0.13777230197208482
api_gateway,49,1,0,2,0.035858072739027684,0.09288226636750069,0.35774060833832166
database,19,1,0,1,0.0004800625339185594,0.013748713595193527,0.12350041138882065
database,28,1,0,0,0.004807068219462769,0.05188146328264961,0.3884445591578594
api_gateway,11,2,0,3,0.0023667566650798213,0.2487235304739129,0.5883127738183961
auth,23,0,0,3,0.015745295718984666,0.09897900625274243,0.09833701291285597
database,29,1,0,6,0.012295492501591596,0.309303803183694,0.2802874160072753
auth,20,1,0,0,0.032393556607803374,0.2738956219293026,0.39198588613473584
database,10,0,0,3,0.06487748787760317,0.01883039273401658,0.19398259229516476
auth,15,0,0,0,0.09709840578768707,0.23522841017395438,0.15012748482057964
auth,3,0,0,0,0.07285652116332708,0.2126571339612824,0.35970816334205
database,20,1,0,6,0.0022752970063289624,0.3112951764724787,0.053264180996335654
auth,14,1,0,0,0.07197614130193321,0.03531545972478821,0.34310587260620085
api_gateway,35,0,0,2,0.000585049517374765,0.23689930030709175,0.3904950637969473
payments,13,3,0,4,0.12655207944974664,0.15923487129449235,0.2482546660320905
database,12,0,0,4,0.06155243207277729,0.34989346327416615,0.40144160203636037
auth,24,1,0,1,0.06319820929833063,0.006081061701915779,0.17598452800564876
auth,6,1,0,3,3.097319150059397e-05,0.08671491988373375,0.1786605407102208
auth,11,1,0,1,0.052834469343655426,0.09959308564836994,0.30826939188594427
database,15,0,0,1,0.05655433081505481,0.2388219492695819,0.4375486381683432
database,13,0,0,6,0.043705111800379885,0.22677166650604783,0.424897723974224
database,27,1,0,4,0.018383716414288005,0.13040183676031017,0.34257815922208834
api_gateway,36,1,0,3,0.031222332135701105,0.21288769437819893,0.5723635736826752
database,8,1,0,3,0.019390116771940483,0.21170746826265407,0.4492226552473307
database,25,1,0,3,0.00486873214438246,0.054872071248528685,0.44558735769662255
payments,7,1,0,2,0.13061957585071696,0.3535991107484747,0.5992081366667877
auth,9,1,0,2,0.08011555973011573,0.15211429771430343,0.28911306915635615
database,12,0,0,3,0.01748208006038105,0.20755523574530005,0.49093723271365486
auth,4,1,0,1,0.009289971449411938,0.1949198546272172,0.18381932273342622
payments,34,1,0,4,0.10031298816747206,0.0858940500486253,0.5996343175571134
api_gateway,10,0,0,3,0.05149290150761827,0.07441398821662157,0.3251260872183668
api_gateway,13,0,0,3,0.027484340069560062,0.12449169311002786,0.7803380092249543
payments,23,2,0,1,0.1226856265248659,0.18601412989226912,0.08222498824057448
api_gateway,37,0,0,2,0.022245620446860112,0.19410483071197174,0.5310166581289645
api_gateway,22,0,0,1,0.011219654252976819,0.12371988679309606,0.3911211797019484
api_gateway,14,0,0,1,0.0033291616411488967,0.2491044177133077,0.33255067514481784
auth,5,0,0,0,0.02570818218513682,0.20383420074497935,0.22555061332911136
database,20,0,0,1,0.01609610774755253,0.017065334576569682,0.30457789720848244
auth,14,1,0,1,0.05890601535252913,0.2639957074682509,0.058200805574667835
database,13,1,0,6,0.04144035618858027,0.06823738744329817,0.3863970024974204
auth,13,0,0,2,0.08988110930274217,0.21730881196896554,0.10894760572129902
payments,16,1,0,1,0.08048672850429305,0.2907919485383262,0.3866436250121225
auth,20,0,0,3,0.03787514484406738,0.22373931102561725,0.09486503689041667
auth,3,0,0,1,0.06078796438735548,0.1909887355335146,0.3462480998238212
auth,13,1,0,1,0.058193721399403334,0.23938403126772673,0.3025998477726266
database,10,0,0,5,0.04261626456413691,0.05996051384147936,0.42549637685016034
api_gateway,23,2,0,1,0.027494495088046415,0.19790612931960755,0.6785315604938845
payments,29,1,0,1,0.1257932694297085,0.3263283404101181,0.5707351447548913
database,19,1,0,3,0.07548862574589241,0.12393655632323891,0.2735668329309976
auth,3,1,0,1,0.09033146675661857,0.1459830131068147,0.28666050348721117
payments,17,0,0,5,0.12624231896367227,0.25406279554557404,0.06693070623070208
payments,37,3,0,4,0.11119630625261433,0.06830411338015425,0.14811903856071956
payments,27,2,0,0,0.14065569230690514,0.33862172898616116,0.2861803327687393
payments,23,0,0,1,3.644016517690973e-05,0.3284504417940719,0.5577291382442717
database,19,0,0,3,0.01701706359614371,0.0659693213086662,0.3442176015190765
auth,12,0,0,0,0.08569838057113759,0.2656797284549506,0.23121173753178642
payments,9,3,0,3,0.14667805402526726,0.3107785553570085,0.40822594347443153
auth,23,0,0,2,0.0825853434338965,0.08817497906716971,0.08852285945148765
database,8,1,0,6,0.04717314451076555,0.31283245888562294,0.1716537206095713
payments,6,2,0,3,0.0715719563983574,0.26184847740618516,0.43809089229907916
payments,9,0,0,5,0.01322133650861882,0.24240600099177728,0.5375070115434173
api_gateway,24,0,0,3,0.018502561960366357,0.1577030416646039,0.2298076635865377
payments,23,1,0,2,0.14311974623566087,0.1995404094977097,0.27151449031109304
api_gateway,46,2,0,3,0.03675011654750981,0.01341257043843852,0.3956730831207309
auth,15,1,0,3,0.08657741223560755,0.1334408973109899,0.23406767236915343
auth,7,1,0,0,0.0032196422087336866,0.15874893028669873,0.07620682589903907
payments,39,3,0,1,0.08974591135440281,0.19671625304946724,0.35146603574000007
api_gateway,10,2,0,0,0.03691035171555865,0.14919116854251796,0.32618989186242786
api_gateway,46,1,0,1,0.029996837337559014,0.12823368660419485,0.3339650253424835
database,10,0,0,1,0.00973876551754004,0.15182069058116526,0.47159286259656735
database,26,1,0,3,0.010647861506352871,0.283073541148893,0.4737288461859459
payments,13,2,0,4,0.04127853176602135,0.02579627218233851,0.12393709555965371
api_gateway,40,2,0,2,0.013041027973338979,0.015955029463307735,0.16132818405680202
api_gateway,21,2,0,3,0.05118894427040548,0.17130248802825296,0.31593666947662546
auth,20,1,0,3,0.04072464172620706,0.13671188532608924,0.18057971211710386
database,12,0,0,5,0.023056237065862656,0.02381716925173738,0.4855823937828371
api_gateway,27,0,0,0,0.05104835838416193,0.19179600037539873,0.6748852892894127
database,13,1,0,4,0.00048341574864535275,0.18743179696882906,0.10967614951976482
database,15,1,0,1,0.03210502621950007,0.10692106439012239,0.3626202834922931
database,15,0,0,4,0.05299501973890689,0.03438627764316916,0.2580441500039247
auth,4,0,0,1,0.06286843334246049,0.10901501129894893,0.1497125225697608
api_gateway,30,0,0,1,0.006283084428015311,0.10518468167157513,0.397293504544476
payments,25,1,0,1,0.02650234712644578,0.30899913843852556,0.5100602554162841
api_gateway,14,0,0,0,0.03801793821276777,0.2075911458466827,0.46474505887136686
database,4,0,0,0,0.05598351536998533,0.2859136130451956,0.10976883160725007
payments,17,3,0,0,0.0031364268502852453,0.21343589204416347,0.10793364183473036
auth,17,1,0,0,0.07517170414784835,0.24303799050358774,0.19331766369973152
auth,12,1,0,3,0.020788805526314447,0.19569576046606527,0.338294827675488
database,12,1,0,4,0.06377733328771969,0.03572138623179808,0.4181988167490547
database,21,0,0,3,0.06700681784966234,0.2945583293801337,0.106412729072147
api_gateway,43,2,0,2,0.04992639695922807,0.23413848477974428,0.5572987532625099
payments,15,2,0,3,0.01291741657595607,0.2054533535714604,0.2752089080388274
payments,5,3,0,5,0.1497841209878443,0.009001730971474586,0.47033509146880903
api_gateway,38,2,0,1,0.03939901643496461,0.060763372873080784,0.2607662725806489
auth,3,0,0,3,0.03396518450169555,0.10007987425268318,0.2931466494715883
payments,32,0,0,1,0.050132300589017194,0.3175343648594466,0.5927381267989432
api_gateway,18,1,0,0,0.00957294216600526,0.06784670082362532,0.2628964707040901
database,9,1,0,1,0.036487831071355135,0.19130156877700907,0.17808313930473404
database,19,1,0,2,0.030987499172642766,0.0004350075270376507,0.3854465675414382
api_gateway,11,1,0,1,0.050558527087826564,0.06568681465126322,0.146123056344342
api_gateway,46,2,0,1,0.058438513476185165,0.09661172178723362,0.6978791049149322
auth,12,1,0,3,0.04008124443157497,0.08078535594261281,0.3371270463360636
database,24,0,0,2,0.013708019436958265,0.25791797319604454,0.3669069610304232
database,27,0,0,5,0.04804903815284146,0.1591493963790877,0.4259501008337347
database,8,0,0,0,0.010579209952852641,0.18244318349685532,0.46583993435733223
database,16,0,0,3,0.049519520423120814,0.30681383969176085,0.29150750549588644
api_gateway,18,1,0,0,0.012021131107630607,0.042084925803923506,0.7567666836990375
database,28,1,0,2,0.07223828233036424,0.14810023247126722,0.2970226986965348
payments,39,1,0,5,0.06831983580095426,0.20684835524533218,0.051177505640011375
auth,21,0,0,2,0.09967625849864091,0.2228450071731995,0.26039449106772283
auth,3,1,0,3,0.062063695212075956,0.29453388098339683,0.3843254287794211
database,24,0,0,1,0.04441624711314317,0.2280353898777526,0.15933032549945622
payments,34,2,0,3,0.004645590513376518,0.2261825464296433,0.29915811270910364
api_gateway,38,1,0,0,0.004444599664685036,0.2392490704523487,0.6106833351157313
database,4,1,0,1,0.04840045758268339,0.08130069080291942,0.2619992570724759
database,4,0,0,3,0.027450844281117288,0.2031435081122904,0.050057234192034214
payments,36,2,0,0,0.07469228888733957,0.15570655872361933,0.0641939425051771
auth,7,0,0,2,0.07534497102421056,0.1984049520249189,0.2311834137806536
payments,28,0,0,2,0.08696571626437194,0.21368816397249893,0.5387812681316391
api_gateway,20,0,0,0,0.07061654766679536,0.1667896806156278,0.5494930382421445
payments,25,1,0,4,0.09910910896637272,0.2449245155361587,0.20890287369209648
payments,31,2,0,2,0.1063771055691607,0.25370106138061493,0.20127214241740332
database,26,0,0,3,0.06579939012048447,0.2643689924244159,0.3759510739939927
payments,34,0,0,2,0.07472839487609687,0.23589161443058632,0.3279326183347341
api_gateway,35,1,0,2,0.004870462194195513,0.12943378111483436,0.25012154137968245
database,16,1,0,0,0.002054790024376816,0.34755855405936265,0.129578953761359
database,15,0,0,5,0.06289524752521268,0.12815237302369975,0.10839846086423754
api_gateway,39,1,0,3,0.03386803949975995,0.15878781368436728,0.5365046078768588
payments,6,3,0,1,0.0008023483041334267,0.285634809074007,0.32139435360550617
auth,16,1,0,1,0.07585552284667911,0.1495522399572304,0.38695289705272806
payments,18,0,0,5,0.09014357924962459,0.18573269791806113,0.10009642818402831
api_gateway,19,1,0,0,0.0005027693328793781,0.10148433226067388,0.3622322578917203
api_gateway,36,2,0,2,0.058981457089793875,0.21836740167901333,0.46399378164069716
auth,23,1,0,3,0.08797079824040532,0.16411174308619678,0.26372522127382814
api_gateway,17,0,0,1,0.0529501977739733,0.010994552262714896,0.7691767433945511
database,4,1,0,2,8.818544145796636e-06,0.11198210182305557,0.3559840775224415
database,4,0,0,1,0.009712279987419708,0.291424902417297,0.40256235495002646
api_gateway,24,0,0,0,0.058100401787137566,0.11950769394370206,0.6248835296926644
api_gateway,31,2,0,0,0.07607835302491157,0.19621997812128406,0.7696572689103025
auth,15,1,0,1,0.022595271085325386,0.25563981588581586,0.15250488804013163
database,23,1,0,0,0.04391861192198955,0.22707865765774207,0.149450873591843
database,21,1,0,5,0.0245980748164466,0.14230970657443764,0.42774688576991243
database,26,0,0,1,0.0043642491903606384,0.17390234951065894,0.47022366690389855
auth,12,1,0,1,0.03902891008393338,0.050683227435475486,0.31139757556358716
payments,6,2,0,4,0.09831539676609918,0.003696635362205747,0.31175968355072975
auth,16,0,0,3,0.06369435754268789,0.15027882132495163,0.27093230397702106
api_gateway,32,0,0,3,0.017238831243188903,0.22619276931119833,0.41442451709822925
api_gateway,21,0,0,3,0.032204261853243904,0.1668876616392847,0.3026384282040647
api_gateway,11,2,0,0,0.026704503738781284,0.21425559375230357,0.5568974096838395
database,28,0,0,2,0.015585282661014785,0.05560765496839142,0.41554672665144216
payments,9,3,0,3,0.08173225290440901,0.24437861028106128,0.5710063776993723
database,15,1,0,4,0.07413308475155757,0.11424353011204906,0.1269977222251117
database,15,0,0,4,0.032425976614130984,0.28905753711045923,0.16783618382794835
payments,18,3,0,2,0.05005563113634449,0.016203669176528736,0.47701525275899925
auth,17,0,0,2,0.05516795637526395,0.18981453729029749,0.2896197192843636
payments,34,3,0,5,0.03326692379003196,0.06805709607086317,0.21392293409080299
database,4,0,0,2,0.04392423518861352,0.06618203217632314,0.3926145503562763
auth,17,0,0,3,0.06113307533028527,0.24930203669693235,0.3808202378575132
auth,19,0,0,0,0.005671513828222553,0.2519574010198757,0.16877180932184932
payments,28,2,0,0,0.12916702800921384,0.25882806650354956,0.3503135263264126
database,6,0,0,0,0.004602399901766407,0.1390014158819532,0.10734951443775667
payments,21,3,0,2,0.11461433798683189,0.36440627999168806,0.4635319344030549
auth,17,1,0,0,0.0017293975767082581,0.03947822311545305,0.3388004232924774
auth,16,0,0,1,0.045062341457012524,0.10634686523475896,0.2851794544080519
auth,15,0,0,3,0.059637983270236575,0.2885915609322212,0.2809806957135673
payments,37,3,0,2,0.05264634358891371,0.3097909677103934,0.3285044204498299
auth,4,1,0,2,0.04274356695512971,0.2211809049377113,0.37948840752543345
api_gateway,31,2,0,1,0.00296227643285774,0.10355719408532674,0.5210806492323186
database,21,1,0,4,0.06539568018602411,0.0664313855332358,0.4516281997321984
database,29,1,0,5,0.0007618684491164895,0.07851337155066823,0.24437870654853203
auth,9,0,0,0,0.07399312514704082,0.19489894904085828,0.37999330867954806
payments,31,2,0,1,0.13425507882801552,0.1842264030249023,0.4283912118380183
api_gateway,22,2,0,3,0.07377175174805287,0.2015200808562742,0.7413558469790832
auth,20,1,0,2,0.033400071882659386,0.032444879403978784,0.20694218250675359
database,18,0,0,5,0.07616319396366728,0.2929459615066762,0.4533578690977167
database,8,1,0,1,0.06966442021677283,0.3165075567746645,0.39700416636596225
payments,17,2,0,4,0.003704594652916693,0.3994469276657539,0.14338595175302105
database,10,0,0,5,0.0338356488045344,0.28024922072646963,0.16787398145254362
database,24,0,0,4,0.023598590713785957,0.17545909495625714,0.15591610386894508
api_gateway,15,1,0,0,0.0427013164943389,0.014873873644550145,0.37329593564169783
database,4,0,0,6,0.03774244231301033,0.2839419973834247,0.43700209998301176
auth,5,0,0,0,0.06703200658307816,0.006919016099168096,0.27410543845970037
auth,18,0,0,2,0.011154990734685732,0.10287079306526449,0.2138071849674593
database,12,1,0,4,0.05339545409454998,0.05167231479251974,0.25128741252910886
database,16,0,0,1,0.07751587934026571,0.15845549776732643,0.351669005370309
database,22,0,0,0,0.0010797816707416531,0.1008601182916018,0.08666400863922091
payments,5,1,0,3,0.0472261733113103,0.32749519618186085,0.07078132199673545
api_gateway,24,0,0,3,0.06490770412621624,0.09009155551751352,0.7351260550403117
api_gateway,44,1,0,3,0.045055975203659726,0.19669077718509392,0.5956918517866043
api_gateway,34,2,0,2,0.047275189944054316,0.1425721113023965,0.481498565826479
api_gateway,43,2,0,0,0.02689042851254851,0.18739355077431266,0.11307235514222388
auth,16,0,0,3,0.0682229267576584,0.08636667881395273,0.05435996460079192
payments,7,1,0,0,0.08862994010926717,0.20826214149364464,0.5572269784113014
database,28,1,0,4,0.06174905048004087,0.2092709004404356,0.38142229654192783
database,5,0,0,0,0.044369712730288925,0.3234200603760024,0.3706559795865418
payments,8,1,0,5,0.027438438894312706,0.05272414939898367,0.3427912503750458
payments,6,0,0,3,0.04472255344148334,0.22272485725629607,0.5403002855060047
api_gateway,13,2,0,3,0.007138001284338689,0.025572347362189718,0.13560685329561853
payments,30,3,0,4,0.13242547360171186,0.1551808674619568,0.17813471664292146
payments,9,0,1,1,0.11406969094141,0.3152475759780876,0.12336373940129275
payments,19,1,0,1,0.06158980458573998,0.17965928109288504,0.0907875081757169
database,20,0,0,6,0.049849559047574765,0.009051134238508984,0.4024083612546275
api_gateway,49,2,0,2,0.012333852324192849,0.11081585935681296,0.15140616151527578
payments,35,0,0,1,0.14457264917822707,0.25963669621541924,0.3843841421789893
api_gateway,32,0,0,3,0.007351465359841561,0.006573728298807674,0.7622520059671378
auth,7,0,0,3,0.02155011558337655,0.17963211124008496,0.12202480233217913
payments,26,1,0,1,0.0877135212505957,0.06725643435789884,0.4126694939479542
payments,28,1,0,4,0.09190265170119108,0.18427398939285353,0.46606272336222676
payments,10,3,0,5,0.1254177923317564,0.287823365306174,0.5698543686198536
database,24,0,0,3,0.03999368219289605,0.19334365635043413,0.15322031139038367
payments,16,2,0,5,0.017625276031855996,0.2118578108140534,0.3512569502080252
api_gateway,40,1,0,0,0.01210174219280269,0.02008128105580745,0.22204707198235826
database,26,1,0,6,0.07030067838399993,0.276969176124737,0.05438973415497255
api_gateway,42,2,0,3,0.07022949968641665,0.06368490251193554,0.5225505196149292
auth,12,0,0,1,0.06091748793796582,0.045340199954668155,0.13198836518964263
api_gateway,22,2,0,2,0.06165192822214781,0.18200770165761257,0.5109783411329841
database,20,1,0,5,0.011308579450568316,0.317383711743449,0.22319850524446191
database,15,0,0,2,0.026500099759359685,0.2873315051092388,0.19841241554645822
database,5,1,0,3,0.025889037420116497,0.028130668261779814,0.056043803048520295
auth,7,1,0,3,0.07305320210053622,0.2944655213751662,0.0898766046692675
database,14,0,0,2,0.040316691014774274,0.3164491653162964,0.0971496624528358
auth,24,0,0,3,8.536974374032669e-05,0.05704615887378314,0.14136094070185137
api_gateway,25,2,0,2,0.04022323633676154,0.13878696370666857,0.591410093654857
payments,34,2,0,0,0.0029101868427323153,0.19273490143050329,0.2043246187859029
database,6,0,0,1,0.026614823790051246,0.16199389576570752,0.2044935975113622
auth,5,1,0,2,0.049397498830526604,0.29144312108108217,0.3802080999680183
database,8,1,0,4,0.07160354302379872,0.335163319094924,0.15412971941960898
auth,5,0,0,2,0.011646274889163212,0.12323452287283043,0.1228722861465181
api_gateway,21,2,0,1,0.06562405450964684,0.1299491698571208,0.1078334297693192
payments,15,1,0,4,0.009489400773101219,0.2690854446001745,0.12236389153340942
auth,10,0,0,2,0.06154056774277708,0.10205128511654686,0.04558726267260822
auth,23,0,0,0,0.004773378967875608,0.028232390621267832,0.11583401971492793
payments,18,3,0,4,0.06305030837932483,0.2998503008596095,0.19175703372133523
payments,19,2,0,0,0.023778035104111417,0.3502868146235758,0.3019368164900902
payments,33,1,0,1,0.05753017686509654,0.38185506080258735,0.06766586583729796
database,4,0,0,2,0.06534416183916482,0.24701836925767376,0.23069279444806262
payments,15,1,0,0,0.12974924643116645,0.1651033281109574,0.5048219637962609
payments,24,0,0,3,0.057172032305210334,0.3005092467750984,0.41119748855120175
payments,39,1,0,4,0.11345340821154515,0.3308632593710494,0.3645283291544526
api_gateway,11,1,0,1,0.011742345683098527,0.009143825748429063,0.248623892595383
payments,10,2,0,4,0.06829931247129033,0.3786831660135553,0.21902884954326224
payments,19,0,0,0,0.038917375660211445,0.37962775745816857,0.4294829566779486
database,15,0,0,0,0.028779269560201853,0.28260469600809024,0.06308223738152711
auth,4,0,0,1,0.005967165568249666,0.16542134247177018,0.3258811572116812
auth,20,1,0,3,0.09336165192303673,0.019331287665807682,0.23349592338226025
database,16,1,0,2,0.04677613636287885,0.18985755568543783,0.20282304030250972
auth,6,1,0,2,0.020400863651076708,0.13316927579776963,0.3502043030595645
api_gateway,38,1,0,2,0.013538255387064853,0.09789720148782663,0.20108229560241303
payments,24,3,0,1,0.07948134382773091,0.009590178950612671,0.18023891902786532
payments,10,3,1,0,0.029565905823547827,0.3417383931130862,0.4631316023024204
auth,12,0,0,1,0.0580231287059956,0.1542762837185925,0.16100436886362596
api_gateway,45,2,0,3,0.02104067663866972,0.05520357687675312,0.3873690774743038
auth,10,0,0,3,0.05049609189421677,0.094440247840211,0.29580518866002303
database,27,1,0,1,0.030519600803756177,0.0786859292063129,0.3844895045666356
api_gateway,34,2,0,3,0.049206496025041666,0.12774328116613445,0.3060871300005782
payments,29,2,0,4,0.14132781817344578,0.17648044088517298,0.5376102619471336
database,19,1,0,3,0.050509482328050956,0.08548921139167741,0.3935873261801532
database,24,1,0,5,0.07624033241677763,0.1796923569036516,0.4247237817244757
payments,38,3,0,1,0.07236354023920932,0.327947259010802,0.19914778214116186
auth,22,1,0,0,0.056019255423423335,0.2202928999825814,0.10263388596130096
auth,21,0,0,0,0.09527658971533332,0.13952659887436353,0.29260276123444284
api_gateway,21,0,0,0,0.06570482446830095,0.08779863349349856,0.4563579487357763
auth,15,1,0,0,0.05281400572737537,0.05449297096731482,0.09871683863535798
payments,12,0,0,5,0.05350847539633595,0.20528799033112752,0.30879957672317243
api_gateway,16,1,0,0,0.06837800235339096,0.02793106633564285,0.17532949303229767
api_gateway,47,1,0,1,0.035265705204928166,0.0658125253542256,0.37441254577297345
database,6,0,0,6,0.03769746791994582,0.03250181700963776,0.18550620502490722
api_gateway,12,2,0,1,0.07706059891203987,0.1613108648022645,0.1463462834959646
database,29,0,0,3,0.046109648788443536,0.008239099497856455,0.33541186568264425
payments,15,1,0,3,0.05103344916768855,0.0017438319826321713,0.20448580018717982
api_gateway,43,1,0,0,0.06780546084328712,0.00909652160545002,0.24962044666306316
payments,13,0,0,1,0.0731201753195961,0.3205667243634509,0.1225101397919328
api_gateway,30,1,0,2,0.02765943362651103,0.0174431876507333,0.5808279280662512
auth,5,1,0,2,0.050409511467602745,0.0015201343491786812,0.14638802897076703
api_gateway,27,2,0,1,0.006688120058877649,0.10306253089914175,0.5007863621700773
auth,13,0,0,3,0.09965220719246724,0.19567695533206322,0.1639230065098447
database,21,1,0,4,0.06379002998161443,0.11289422583115089,0.4207259768441443
database,21,0,0,2,0.007617446325552662,0.04524471977195756,0.17816551799271843
auth,3,1,0,1,0.09177956261106798,0.20055754153383412,0.22851823624151282
payments,7,1,0,5,0.0168913844023831,0.19053531739774648,0.46543641122718465
auth,18,1,0,2,0.022628262729366768,0.29705954713870714,0.21038093658885662
payments,11,2,0,0,0.1183935982015657,0.06589360355508962,0.4396630392252593
auth,23,1,0,3,0.07232899483428164,0.016839476406321694,0.20681670801383625
auth,17,1,0,2,0.09232258784862327,0.22592591833239878,0.34490827500710386
database,8,0,0,5,0.061585292755015474,0.21793505444502875,0.37416766399548074
auth,11,0,0,1,0.055445522786663926,0.09402317586588747,0.3330108984951953
api_gateway,22,2,0,1,0.04169594235293267,0.1922171098080933,0.3460640579115212
api_gateway,42,2,0,3,0.0030733426955498813,0.02266820896532587,0.350316915547773
database,14,0,0,5,0.0643486809069066,0.24956903860920057,0.4165754067276791
auth,18,0,0,0,0.003218440321540217,0.00918725467132886,0.3083150049016511
database,16,0,0,0,0.004609870534732945,0.16489701146499774,0.32951464802377617
payments,28,2,0,0,0.03112672430773185,0.2351181620265489,0.10994999442463685
api_gateway,12,1,0,0,0.0064342566851310415,0.12163681891523956,0.3462064101426813
auth,10,1,0,3,0.09151937114245666,0.03670944862980728,0.08045090419098028
database,16,1,0,0,0.01767853786665446,0.16477677231477544,0.22052777687664274
auth,24,0,0,0,0.04319875924251573,0.10018605698681696,0.030933051830043412
payments,7,2,0,5,0.1364380042580666,0.22971741588342942,0.4977367982731967
payments,19,1,0,0,0.1318321718869278,0.2352344983418791,0.5822966753453377
auth,8,0,0,1,0.06454905391663529,0.11172802535279047,0.21608555672080207
database,8,0,0,1,0.02075797031727749,0.21602454231549686,0.098636363201211
database,18,1,0,1,0.07439953459357244,0.2795836819529256,0.26846644323394137
api_gateway,31,2,0,1,0.05376061595222348,0.2094274365985318,0.10328277835115934
payments,30,1,0,3,0.10039731245452525,0.054500226036791145,0.2318481251727481
database,6,1,0,1,0.06043050310785254,0.04270760502091117,0.39868075502225864
api_gateway,24,1,0,2,0.026204491601337407,0.08497804275912751,0.3262853027961983
api_gateway,11,1,0,0,0.04262768601494076,0.14731256601547416,0.15342200827248517
api_gateway,13,1,0,0,0.0759387249801021,0.08440341990533376,0.5007073143133453
database,6,1,0,5,0.007145561694700984,0.1449987397471612,0.4257369756632247
payments,6,2,0,4,0.06224966375561314,0.03540892608589137,0.5358525639170015
api_gateway,39,1,0,0,0.06644538731331558,0.21384637478323107,0.5278335748346803
database,7,1,0,1,0.05209631679646722,0.0028255831862450172,0.08310682081966625
payments,18,1,0,3,0.14156611805172242,0.15643689765928823,0.4768835252580925
api_gateway,16,0,0,1,0.07689168193063119,0.03470368918754624,0.2825547375537625
auth,7,0,0,0,0.09483637310214804,0.08456813117979972,0.20185617391541516
database,24,1,0,2,0.06036173797878846,0.3425634505018281,0.1383564692255573
database,29,1,0,6,0.013596805004493957,0.1920703798166194,0.21885112024840625
database,29,0,0,2,0.014013293132062935,0.18102826529068755,0.20164981491978476
auth,24,0,0,0,0.03020488654893402,0.20435312882115828,0.19019043484229883
api_gateway,23,1,0,2,0.007773145363492962,0.09201770702873935,0.2271136203160994
auth,9,1,0,3,0.07896994303155147,0.1829434973936105,0.29261389505837476
database,15,0,0,1,0.0020289421728582548,0.3146840886496099,0.44182573249004503
auth,17,1,0,2,0.06558343876174054,0.023108008911369448,0.3769319006564519
auth,11,1,0,0,0.08537631020019776,0.06140750238653711,0.17654658594917533
auth,5,1,0,2,0.060617730578176765,0.008148390436096008,0.32784208375178114
database,28,0,0,6,0.00035835815357661006,0.30085733693658484,0.3819745331199831
api_gateway,19,0,0,1,0.0212830898627736,0.16066535210009428,0.19271963190581431
api_gateway,35,0,0,1,0.03143576642945428,0.07658810535201235,0.6790358964475042
auth,6,1,0,2,0.02172334745924347,0.18433009645052859,0.2763941115516515
api_gateway,19,1,0,2,0.027806112102036533,0.034889378088968026,0.3185086783908847
database,17,0,0,1,0.027828585691207205,0.28869917104480863,0.0644597118711843
payments,8,0,0,2,0.03556055867612671,0.10310208625124387,0.42926042607858067
database,27,0,0,2,0.021549182203883913,0.1917126607027167,0.131095145712625
payments,26,2,0,0,6.0231603800980914e-05,0.2533133929331982,0.2910830265878946
auth,14,0,0,2,0.04133125614011103,0.19080054119668816,0.3223099018076453
api_gateway,21,0,0,0,0.06564090062068971,0.16125733622085192,0.685675281852264
auth,18,1,0,2,0.09636871659566511,0.14706085626168847,0.2379230327286514
auth,21,0,0,2,0.028133858604563678,0.29133165250942633,0.2915533336200167
database,28,0,0,5,0.047325189008339555,0.22151006500714446,0.2465560844815275
auth,13,1,0,2,0.009132764436533236,0.0013121037302938564,0.1106593726237208
payments,18,1,0,3,0.03533489018917519,0.23447294163533658,0.5393544341306811
auth,21,0,0,0,0.0413054347953398,0.0344207883782744,0.043545594861614315
api_gateway,11,0,0,3,0.04509130808466953,0.15948367643048064,0.21316382263936914
auth,17,0,0,2,0.01667455686259366,0.06566054769886405,0.037041933829313214
payments,10,0,0,2,0.1436969029873336,0.14009464573083072,0.25274135887405874
payments,39,3,0,3,0.0012743367910814263,0.1652777915211191,0.37086242778026135
auth,23,0,0,1,0.025531380117127092,0.18486055756718894,0.20459359710537767
payments,24,0,0,4,0.10040781355048038,0.07822825884060923,0.5993125189152243
database,5,0,0,1,0.07765712435370677,0.26492423566961815,0.29239000477918975
payments,9,2,0,0,0.12638317521977718,0.23676576176762804,0.13222975173638288
auth,11,1,0,3,0.09547775524252156,0.13543765380014716,0.38869966972366177
auth,22,1,0,2,0.06409522198481755,0.10540770429953425,0.3067613501184816
payments,21,3,0,1,0.08584727784451147,0.1310265175688504,0.46278818938321187
payments,33,0,0,1,0.08248153817343157,0.34394179613404874,0.05647080190184873
payments,36,0,0,1,0.11323988096775756,0.3088127143889419,0.22037052075185287
auth,17,0,0,1,0.0511442833917623,0.18711659078375503,0.33011361291405716
payments,6,2,0,1,0.042381129549366535,0.25362202240439335,0.19134226581957958
api_gateway,27,0,0,3,0.01948635634379154,0.2264037476087455,0.5112638665558865
api_gateway,21,2,0,3,0.008935091555671076,0.21220347861451005,0.3513144510468016
api_gateway,15,1,0,3,0.06461468607826908,0.05273514599180135,0.43392282488731926
database,27,1,0,6,0.0020203649352924734,0.18887670218562772,0.3471796735538954
auth,3,1,0,2,0.003931948766847326,0.264567289484426,0.34743434185735744
api_gateway,13,0,0,1,0.07834823309396029,0.15176909765025384,0.12127701083093113
auth,7,1,0,0,0.06189223562347216,0.1543339284405929,0.09308408306152087
payments,9,1,0,4,0.07376069145284841,0.0038801419692168883,0.38671498479146865
auth,15,0,0,2,0.09075757039632665,0.12309168406797454,0.3377920514598566
auth,13,1,0,2,0.02516794038603103,0.14866170385626035,0.13388690068628997
auth,15,1,0,2,0.0911683004329736,0.2552792482299723,0.15349667313973928
database,13,0,0,5,0.04931832960303952,0.28564466556415175,0.49276941191945683
database,17,0,0,1,0.07120383278991527,0.2736396994271192,0.47134811048036834
auth,9,0,0,0,0.0459822430909179,0.15233318582086938,0.3206146614153286
database,23,0,0,2,0.0590818597257115,0.3351298875125658,0.09056548771761758
payments,23,0,0,5,0.06099547903274556,0.2747809765541753,0.1755819601263207
auth,12,1,0,3,0.09343756796404208,0.19695992097090056,0.36481174624505674
database,14,0,0,2,0.007565958896665306,0.08477617528225735,0.21688228983220492
database,23,1,0,5,0.0021853258180349576,0.2342526987313761,0.07536397810977759
database,23,0,0,2,0.026067742431259033,0.09609763702850958,0.23340051152232752
database,22,1,0,5,0.011262062097142778,0.2469553030225802,0.15349432945753133
auth,20,1,0,1,0.05686042135699344,0.27715398725780876,0.15196920379665818
auth,15,0,0,3,0.0905987906258915,0.07709065616978124,0.12026648812486841
database,17,0,0,1,0.015528301373368648,0.2215452645800119,0.48675437414758305
database,21,0,0,6,0.02677947735658602,0.035276629756066845,0.39728868155906627
payments,31,2,0,2,0.12611776079086717,0.22196393353016358,0.3794569504130367
auth,17,1,0,2,0.098992149127494,0.22372234096542082,0.14831759694809288
auth,9,0,0,3,0.01699962967480012,0.17732121289431174,0.1160909254241715
api_gateway,29,1,0,1,0.013189310294122434,0.08377970966995962,0.24511395730152044
api_gateway,22,1,0,3,0.053554903440123425,0.061517152493026334,0.6640723639249232
payments,26,3,0,3,0.08410417220635201,0.3084544192683289,0.14060757109979954
payments,16,0,0,5,0.0359923355585447,0.13615393507101967,0.5170705295817576
auth,21,1,0,1,0.06161790816070078,0.11344619038510811,0.19293465453615527
api_gateway,24,1,0,1,0.07112038768568768,0.015275278987837038,0.1933979040485248
payments,28,0,1,3,0.039745059233316456,0.042981286576754624,0.38467753713393255
database,12,1,0,4,0.021204338559110986,0.34169010390109733,0.480064557142594
api_gateway,14,0,0,3,0.019551646112294128,0.07231663104224964,0.6282283864353196
database,8,0,0,4,0.01915974660008068,0.09387163993287519,0.07077566934573029
payments,5,2,0,1,0.0775697838015957,0.034080191023864795,0.21205689668437522
auth,23,0,0,3,0.06832766104223897,0.11823401505381852,0.22832923556150878
auth,7,1,0,3,0.07488391884618512,0.25555087762857015,0.13624338018420862
database,17,0,0,2,0.035955343859306266,0.1871117690944982,0.20038700869740403
payments,19,2,0,3,0.12112169034778633,0.14532979022760403,0.3153961241066699
payments,38,0,0,0,0.07774858845597352,0.37305828693646714,0.568676845850691
auth,8,0,0,1,0.043039261801607546,0.2958295540440597,0.37942714715375236
payments,6,2,0,5,0.03734152871953091,0.07025058622720093,0.1817187930135714
auth,17,0,0,1,0.01760670360376576,0.25378858580878677,0.21253072241472232
auth,19,0,0,1,0.049862446326628354,0.00168998351441475,0.11589141237517313
api_gateway,22,2,0,0,0.057271346291517644,0.056485198448137125,0.5211105600459566
auth,10,1,0,3,0.06722525000742134,0.11925472546237065,0.15728507206033998
api_gateway,37,1,0,1,0.028793244214365077,0.15062535725819182,0.3177526999195236
api_gateway,11,1,0,1,0.00626803535602523,0.02543387363236549,0.5508061754377365
database,9,1,0,6,0.047398846476223,0.029993832104970777,0.14953474062064082
api_gateway,21,1,0,2,0.009446701949492828,0.10598734973562005,0.3420143991448842
database,12,1,0,4,0.06581068442529316,0.2708259781773174,0.14141818972221853
auth,11,0,0,3,0.03952924979506717,0.018421974942336505,0.1960340778135773
database,27,0,0,5,0.017402493903549372,0.29634889281638166,0.3411256301921446
api_gateway,32,2,0,1,0.0636330384588461,0.1650996960222974,0.17139005480183894
database,29,1,0,4,0.03385212940109913,0.3082480912698081,0.2948445330213073
payments,30,3,0,5,0.05115718092459353,0.2150092400812194,0.1200814308476695
database,15,0,0,1,0.015511673150670306,0.049830285324755835,0.4523179199019589
api_gateway,48,2,0,1,0.04367777531080205,0.07064803607371464,0.17060950377501688
auth,21,1,0,1,0.06885121884095631,0.2253574909354157,0.18793183189138038
api_gateway,43,1,0,0,7.270133137445178e-05,0.03818814022131392,0.762412159436267
auth,9,0,0,3,0.06621273488542488,0.29764543056901444,0.11918100096429252
auth,12,1,0,3,0.05166763926053421,0.20345378802361994,0.31725596086565067
database,29,1,0,6,0.0790781018235742,0.009416453847371846,0.49945551881741124
api_gateway,20,2,0,3,0.03466666618569132,0.0693403117560249,0.5140229751568867
auth,12,0,0,1,0.09765873392003843,0.14706043756688006,0.3399917685997418
database,8,1,0,5,0.007297142300211981,0.21234288721185005,0.10695863395516686
database,27,0,0,6,0.05319883627909442,0.1393736080219356,0.043530412397083475
auth,18,1,0,2,0.07230344308507956,0.043275394234977456,0.04963692940340583
database,20,1,0,1,0.06478885062442873,0.29414759238927807,0.45512239822322076
auth,22,1,0,3,0.07394114554566915,0.013532701885600828,0.310040679724393
database,10,0,0,1,0.015160158026110562,0.3322342231904989,0.2680645147175581
api_gateway,43,2,0,3,0.03607172564917518,0.020471987271356767,0.6179163148928121
database,10,1,0,4,0.0223784597446092,0.2117586090210295,0.23664523908494312
auth,20,1,0,2,0.03651633556780287,0.12318122014467371,0.3323047180853963
auth,24,0,0,1,0.018693534504167643,0.233729381937951,0.11083405947720154
api_gateway,14,2,0,0,0.0369002790855822,0.08749000791001682,0.7563484251985539
database,15,1,0,2,0.05916451000794435,0.02431346029427371,0.2981537628160762
auth,12,1,0,3,0.09622640780351721,0.0413853031405071,0.10401799426684395
payments,11,0,0,5,0.053163598798107926,0.25454908228383627,0.5571722290411757
database,10,0,0,4,0.0340130995724253,0.04689681176504212,0.4802193896443069
auth,6,0,0,0,0.06383543048854777,0.2784527817198705,0.19618125874345207
auth,8,0,0,1,0.003328554926345695,0.08736879846937927,0.3801894949985033
api_gateway,12,0,0,2,0.05280537056574879,0.03449495407301939,0.7847223347549532
api_gateway,48,1,0,2,0.008269287196348065,0.17046688963160905,0.702436231070849
payments,32,3,0,1,0.01132906290388303,0.3014664551638325,0.17709890717401267
payments,6,1,0,0,0.0268261602761699,0.0985082936412693,0.18144262326562205
database,22,1,0,4,0.07582300118303628,0.32162010894859866,0.2733486916926453
database,17,1,0,5,0.07622602519571817,0.26198825193960457,0.407306214454405
database,6,0,0,3,0.05452432585147629,0.2566920807201125,0.11688364641799787
auth,5,1,0,1,0.07954509581775876,0.18505495538277664,0.13504976763980395
database,28,0,0,5,0.041405793438335704,0.31693213247664037,0.0961688539461654
database,19,0,0,6,0.035550688807001574,0.21781033833539448,0.20758846831089592
auth,23,0,0,1,0.08098815857057108,0.045263414047381344,0.21910859341028527
payments,10,0,0,0,0.08568193766272757,0.37116025194481084,0.1514025309108316
database,25,1,0,0,0.03140565763225266,0.021699978418337804,0.3034624175674265
database,18,1,0,0,0.01990652445327065,0.29827307485881027,0.3956623299989813
auth,7,0,0,2,0.0661154269719093,0.0029192880466568983,0.255515590664515
payments,14,3,0,2,0.026749726864232447,0.23354330692320616,0.3630278637498475
database,15,1,0,3,0.01294656540689771,0.1221457044488425,0.31436855533452535
payments,29,1,0,1,0.019734795995903193,0.21284718898351307,0.47066634127099083
payments,20,1,0,2,0.0160486891761935,0.3158694455171023,0.11313245326333682
payments,10,2,0,4,0.1335331005831834,0.19843019140021245,0.278613550825247
payments,22,2,0,4,0.10990851231199598,0.2542373928032749,0.13200262326928863
payments,34,3,0,5,0.011699079961411363,0.21953670223738952,0.2248666313387525
auth,19,1,0,1,0.05213947362629351,0.06609630861372849,0.3728575279873747
database,20,0,0,6,0.0028847809649813704,0.0028701311823525755,0.054853867878239725
payments,36,3,0,3,0.09952355176930651,0.39241179564603046,0.32576806322742835
payments,24,0,0,3,0.030883096614989905,0.17716563921678544,0.09442856763088898
api_gateway,8,2,0,1,0.07522568831375895,0.10781159100179707,0.13677377087979575
api_gateway,21,1,0,1,0.057833874404593776,0.18147265256609862,0.16619663851708133
database,19,0,0,3,0.028605110295968385,0.2809678506377064,0.28442134712122846
auth,17,1,0,2,0.03890607096186526,0.2990960702672585,0.1679088807886149
database,25,0,0,5,0.03703792094998037,0.15387601299865802,0.3391363017217127
payments,28,0,1,0,0.09025299129306975,0.23858983101758097,0.570610113638309
payments,32,1,0,3,0.01807227336577019,0.03423982112910733,0.42483931643765765
database,15,0,0,1,0.05217903554933864,0.11425593379929143,0.08660831153441317
api_gateway,33,2,0,0,0.007364820378056187,0.10300033674955283,0.18238302888367497
api_gateway,29,2,0,3,0.06784082534211343,0.09222683590333555,0.5759306512986386
api_gateway,43,0,0,3,0.02615792986919831,0.007974272066319982,0.353781752739574
payments,36,1,0,0,0.11051918530652954,0.3894768539400795,0.2155267435572698
database,8,0,0,2,0.07945409745003904,0.06885918285132597,0.046858042886188514
database,28,1,0,5,0.0183323349620343,0.08947478046486126,0.31638749464149496
api_gateway,15,0,0,0,0.014641305255132969,0.18929385951046174,0.3635158477240832
api_gateway,26,1,0,2,0.0016255239084180318,0.1722849092127745,0.10285560287167739
api_gateway,13,0,0,2,0.02482710515889698,0.1475970522856356,0.7109718622075925
api_gateway,35,2,0,0,0.06118511347081963,0.0669054688641614,0.4825063607154616
database,12,1,0,2,0.07366892521452349,0.1978898312946352,0.1661377676505116
api_gateway,44,0,0,1,0.05130491672826255,0.09856868898324772,0.5435046939924815
payments,26,2,0,1,0.10069566353464196,0.20832623445763288,0.2281868586088464
payments,13,2,0,2,0.011780436418919803,0.32517136215757486,0.5621966450707357
database,20,0,0,1,0.061303051007186034,0.27083027940107585,0.14387782308600286
database,15,0,0,1,0.0375820007870953,0.11817949961682324,0.24897744290364748
database,24,0,0,5,0.0488309744389575,0.09297353323311101,0.3426120956802266
payments,23,0,0,5,0.025217714639658766,0.008881125195140128,0.4789002715927289
auth,7,0,0,0,0.007610105583336236,0.1443395432482395,0.15992099103039284
database,4,0,0,1,0.002856696776653749,0.175285965082844,0.31904973010425214
auth,10,1,0,1,0.07413949722797497,0.2474508831461274,0.23410929235627773
api_gateway,13,1,0,3,0.0373905600466671,0.12101556894062632,0.6932547785535617
api_gateway,38,1,0,3,0.06250840482128477,0.14536657121717775,0.12960941691974134
auth,3,1,0,0,0.039011321343393315,0.02955452204056015,0.22452672821524644
auth,13,0,0,0,0.00763933167953057,0.11413333552978835,0.18343445257028967
api_gateway,9,1,0,3,0.017993685992238044,0.13345139915996793,0.17300586169360432
database,14,0,0,1,0.0048822169145935936,0.25388139466360116,0.14756789757421962
auth,18,1,0,0,0.05347397154135111,0.15417141376490184,0.2059290082878161
database,16,1,0,4,0.0430829415013939,0.23421405946387983,0.09962002083891579
database,24,0,0,4,0.048259305711584925,0.14401970664778974,0.249773479655391
payments,26,0,0,2,0.06157841765271418,0.03141087437662913,0.342584453973074
api_gateway,9,2,0,2,0.06092812554008011,0.027450277997599276,0.33614534649816064
api_gateway,24,1,0,0,0.03576044469410938,0.10209672956692589,0.2355540924984354
api_gateway,8,2,0,2,0.06450287795534479,0.06096476557352601,0.5568133310113694
api_gateway,18,1,0,1,0.07402094394659266,0.19140819290627314,0.3035526490351894
payments,7,3,0,1,0.12636961602533628,0.0886004203415411,0.43891633766940946
auth,23,0,0,1,0.06624984583613046,0.18902815483662347,0.11162693272291076
payments,5,2,0,5,0.062266076528239886,0.33809022326429594,0.07065583835710425
auth,7,0,0,0,0.03931770315876004,0.2532168998361407,0.08513316106231092
auth,14,0,0,1,0.06134262615212319,0.1186797545549482,0.1626956411135929
database,18,0,0,1,0.038327353683938324,0.27520458562705574,0.4523588527141978
payments,17,0,0,5,0.13927616279156677,0.11842620401557885,0.5287259557070652
payments,15,2,0,4,0.09824116568509823,0.28741252724889843,0.5856673209652914
auth,16,1,0,3,0.03612227352342863,0.0036505036146099457,0.3938635926485783
database,18,0,0,0,0.03447451546160167,0.10608632083068155,0.4566886919171773
database,27,0,0,0,0.050135192178028615,0.21815781082872268,0.3067962082361539
database,14,0,0,0,0.06836258956686292,0.1034772415800811,0.4139357731391031
payments,29,1,0,4,0.044635607466122315,0.29271043801506896,0.1282574202360147
api_gateway,46,0,0,2,0.01224427110809538,0.062319767875137905,0.4720237796469693
api_gateway,16,1,0,0,0.07566334797791693,0.22069411410528603,0.5168436529468747
payments,25,0,0,2,0.06120606924042249,0.21601167690427509,0.06671857814633937
auth,15,1,0,3,0.062259089794252334,0.2922816721583838,0.12476850365598265
database,6,1,0,0,0.00011602532729017234,0.2837270791446282,0.37128598978681854
api_gateway,32,2,0,0,0.010507402066803185,0.1998218190616614,0.10980455110083165
auth,6,0,0,1,0.0033196315065561754,0.13321942121827557,0.1629275966484711
auth,9,0,0,2,0.015118291933725426,0.2654740371635981,0.07736916225859841
database,15,1,0,0,0.06843462826424622,0.16244872083098177,0.26447557046475845
database,24,0,0,2,0.06612341248579012,0.26968639146335094,0.4422709624500317
database,24,1,0,3,0.06024504370299202,0.14156789335778414,0.054771272647797825
auth,24,1,0,2,0.06337097434231109,0.04810773168117006,0.05623792499081669
database,23,1,0,0,0.04988523249338145,0.011132578477279957,0.09674266206237282
api_gateway,25,2,0,2,0.025581957050007497,0.018283267167136824,0.5646445577275657
payments,32,0,0,2,0.11351838343535955,0.22353634838186662,0.12655329151689287
auth,21,0,0,3,0.08954453137667079,0.26449438637244316,0.30825736328816855
database,7,1,0,5,0.004845606653115562,0.26105784086227585,0.3335465014512
payments,22,1,0,0,0.10324394976408825,0.12480052244338014,0.34268661674165957
database,27,0,0,6,0.060985231333665735,0.05205701657883348,0.39669192827029487
payments,9,2,0,0,0.0832943737992272,0.2134901654685778,0.15350998992392426
auth,21,0,0,0,0.061683837678424204,0.0671724394623343,0.1307331715862488
database,26,1,0,6,0.009733751440310022,0.07831740714269443,0.1502856515004611
database,11,0,0,3,0.05891739099600018,0.014211827685997025,0.22961495178064362
api_gateway,44,2,0,0,0.06409668335655451,0.0029307794241731633,0.651425303701074
api_gateway,37,1,0,0,0.04543377429150056,0.17967964266527378,0.7300265766193955
database,26,1,0,2,0.05644919702005813,0.10170795617486258,0.2070691446016718
auth,6,0,0,3,0.09221203897976371,0.0725608908341371,0.06218213789375813
payments,34,0,0,2,0.005933625984391971,0.2377326935706383,0.16811451620379547
database,21,0,0,0,0.048436221291033414,0.07469914688894386,0.3407959490979896
payments,38,3,0,1,0.1418510305576207,0.04627008945924663,0.14915957183860232
auth,6,0,0,2,0.03769938292104549,0.1825223765818439,0.2356174615762099
payments,5,2,0,3,0.13218760225228346,0.3365759039824979,0.5880482172994435
auth,14,1,0,2,0.0052783350515691165,0.27763547768355995,0.09609373385694756
payments,25,0,0,1,0.050391923006840075,0.21464931189419756,0.5647753345507318
auth,15,0,0,0,0.05103754066288622,0.09172124220438711,0.3080938012795629
api_gateway,30,2,0,2,0.03427732356483085,0.04634990026911551,0.33019248387590505
api_gateway,23,1,0,2,0.05988206615116574,0.22710499054521222,0.5201057239725929
database,17,0,0,6,0.04300155410144563,0.16994810134234217,0.45455814548699486
auth,16,1,0,2,0.04231728395267549,0.07982632076068488,0.16938092489389137
auth,5,0,0,0,0.05944983657497586,0.04807997971217608,0.3944145721799176
payments,23,1,0,1,0.04070720926193769,0.35745945963619236,0.18104432733696152
database,16,1,0,6,0.03033991125128659,0.11437982667981583,0.4829788442310969
payments,23,1,0,2,0.014782027711941358,0.32238805146838156,0.35526018831291006
api_gateway,37,1,0,0,0.03258145280457676,0.20306959166604233,0.37522847424228967
database,26,1,0,1,0.06175101160023557,0.18208559831356796,0.16488442762557567
payments,10,0,0,3,0.12473608888656787,0.30268196404458786,0.5747086922655529
auth,5,1,0,3,0.023704150891868003,0.07162153360877997,0.2084737240919536
payments,32,0,0,4,0.04545986417626525,0.24459794108767965,0.2205809715999411
auth,8,0,0,2,0.079108572152803,0.25961268363063283,0.3704971612581329
auth,15,1,0,3,0.01996596866489783,0.1932534270508132,0.036183104682958725
api_gateway,14,2,0,3,0.03974027680411756,0.0027760462349954995,0.37263942456497245
api_gateway,30,2,0,2,0.05866568550255348,0.12882914501498574,0.2927606865999456
auth,14,1,0,1,0.0763174385609739,0.19315416084346404,0.0468444349259051
payments,15,2,0,5,0.018372212527544583,0.1871396733168172,0.16264083871654178
auth,22,1,0,3,0.06876051009937932,0.09539281483398644,0.39351347294107675
payments,29,0,0,4,0.10757721705701365,0.24777802952726133,0.36897908929431106
payments,33,3,0,2,0.08554687617397558,0.16718781743461084,0.19436645009406217
database,27,1,0,0,0.008028217112510321,0.3335998189208241,0.20968038248245097
payments,12,1,0,2,0.13721239930914905,0.22939983397408642,0.5200341595033542
api_gateway,22,1,0,0,0.05909407878650028,0.15328724009414985,0.32057729500708965
payments,28,3,0,1,0.011111236081567161,0.041535754444371034,0.5272610645449518
database,25,1,0,3,0.04220898650867058,0.14199717722447824,0.43961708646267245
payments,6,2,0,5,0.10842588058503184,0.2616092310635042,0.5191411829665751
api_gateway,45,0,0,0,0.028063751876050452,0.03457169842160085,0.5059470563881191
auth,7,1,0,0,0.043840933235926964,0.21785433660000458,0.3804226801584971
api_gateway,32,1,0,3,0.05862736652405131,0.240184335673861,0.763105408895967
payments,29,1,0,3,0.020327531034113104,0.17717484869377442,0.2642943095469057
api_gateway,25,0,0,1,0.0709090362723361,0.03709646002524089,0.6809142472701782
api_gateway,33,2,0,3,0.056438219592059816,0.17719841122538946,0.35664805985430104
auth,7,1,0,2,0.05578538491301954,0.2691391398932809,0.05067865925363784
api_gateway,49,2,0,1,0.03690760711816912,0.015662154510448417,0.5126649004025674
payments,16,2,0,4,0.06844752308264435,0.36356709764858164,0.12785186804330284
auth,15,1,0,2,0.039796037644511485,0.15182216954001304,0.37519373559256897
auth,24,1,0,3,0.04585487714794001,0.14013692780794182,0.21904431333983462
payments,14,0,0,4,0.10311552914113009,0.21394910230350211,0.20527949290256836
api_gateway,45,0,0,1,0.027623306052610284,0.20588484763886053,0.27510587026200706
payments,25,1,0,3,0.10849954559909447,0.15398348905502288,0.17748465268911878
auth,11,0,0,0,0.09207648141223199,0.10296905249026544,0.31666275760092955
api_gateway,16,1,0,2,0.005116822697642132,0.23680874981625946,0.5606186784417918
database,24,1,0,2,0.06335171613294464,0.1462958084661057,0.2336696114990459
database,14,1,0,3,0.04937774873339695,0.15555246342108855,0.34685445805810816
payments,34,1,0,3,0.08111484469508143,0.2579625295459668,0.27196371584728074
auth,8,0,0,0,0.09410198226972342,0.23306429872749226,0.10705909386900055
api_gateway,48,2,0,1,0.024629620949275316,0.1125853964654629,0.793529304964372
database,26,0,0,4,0.06921151851502426,0.20119865952693425,0.46748501939183496
payments,36,0,0,4,0.0013748325275724726,0.23056222058145337,0.19990120634116598
api_gateway,35,0,0,3,0.005720885843816221,0.12210818568743095,0.12975158900945058
api_gateway,45,1,0,3,0.03229001028088971,0.0066372606483702246,0.11436698280936479
database,22,0,0,5,0.027805209807673422,0.1799221362650237,0.39612895301864526
api_gateway,23,1,0,1,0.03826161689697852,0.19163387364556173,0.6930988340489126
payments,37,3,0,3,0.05351557355238768,0.17893297066647512,0.5001984189480266
api_gateway,26,2,0,1,0.030067440900221003,0.16780251576757815,0.11591468443799527
auth,20,1,0,1,0.07292519731284146,0.20374662082188905,0.3316744966717067
database,12,0,0,4,0.050510024608332364,0.18335088184290016,0.39253744503797633
auth,20,1,0,0,0.057189896766037,0.2815399387853289,0.08660844107092455
payments,9,3,0,2,0.04541514114261375,0.0949017454628549,0.5901245425325111
auth,17,0,0,0,0.046889298550878394,0.17564100870686677,0.22395685601064855
api_gateway,38,0,0,0,0.07572126511607107,0.19478021560226433,0.3210583476371165
api_gateway,13,1,0,0,0.019332988553964904,0.016949447459021605,0.1404987596145138
payments,14,0,0,2,0.02374293840886471,0.047541031390494884,0.34326036540297206
api_gateway,32,2,0,0,0.013888919675256864,0.08022629924256452,0.7433714428088102
payments,9,3,0,5,0.08888522741472402,0.29138837822343683,0.09986414868013607
auth,18,0,0,1,0.03388818862486742,0.2780821988346118,0.1104324885825915
database,22,0,0,6,0.04422934556295026,0.24846492920475557,0.4160241417609815
payments,38,1,0,2,0.08887244908523946,0.3488424254986324,0.22298466471500789
api_gateway,24,1,0,3,0.0302642864960833,0.0656091409420769,0.6542588315485385
auth,17,0,0,3,0.09106777399183047,0.20773364437246408,0.21528841164802254
api_gateway,36,1,0,0,0.01952845042370112,0.04083182739046479,0.19283262571444976
database,20,0,0,6,0.06299066500410705,0.040637421949209426,0.2784247343733544
api_gateway,14,0,0,1,0.045407463370228,0.23431802636731733,0.1199410514499559
payments,17,0,0,5,0.1313044859851141,0.27470711823886784,0.3743787804279431
database,13,1,0,3,0.00600498510621164,0.2705747843989293,0.04905920420225743
database,22,0,0,1,0.0548609953408045,0.25934763805474076,0.19685184376948178
api_gateway,38,0,0,0,0.00528648306045854,0.08531616182229443,0.6118734628889921
payments,18,3,0,5,0.13064513997938138,0.2824929994127128,0.4284626319435805
auth,8,1,0,1,0.010888161603116576,0.13644893173159492,0.04979433699281345
api_gateway,35,1,0,3,0.0035552317755424222,0.20745350921655836,0.24675767191888853
payments,15,3,0,3,0.011271442976637985,0.04179295812313386,0.34975462864816725
api_gateway,28,1,0,1,0.006686425349217471,0.24668126641788687,0.3503908346312915
api_gateway,11,0,0,0,0.016693408853899312,0.2268914076845287,0.4238167325994122
database,11,1,0,2,0.05276591534974548,0.22515505811263792,0.232242227554501
payments,36,0,1,0,0.06639822723906497,0.10361405764133887,0.5013450663804702
database,15,1,0,0,0.04767766075102878,0.018307398728389983,0.17493972932295804
database,19,0,0,4,0.045081281536556786,0.1308772591599863,0.3248518813760783
payments,36,2,0,1,0.006549139306951279,0.03449966852158597,0.5044480324244195
auth,15,1,0,1,0.04799564934633127,0.17431149725137304,0.3057314468758616
auth,20,0,0,2,0.020644269212906897,0.2861717998281856,0.372282054019872
auth,24,1,0,3,0.09885246673259217,0.055542265512610656,0.26044300145753296
auth,4,0,0,0,0.019118303909731627,0.20958459180333625,0.13739295147063552
database,7,0,0,6,0.07421101744425493,0.1823069660153374,0.4148522935163679
database,29,1,0,1,0.04118826307688968,0.09503277893829117,0.45892006635613425
api_gateway,10,2,0,3,0.014369144364586842,0.13423332386525963,0.34395023938398667
auth,17,0,0,0,0.005462153648903823,0.13129570941732668,0.0426855001694854
database,20,0,0,4,0.026346992955752057,0.12213005769917801,0.0904984510707589
auth,9,1,0,2,0.025054605893112827,0.033557983903896735,0.18783053174326833
payments,5,0,0,1,0.1340959586193757,0.061063265816313494,0.20101477355306185
api_gateway,46,1,0,0,0.02535234958595747,0.12593889202254893,0.6592127120336091
auth,11,1,0,2,0.09645801858016528,0.09140890202588682,0.2845737394146577
auth,22,0,0,0,0.056434116787315074,0.2530914038537383,0.08060983725059218
api_gateway,12,0,0,3,0.017733487328189988,0.23353829603914564,0.7950193158857898
payments,21,2,0,3,0.14859641057582684,0.3152639152542826,0.07816349205468098
auth,15,0,0,2,0.085263223277154,0.21578141552076466,0.16516823837099204
database,15,1,0,2,0.03861219346503014,0.2731638140542294,0.10192897540537293
payments,10,0,0,1,0.06261724258446937,0.07226196083646812,0.27781030486755387
database,29,1,0,6,0.002194301501315685,0.07195675075972632,0.30715125752590694
payments,29,3,0,4,0.08721373423036306,0.008004689451509917,0.40286366256080486
database,23,1,0,3,0.013874429620444611,0.01815663709894708,0.2798429364352321
database,6,1,0,5,0.011960504789903759,0.24455896756548215,0.3437694592331981
auth,16,1,0,0,0.005688743835614907,0.022385716670612454,0.18909723980899348
payments,28,2,0,2,0.10377958622412665,0.09798140334638245,0.4781175878942663
auth,10,1,0,3,0.09082886234873289,0.23384650394146012,0.19785784337782605
api_gateway,22,2,0,1,0.010835609302490284,0.045070051365804054,0.46271644432500736
api_gateway,34,2,0,1,0.05049462844626688,0.03512939295160361,0.7190275612244428
database,26,0,0,3,0.05542685873140732,0.21909666301636244,0.3522730441636688
payments,5,3,0,4,0.1467398195294211,0.36089824923849256,0.05615961789063727
auth,21,0,0,1,0.09338934381498634,0.0028748063139466874,0.24037540685529918
api_gateway,36,0,0,2,0.05583923523367063,0.059487108328168586,0.7962692530109262
payments,11,2,0,0,0.10913689832024161,0.0793640404774251,0.48445160093656486
auth,3,1,0,3,0.04272471962317044,0.06710256361648166,0.2434233214087633
api_gateway,28,0,0,0,0.04482284975728846,0.23972325083851945,0.19083600406696466
auth,3,1,0,3,0.08973389655687687,0.10348862542776965,0.2263808955587552
api_gateway,44,2,0,2,0.009497256381428922,0.07928214627296623,0.5358376287371442
database,28,1,0,3,0.06465346487300314,0.0774353805442171,0.32219509625395854
api_gateway,10,2,0,1,0.05207549233351913,0.05424154455133473,0.3074369966579568
auth,8,1,0,1,0.07826207890770093,0.13930046208311564,0.2861265336188057
database,16,1,0,4,0.030648333347538567,0.3340966108718833,0.17998689986170194
auth,3,1,0,2,0.02824043288458643,0.17863664481235358,0.3331772025410503
api_gateway,42,1,0,2,0.015177902928250324,0.08248706035024095,0.33561752049602267
database,12,0,0,6,0.05780966999908321,0.014684099951720136,0.14605147290195983
api_gateway,11,2,0,0,0.04115009845058821,0.11895125620557306,0.6499970401121604
auth,8,1,0,1,0.0026057885985593,0.13733380537969195,0.2478652105018685
database,27,1,0,5,0.0668199763212987,0.2215527273862134,0.06843675978525282
auth,3,0,0,2,0.00910663559874726,0.21996587087442307,0.2695820253006469
api_gateway,35,0,0,2,0.015378035387199916,0.08303609785370245,0.4117431380163806
payments,17,3,0,2,0.11892600679102906,0.06575707373136566,0.48740787463847235
api_gateway,28,2,0,1,0.00816447129865539,0.23818617285388505,0.48115459825213236
api_gateway,14,1,0,0,0.07738573028181518,0.18534948404041945,0.48669540934674493
database,6,0,0,5,0.006126474509409103,0.33066491704823214,0.1854590785454839
payments,39,1,0,3,0.1310041676762157,0.21535367475857328,0.15761646259393833
database,23,0,0,3,0.017073154817351756,0.2333956658489398,0.28257235417624144
auth,13,1,0,3,0.04712233309037433,0.270500743689688,0.3891297129041329
database,14,1,0,2,0.01248839981099202,0.26398651457392064,0.13513023953528547
database,4,1,0,0,0.07289882906065184,0.10202679338410088,0.10595034337984771
api_gateway,41,2,0,2,0.009924115877850666,0.2494270170004767,0.6085697134967185
api_gateway,47,0,0,1,0.014406350093072912,0.021078147555617988,0.6250078228265437
api_gateway,47,0,0,2,0.05850995854876485,0.08593207551333273,0.3182912865907628
payments,37,2,0,0,0.02458803930704173,0.2645352455344851,0.5227402378861193
database,9,1,0,2,0.004010114585665292,0.1848374940912693,0.11753996008218451
api_gateway,13,2,0,0,0.07351722481461248,0.20132500687305424,0.2234097190839096
auth,19,0,0,3,0.0005212518476924944,0.1923644970705074,0.3316035010475402
api_gateway,32,0,0,0,0.022227674006259104,0.23295171114834673,0.396135406220269
database,17,0,0,0,0.05943228823059195,0.3127599365387039,0.14441536887997006
payments,12,1,0,4,0.12243417777942003,0.3888383972849244,0.2737752591466149
auth,18,1,0,2,0.07468481212961181,0.0350436950436368,0.2302916779298274
payments,7,1,0,1,0.10492918056038579,0.2747022881127636,0.33857862665141253
payments,24,0,0,5,0.06580075452045732,0.34816018524233483,0.265450269997148
payments,28,3,0,5,0.08153933623669381,0.03557180910200954,0.565225672237651
auth,7,1,0,2,0.012261922045743846,0.03475039750241092,0.03935782132616425
auth,4,1,0,2,0.09672546225249519,0.24547118610576893,0.09596850680552436
payments,7,1,0,1,0.0648174355202894,0.007183145500060384,0.10426155720304497
database,21,1,0,4,0.006306239768816093,0.08269114240612291,0.49136117181297423
payments,32,2,0,1,0.1400423066752641,0.3387132108675317,0.5939909560105375
payments,17,2,0,3,0.12553917492669356,0.21781251716180325,0.07312463784176958
api_gateway,10,2,0,2,0.04149654175045864,0.1733515344428838,0.2936525874520866
api_gateway,32,0,0,2,0.06417560567674586,0.056937348604930466,0.4241491522078109
api_gateway,39,1,0,1,0.05258734009430003,0.1247398181212139,0.628543104808064
auth,23,1,0,3,0.09739407666667818,0.10595203866291164,0.18423104392633605
payments,34,1,0,3,0.008564861766776455,0.3054461195846627,0.2431693608011684
payments,22,3,0,0,0.018283381812053846,0.043442960938597036,0.15208223517548825
api_gateway,14,2,0,2,0.0563732709988525,0.09194215541132722,0.7578895908165296
auth,16,0,0,3,0.03906406548043391,0.2852523102687334,0.2509686968488175
auth,17,1,0,1,0.08507306845860374,0.11223154048689195,0.3146500664443619
database,21,0,0,3,0.04539212655389635,0.2077081087096961,0.40831388395615065
payments,34,2,0,2,0.14226377333122392,0.16164393909718286,0.2921934756412887
auth,8,0,0,2,0.08270098816469236,0.0945197625782742,0.3564139180884638
payments,34,2,0,1,0.06118413551702856,0.040411298596503414,0.05845143790409782
api_gateway,13,1,0,0,0.0054599229787888875,0.2348536155610384,0.11148234507959488
api_gateway,32,1,0,2,0.060999138598145236,0.12699403081103422,0.31720180142956766
auth,3,0,0,0,0.08324780000319089,0.020631180591344344,0.35045942768268057
payments,25,2,0,0,0.06222702754523924,0.32294837591699577,0.27829297095428945
api_gateway,24,2,0,0,0.0652625280056889,0.043856865551041235,0.5356441297604293
payments,30,1,0,5,0.06910682570224132,0.18504770877349183,0.24275861127486031
auth,12,1,0,3,0.09246009904217127,0.11858653832088294,0.36709729005539726
auth,4,0,0,3,0.010475825953849806,0.27624197610234363,0.16424662814894322
database,5,1,0,2,0.04723930765238438,0.1415691008192214,0.059475685625436175
payments,28,3,0,5,0.12028709292541898,0.25148855481023286,0.27798645616459955
database,24,0,0,6,0.01873273160450866,0.03890827541157805,0.15340803102339318
database,12,1,0,1,0.046360595394750195,0.24678929146737033,0.1245786550660529
auth,21,0,0,1,0.08504522733622587,0.286170738338775,0.3546559389508611
payments,36,3,0,3,0.12367756046998937,0.1871032923830318,0.4376377098727026
auth,19,1,0,1,0.07470862093948251,0.1984044618935759,0.31952708530126295
database,24,0,0,2,0.0712848669802037,0.2577581248969302,0.19811337296095383
api_gateway,22,1,0,2,0.0021423659671283703,0.03571718171088928,0.1541517006131824
database,8,1,0,0,0.022664229055976187,0.18062141026522663,0.04090252842303945
payments,15,0,0,2,0.08032828741289454,0.23963973004110098,0.5040847698791766
database,16,1,0,5,0.046373513038210204,0.29318583651308294,0.28959025112228587
auth,16,0,0,3,0.0374653091653261,0.031556485463691504,0.39618636108101324
payments,14,1,0,0,0.017769255764172275,0.23643815221424563,0.22283283627472772
database,23,0,0,6,0.060981361802995765,0.03647138332580882,0.26948620555632574
database,13,1,0,0,0.07796489469894093,0.1156028081574625,0.27329387182587767
database,6,0,0,3,0.0011078108405105525,0.17702225626612164,0.4150895731907297
auth,8,1,0,2,0.022420981220884317,0.18901566064488853,0.19209725485268808
api_gateway,31,2,0,2,0.06233450295455763,0.08738178252492845,0.4861365076750429
api_gateway,13,1,0,3,0.01030952910100174,0.1188131215351067,0.3184452607804442
database,14,1,0,1,0.06246102101987225,0.012382725310661995,0.22806208359712032
payments,22,0,0,1,0.08696056724096579,0.20597179815699312,0.24769476440023153
database,6,1,0,1,0.010267964994681975,0.20286150074046333,0.15261330231230982
api_gateway,43,1,0,2,0.051738142741580985,0.08311936913532747,0.7877479209035468
database,29,1,0,1,0.01572347164287123,0.21703990425901884,0.09950524500495891
database,29,1,0,4,0.07809676846371463,0.3069557965661849,0.2896527174042893
auth,16,1,0,2,0.06409713241221375,0.2960326792156673,0.36250286198914483
payments,38,3,0,3,0.1452033258068608,0.019663409448571034,0.3113855896229602
api_gateway,47,1,0,3,0.0548915379229586,0.19411844293321706,0.5088401567942489
auth,5,1,0,3,0.08486686756187098,0.055892075452282176,0.357473883839167
auth,11,1,0,0,0.03917480876052118,0.17975912730633245,0.2543184435069775
payments,29,3,0,5,0.12049568602770502,0.3980637640800485,0.3500593992922668
api_gateway,11,0,0,3,0.05530912866019435,0.05526462009356978,0.16053599148202632
api_gateway,34,1,0,3,0.00851007547378666,0.18278951004954538,0.27794365091026885
auth,8,0,0,3,0.0718703949501973,0.1531186867560297,0.3999633614934157
auth,21,0,0,2,0.09719141301256846,0.11505452835309149,0.10979536913244314
payments,39,2,0,4,0.02901708420179062,0.28045645255343077,0.5886809302258187
database,16,1,0,3,0.05136425981247117,0.1032745793624542,0.43098292401424804
api_gateway,18,0,0,2,0.07583089304463882,0.054485965044059004,0.6489751715847784
database,24,0,0,3,0.07495869718687699,0.22947786057775313,0.26199436160841694
payments,20,2,0,2,0.0175206161600928,0.04984568308300848,0.5876977851027597
database,17,0,0,2,0.028584757552644016,0.07480932042126205,0.08538916511929018
auth,11,0,0,0,0.011464780302217648,0.29917052147627604,0.23627454108158055
auth,15,1,0,2,0.061135303077514185,0.09183118804728506,0.338120110672284
api_gateway,35,0,0,3,0.05188489938982793,0.022916603921328493,0.5675146369249123
database,21,1,0,1,0.07498092878311004,0.07689562309261422,0.06742622910290175
auth,4,1,0,2,0.026971700408253887,0.08591897352827355,0.3651014650894828
auth,3,0,0,1,0.0444829257597959,0.16646831285256278,0.34230913172142696
payments,29,1,0,2,0.04318192550022668,0.22137182446549097,0.518730088736751
payments,12,1,0,0,0.06498763984635418,0.2746601693416149,0.5924742632496071
database,21,0,0,5,0.0355068659842013,0.07777014457662969,0.3562227346329067
database,15,0,0,5,0.018835198378086417,0.24317618582868364,0.36592496237085514
api_gateway,19,2,0,2,0.04550105310761058,0.18909913663649489,0.1683753502073525
auth,14,1,0,3,0.020064368295719573,0.2065059598620685,0.21539601866169253
database,23,0,0,6,0.033535976791195944,0.33003249815200286,0.07364422566632896
database,26,0,0,1,0.00996836556955584,0.004861547238193802,0.06191483396985946
database,17,1,0,5,0.011326508153044337,0.05844045411651628,0.2778064150163642
database,6,0,0,2,0.05495106494688016,0.011239126757797868,0.2327266371760782
payments,10,3,0,0,0.03401379261007739,0.36804552532905155,0.32553311602237756
api_gateway,42,1,0,0,0.04484133140899625,0.14318379999762879,0.4529600304407668
payments,21,0,0,5,0.06236622014844772,0.16066125030575212,0.34154867330293315
database,16,1,0,0,0.02379352993832792,0.08227569369742983,0.16396685114474022
database,26,0,0,4,0.045809825855193206,0.08644614834998783,0.30488071748845064
auth,12,0,0,2,0.07867967090645761,0.09048106988914936,0.35033221006182624
api_gateway,34,2,0,3,0.020603197682568578,0.0736906820273538,0.7343781137386499
database,10,0,0,0,0.0053738269516007174,0.21254037187607241,0.24662114223191386
payments,8,0,0,2,0.03840317595922696,0.2864252213678233,0.2780410343180628
database,19,0,0,2,0.07768829951913274,0.022733351928767114,0.3881240176628359
database,21,1,0,1,0.03657843245858921,0.19913248976717804,0.04760654996887617
api_gateway,48,2,0,2,0.024345683287085907,0.11941835150361008,0.24344337862975288
auth,24,1,0,0,0.05746420706218391,0.12920207144473653,0.21884973482604164
auth,15,1,0,0,0.025396639831222215,0.2821463210907749,0.35716833568132267
database,9,0,0,4,0.07312693389635215,0.09560831154405192,0.08326992255717161
api_gateway,23,1,0,2,0.031385281797081985,0.02230145544386164,0.6993418832500421
auth,16,0,0,3,0.04632296374090289,0.14524927421760053,0.09885720791751935
payments,13,1,0,5,0.11546584610783783,0.18212736402477137,0.2351881178936434
payments,12,3,0,5,0.0172951635508574,0.22395326623079354,0.5971471661170747
database,22,1,0,5,0.07015634311863657,0.20066402627274157,0.45894991544360386
api_gateway,13,0,0,1,0.056887686293316045,0.09531159073430184,0.45011207145819176
api_gateway,22,0,0,3,0.06941424103493357,0.1539674463900772,0.7621499866600205
auth,5,0,0,2,0.008032310568953338,0.07485655727584568,0.329679653386574
database,24,1,0,5,0.020945377461374256,0.2824220537392428,0.39606820676296445
database,7,1,0,5,0.03096888442818866,0.11973116442023712,0.06067991340516418
database,17,0,0,4,0.015118016109663355,0.15357504898362231,0.4897093852192617
auth,14,1,0,1,0.06349950702209237,0.21584306795293937,0.040096430740709274
auth,18,1,0,0,0.09471165032363785,0.07391141958839455,0.05345873627772836
payments,22,0,0,0,0.09979092543553662,0.12471105872200879,0.44272988186050144
api_gateway,14,2,0,1,0.032623254619858745,0.24663444942092702,0.14357528855567125
auth,10,0,0,1,0.05022944086937836,0.2389801369495131,0.031333568758666254
auth,12,1,0,3,0.010150385830353548,0.055173615369847516,0.047518909756230646
database,27,0,0,5,0.01820893506926507,0.2428958994907079,0.43227796293134
auth,22,1,0,2,0.09090725263612946,0.2985093675018106,0.38402563396723377
auth,4,1,0,2,0.028554293786953344,0.10686806624681268,0.337276500614051
payments,14,3,0,5,0.09408876009539674,0.32240660184122766,0.5661541292185678
database,25,0,0,4,0.052831709095950606,0.06956336700900238,0.23918489697158382
api_gateway,28,1,0,0,0.06503364266852475,0.23173759286556259,0.7199640086462481
payments,29,0,0,0,0.05535265986167591,0.3782518710995988,0.17493199886032046
database,19,0,0,1,0.06669991447365466,0.22827798855512985,0.22675299228038392
auth,7,1,0,0,0.010671497186837554,0.2633007803555283,0.2478848589419126
payments,35,3,0,0,0.0850209157515699,0.1412019003887345,0.22025424317145792
api_gateway,11,2,0,2,0.02950788957781982,0.15566408325495143,0.3438242641410303
api_gateway,31,0,0,2,0.04897001137496777,0.03913994371700091,0.19223406931477666
api_gateway,32,2,0,2,0.0041206837169906856,0.13905520183122982,0.715860535304855
api_gateway,49,0,0,0,0.020164795210186732,0.19692976886866664,0.7911076791979825
payments,10,2,0,0,0.03865434722837695,0.33236899632874023,0.4305002223687779
api_gateway,32,1,0,1,0.04082312261380204,0.19162861428391703,0.7860754647500304
database,21,0,0,6,0.0706042290788081,0.238342097942627,0.22343207794173398
database,29,0,0,0,0.026130708822479455,0.04919596386938405,0.18279975646405786
payments,35,1,0,1,0.0689019015259234,0.10505344494642946,0.102935570127394
api_gateway,36,1,0,3,0.06509758267136785,0.12888686717087042,0.7377194350690871
auth,7,1,0,0,0.015467530312791267,0.24928685326695393,0.24522551635664167
payments,13,0,0,3,0.05259640371857203,0.2520138310169753,0.07879182174528133
api_gateway,9,0,0,0,0.05161127750484364,0.12538244259575226,0.5680833020126878
payments,27,3,0,5,0.09759097848781552,0.13211767018725365,0.08925185763915902
api_gateway,16,2,0,2,0.007554986783384497,0.1015404871274585,0.644225323053871
api_gateway,40,0,0,3,0.03970975575031663,0.24643869919699746,0.5667970487558113
database,8,0,0,0,0.0452518050700318,0.24638892838152593,0.3640524760092411
database,4,0,0,1,0.016902515079899993,0.23872688631789998,0.08637965458471641
payments,20,1,0,1,0.14700081947952254,0.013130199527696052,0.5600825600655193
database,11,1,0,3,0.06860469650901624,0.07197582820728839,0.04094622953513865
api_gateway,40,2,0,3,0.07658293583311089,0.05415389565178519,0.539917942007634
payments,25,3,0,5,0.12088587638001619,0.1467831327267981,0.4216607181909473
database,10,1,0,2,0.06875946319111825,0.06764422941610769,0.3734721426808095
api_gateway,28,1,0,0,0.07958388045945705,0.1436919736055134,0.5544318641369188
payments,22,1,0,5,0.13421213562469517,0.10601396725621899,0.5698146290384003
api_gateway,45,0,0,3,0.044348280380665114,0.03847833613853158,0.47380495392473077
payments,11,1,0,1,0.036264676121952236,0.11425063987343083,0.09728555440356637
auth,16,1,0,1,0.014764349263715882,0.0024356421110984573,0.14075448916006517
auth,20,1,0,0,0.021195909025797356,0.04471266275256225,0.1278076935588776
database,19,0,0,3,0.06467923633529075,0.3436280649916182,0.23898428007118624
api_gateway,46,2,0,3,0.023588396856787056,0.12793600314196613,0.4481715579593678
database,18,0,0,0,0.02450061411247235,0.00810122087436958,0.25384037047564445
payments,29,2,0,0,0.05501281146389101,0.3438662190665901,0.11460414003801118
auth,10,0,0,3,0.08434824928142859,0.03842355269546378,0.12335364208069607
database,20,1,0,3,0.05651269122204004,0.027345865028669532,0.37500407770139904
auth,23,0,0,3,0.07290376238201884,0.2996828885941553,0.2887316742740944
api_gateway,22,1,0,0,0.01681654616418763,0.025404727647944075,0.7112417788566833
payments,37,0,0,3,0.11449423679959224,0.34557432298398194,0.4240872007173832
database,8,1,0,1,0.07927457303572434,0.12907539396319517,0.3407835663246815
auth,15,1,0,1,0.06117379058424717,0.05590956927915518,0.06495903381621654
auth,11,1,0,1,0.010959787033512703,0.16413453249859064,0.10467325503317228
database,20,0,0,3,0.009505299781211774,0.06841030150345744,0.3131853691186572
api_gateway,37,1,0,3,0.0012082247631755205,0.0010268962290059247,0.5440958323592631
auth,15,1,0,1,0.07175368635126271,0.16515124223106534,0.15293979593622165
api_gateway,8,1,0,2,0.03797812387547673,0.055609038396681354,0.5775710530027144
database,4,0,0,5,0.06810015733074018,0.04221308817317068,0.2175819726163628
database,22,1,0,0,0.06380298084655013,0.20590075934242372,0.41789144619490126
payments,16,0,0,3,0.09678564668299974,0.22179564572846833,0.3611046853116337
api_gateway,25,0,0,1,0.011271709592798187,0.09662480633139267,0.7522364709536593
auth,11,1,0,1,0.024376949308272746,0.03253308532537856,0.22352529380750277
api_gateway,30,0,0,3,0.016301300762559992,0.010057444006522892,0.41363944318448154
api_gateway,27,2,0,2,0.04136787233539236,0.10644454625276403,0.5532994283942588
auth,3,1,0,0,0.05637176795476178,0.2376647711414324,0.3161880452500605
auth,17,0,0,2,0.023416868619664244,0.2670469087720183,0.3163425075177245
database,20,1,0,4,0.05145390362714736,0.17742623618859463,0.273959587695137
database,20,1,0,6,0.01299765092913919,0.12673926334330565,0.3527889922740921
api_gateway,45,1,0,1,0.04989162916041019,0.20022767429020552,0.31717664103287596
database,7,1,0,5,0.06402723261390739,0.34347205098050465,0.2771902854435349
database,14,1,0,3,0.028024244417037946,0.3051154854297682,0.44615566595645
payments,6,1,0,5,0.138928947962194,0.22281903447689366,0.5742110969050618
api_gateway,45,0,0,0,0.009835187010591735,0.19268800107784048,0.6645761487297599
database,4,1,0,3,0.07714823173121327,0.032915426591828736,0.40361540004163354
database,25,1,0,2,0.003045458491990374,0.13115259856731823,0.43931478916573313
api_gateway,10,0,0,1,0.05301218089798825,0.047582365843725466,0.2966589815450321
payments,29,1,1,0,0.048993285862201315,0.37454102312999416,0.38754170001982535
auth,3,0,0,1,0.0791532618666892,0.07923311705372273,0.36481981552737874
auth,20,0,0,3,0.035276846585695576,0.11067431200608603,0.1672086112997761
database,16,0,0,6,0.0678307533854053,0.1613729912233657,0.41950001334716025
database,9,0,0,5,0.015487878220389382,0.3225263044823029,0.22660886832468216
auth,21,1,0,3,0.05845060359833142,0.09567771462956683,0.12615546178642856
payments,33,3,0,5,0.14217848508804912,0.10203488896855926,0.16285055836733842
auth,5,1,0,2,0.0778577186933267,0.02942830987229443,0.03918873076760529
auth,23,0,0,3,0.019519381427592554,0.10427397130725005,0.24608709655110297
database,26,0,0,3,0.06146522383425773,0.11435504170562716,0.1036851643241101
api_gateway,24,0,0,3,0.0003304151310796577,0.2493787502292423,0.22269310262850228
payments,37,2,0,0,0.07870084600284334,0.16369982951415893,0.25257071014770244
payments,39,0,0,1,0.03384968745780826,0.1809293910537184,0.3438044404947405
api_gateway,38,2,0,0,0.06444676614824012,0.05598279901005329,0.6943575884608928
database,5,1,0,1,0.0063051711315227355,0.24704507165234166,0.16288386892699178
api_gateway,32,0,0,1,0.041379537213606724,0.11437275613335726,0.5002487104681165
auth,22,0,0,1,0.07310357583283109,0.0677586544866511,0.06353104158647951
database,24,0,0,4,0.03885079265049872,0.18160342192291962,0.10053855275544066
payments,21,1,0,1,0.10720534745733865,0.36431797220397955,0.41736355450065826
payments,14,3,0,1,0.11214777368474667,0.2635771175738971,0.5741588968222435
payments,9,2,0,4,0.07922665821345257,0.2614625905622482,0.317987258189998
api_gateway,38,1,0,1,0.0007464283888535306,0.09829387901759143,0.44750314564942373
api_gateway,18,1,0,1,0.04149625432980967,0.13380324944599914,0.7397178006579789
api_gateway,37,2,0,0,0.07579812932284678,0.04408356817279224,0.13769353413693775
payments,21,3,0,5,0.0692709722343028,0.2419800052590817,0.1487986045046774
payments,24,0,0,4,0.045714136919598865,0.23927297821680096,0.5590493792242229
auth,20,0,0,1,0.03502019253129684,0.2605881796438595,0.23420120161468394
api_gateway,19,2,0,3,0.026948039269692917,0.1855347097377401,0.12221168358929474
database,26,0,0,5,0.054643419766766885,0.05207170949653739,0.4074266664956945
auth,10,1,0,2,0.006322433925063365,0.008593779393076983,0.04794402649075713
database,28,1,0,2,0.07203516476786391,0.03650511304556711,0.39592613675691035
api_gateway,46,2,0,2,0.023824382373256594,0.2437947477778336,0.5229001055995759
payments,34,0,0,2,0.1300282819540599,0.26438952825987033,0.2204614500760415
payments,35,3,0,4,0.017690801231135023,0.3562666703567629,0.3772325965378086
database,28,1,0,1,0.026328742485018576,0.13843703862203716,0.16286129750076137
payments,8,0,0,1,0.07279001135139324,0.2834706879862028,0.12037246750587066
database,27,0,0,5,0.017827140419354796,0.21776950498627434,0.09700895582081062
api_gateway,27,2,0,3,0.05281794196435348,0.04052330050326533,0.4241849510173863
api_gateway,31,2,0,1,0.0518334222870521,0.07172063638468165,0.6383910254826034
database,18,0,0,2,0.0017544433948317017,0.2839851782557985,0.09718181765558531
payments,5,1,0,5,0.0499035269539005,0.2004189511177673,0.5016179943647484
auth,9,1,0,2,0.027887084899122307,0.2009396183323846,0.18181604222788703
database,23,1,0,1,0.05563028272047872,0.34498901590025877,0.34442198939386465
auth,9,0,0,3,0.07646496115903573,0.13473916976804728,0.3826350809200696
auth,9,0,0,0,0.0914188424133511,0.12244939947046646,0.30871238903858234
payments,25,1,0,1,0.09438287895124381,0.307667947809435,0.5091391709189672
auth,16,0,0,1,0.0024774126934383744,0.2883373205555152,0.09219953864626948
api_gateway,42,0,0,1,0.07349190472383588,0.18191753865068633,0.7374197895833399
auth,13,0,0,0,0.050874028943014196,0.16556398263559172,0.3259513836755613
payments,29,1,1,0,0.014418877759822722,0.32841277883857245,0.1558914534909767
payments,15,1,0,3,0.012455813671527965,0.23564749439209465,0.14746515890168171
auth,22,1,0,0,0.0833049631068991,0.2749238754301283,0.12636103636669593
api_gateway,49,0,0,2,0.07947449164210371,0.16513102764151324,0.49219827194269783
payments,30,2,0,2,0.07905114368723005,0.11526085431096122,0.08565882033240517
database,21,1,0,2,0.05098285174515519,0.08822077315434512,0.09923822751963307
payments,16,1,0,2,0.05690483973062799,0.20563227824770927,0.10851362297774253
auth,10,0,0,1,0.08941075983979475,0.21802681721947076,0.212365296431311
api_gateway,23,2,0,0,0.025895744240665382,0.24281384497322334,0.31136319948527647
payments,19,3,0,5,0.06570504850464702,0.07618279881201838,0.126803281615271
api_gateway,35,0,0,2,0.05117464525330674,0.01663659200995568,0.7807160283437068
database,14,0,0,5,0.06970847329424712,0.177981661064405,0.2908689362279158
api_gateway,26,1,0,3,0.013438559691270974,0.2150472445710345,0.46266083394061985
payments,13,2,0,3,0.08352275404174613,0.15118734225651367,0.348943908105768
api_gateway,20,2,0,1,0.07705214500845067,0.21553733185374466,0.33331757238093007
auth,20,0,0,3,0.06317361768234109,0.20120632939909833,0.3249267436149177
api_gateway,41,0,0,1,0.022044147356478208,0.24518823760107944,0.11298135739469807
auth,10,1,0,1,0.032235509340617634,0.1468774071166801,0.11276632296294423
auth,18,0,0,2,0.0876223293131641,0.16669042716149093,0.27945775934342965
payments,31,2,0,4,0.004176157689387943,0.26516250093782634,0.18981980598667852
auth,21,1,0,1,0.08206255930671946,0.21593617874048537,0.3384077898304252
auth,21,1,0,2,0.0771989070254691,0.07907234646041515,0.2014955794818585
payments,22,3,0,3,0.016986517745972977,0.167503596193062,0.47743865791307716
auth,17,1,0,3,0.06963758498705658,0.0809512814453633,0.14833929161802784
database,28,1,0,4,0.0672186383638102,0.3264558799283205,0.4031687933406371
api_gateway,48,0,0,2,0.07789295470126795,0.016304426362896085,0.6736456528995405
auth,8,0,0,0,0.08156217710403868,0.2716052706981111,0.19214417298316697
api_gateway,17,0,0,2,0.06240687667339812,0.2361877171059654,0.4240840420412363
payments,25,2,0,5,0.12076400651992893,0.29289516563691503,0.05484815831195995
auth,16,0,0,3,0.03600209378545035,0.045678039033562996,0.14778032883081887
auth,12,1,0,3,0.05964561063072833,0.20481635332059087,0.08218884079598751
auth,21,0,0,0,0.0878216310274203,0.2967306043617959,0.11094885243719665
payments,6,1,0,5,0.05135011236914861,0.31306062512915067,0.06164009769012105
api_gateway,8,2,0,1,0.041675604795331486,0.06350336602523052,0.2870100404025999
payments,36,3,0,0,0.026357286875523876,0.07953141211459198,0.32829083103638484
api_gateway,28,1,0,1,0.016654866065089664,0.14762732513061522,0.13914992050606362
payments,13,1,0,1,0.14696015021607894,0.3687822520531001,0.3929292954759221
database,26,1,0,1,0.03535139935733204,0.2649139069881086,0.22907122430608065
auth,13,1,0,2,0.0805270597207251,0.07094519577682626,0.3484964452329188
auth,18,0,0,2,0.08838572635999593,0.07115030438957894,0.25498304556289114
api_gateway,40,2,0,1,0.07583474448453044,0.10847332047732014,0.2161537497835972
payments,32,2,0,3,0.005634934431597088,0.29774728172159626,0.4416348817750439
payments,6,0,0,5,0.10933057642328936,0.10791842315694566,0.19984554260985737
payments,22,0,0,3,0.12065616212065508,0.2411230129067038,0.560519237606177
auth,14,1,0,1,0.09276142351480565,0.12961281405794292,0.16241875636850503
api_gateway,37,1,0,0,0.05278213411533434,0.1888455303266417,0.3726773331227089
auth,8,0,0,3,0.06779980152425845,0.1918805245539348,0.2178604566845281
api_gateway,48,0,0,1,0.055587421226913694,0.15197448888738666,0.5492843737556237
auth,23,0,0,3,0.047870168189035014,0.015889921682913033,0.2712366159303663
payments,22,0,0,3,0.04534150507446728,0.10655105657200954,0.5533469854526287
payments,10,1,0,1,0.10927409007711603,0.3801519005928373,0.331212660435319
api_gateway,30,2,0,2,0.003007047325685459,0.0554227835734972,0.7692738690684555
auth,22,1,0,0,0.0030868132542461015,0.2646808549708504,0.38996239018410506
database,26,0,0,3,0.06023848591809574,0.10425257052878094,0.16774703327785317
api_gateway,29,2,0,3,0.05849096995204957,0.07525305233423912,0.41230953490698996
database,20,0,0,3,0.07206988740297414,0.09623795430209388,0.4203833682328209
auth,6,1,0,0,0.08019462757417754,0.0743060635339804,0.2860789971911494
database,13,1,0,2,0.041557809348746054,0.16199478996201488,0.2674930874447047
payments,22,0,0,2,0.029068369503503225,0.3769203751604827,0.22255439236455965
api_gateway,19,2,0,0,0.010963754461773112,0.21631761820478665,0.3789697686984712
database,10,1,0,2,0.0657626037473892,0.13627640757422463,0.1958909748001726
database,18,0,0,2,0.04804787058173361,0.08432395736505233,0.4927398266997958
auth,6,0,0,2,0.09682983146601692,0.018615315790629826,0.11943408087378765
api_gateway,10,1,0,0,0.04155076008148311,0.03728455438936787,0.31722494144449304
api_gateway,17,0,0,0,0.016273772462115872,0.047705863444861246,0.4639355744916094
database,19,0,0,2,0.01764991266482034,0.061123602658111516,0.2678542595921434
auth,12,1,0,0,0.08349740733648903,0.05489931498062965,0.12009731647328004
payments,35,3,0,3,0.062410600561302924,0.29291622697027847,0.053146512348080543
api_gateway,34,1,0,1,0.06986341321602517,0.15067510111873755,0.7200614131751291
payments,26,1,0,4,0.14161421788955467,0.1902816312756225,0.23684299910984635
payments,5,2,0,4,0.13925588279711876,0.043184979244334225,0.2877836449332659
api_gateway,17,1,0,3,0.03335246863512601,0.08437539458188337,0.11968642859254136
auth,20,1,0,0,0.03690146993459455,0.23095740170366805,0.2936413781560395
auth,4,0,0,3,0.0899366528920927,0.0825230355413769,0.36721597861869504
auth,8,1,0,3,0.05163165616611701,0.2794595404228737,0.14433992066955964
api_gateway,38,0,0,1,0.019610914900181513,0.19554579006173037,0.5830651854362005
database,23,0,0,0,0.04997881616983702,0.06759453533795194,0.2438009335380747
database,23,0,0,4,0.0026663035981004768,0.20040681992256026,0.041349666589231206
database,6,0,0,0,0.0538825007919325,0.08696261164599536,0.254864143431896
payments,23,0,0,5,0.08052887197539275,0.09994698610317175,0.5291528754926748
api_gateway,33,2,0,0,0.008341004762751637,0.14493545573214223,0.6005244900366126
database,5,0,0,4,0.033705775870995554,0.015260127861550687,0.4773533141689836
auth,8,1,0,1,0.0028864839458030756,0.205120463346428,0.17978788957453337
auth,20,1,0,1,0.08053576701617758,0.09685798325083575,0.053197386387962106
database,29,0,0,0,0.06255740504565269,0.23439466569006337,0.19373496324238218
database,15,0,0,3,0.06299405914705467,0.11193043608179598,0.41947916853965045
database,13,1,0,2,0.014393135728855855,0.12359657630019434,0.25647467379056377
payments,12,0,0,0,0.0280158792346694,0.21014419272779922,0.12584435195168367
api_gateway,40,1,0,2,0.02408230229343298,0.05365198843494828,0.4892435586659831
api_gateway,43,2,0,3,0.0727438995532023,0.0754809044362659,0.76604973245564
